LoanID,DisbursedAmount,TermMonths,InterestRate,AnnualTurnover,DSCR,BureauScore,Sector,CollateralValue,PastDelinquencies,YearsInBusiness,LoanPurpose,State,ProprietorGender,MonthsOnBook,Defaulted
MSME100000,1461000.0,36,13.6,2503000.0,2.17,795,Construction,2187000.0,0,3.5,Bridge a seasonal cash crunch ahead of festival demand,Punjab,Male,42,0
MSME100001,348000.0,24,9.14,1130000.0,1.18,602,Manufacturing,383000.0,0,1.2,Expand textile weaving unit with additional looms,Gujarat,Male,12,0
MSME100002,210000.0,60,13.73,558000.0,1.34,669,Textiles,57000.0,0,7.2,Working capital for raw material procurement,Kerala,Male,37,0
MSME100003,824000.0,36,15.29,4073000.0,1.82,709,Manufacturing,385000.0,0,3.0,Refinance existing high-interest debt and consolidate dues,West Bengal,Male,33,1
MSME100004,386000.0,36,12.24,585000.0,1.56,660,Construction,86000.0,0,4.5,Working capital for raw material procurement,Tamil Nadu,Male,30,1
MSME100005,1147000.0,36,18.97,4948000.0,1.52,774,Retail Trade,1881000.0,1,0.7,Upgrade delivery fleet and cold-storage units,Uttar Pradesh,Male,49,0
MSME100006,566000.0,24,11.35,2538000.0,0.33,611,Manufacturing,614000.0,1,9.9,Expand textile weaving unit with additional looms,Kerala,Male,12,1
MSME100007,315000.0,24,12.61,1246000.0,1.66,626,Retail Trade,315000.0,1,6.4,Working capital for raw material procurement,Karnataka,Female,5,0
MSME100008,638000.0,12,18.51,1397000.0,1.82,759,Retail Trade,892000.0,1,1.4,Refinance existing high-interest debt and consolidate dues,Maharashtra,Female,2,0
MSME100009,237000.0,12,17.58,436000.0,1.55,627,Textiles,347000.0,0,8.9,Emergency funds after delayed receivables from buyers,Gujarat,Male,11,0
MSME100010,785000.0,36,14.96,3282000.0,1.03,719,Manufacturing,305000.0,0,0.5,Refinance existing high-interest debt and consolidate dues,Punjab,Female,47,0
MSME100011,237000.0,36,8.0,701000.0,2.74,680,Construction,229000.0,1,12.5,Open a second retail outlet in the district,Gujarat,Male,3,0
MSME100012,275000.0,36,12.19,1147000.0,1.06,676,Retail Trade,144000.0,0,2.1,Expand textile weaving unit with additional looms,Kerala,Male,33,0
MSME100013,310000.0,48,15.83,1237000.0,1.74,807,Retail Trade,64000.0,1,1.8,Working capital for raw material procurement,Kerala,Male,14,0
MSME100014,369000.0,60,15.14,1370000.0,2.21,564,Agriculture,636000.0,1,1.9,Refinance existing high-interest debt and consolidate dues,Maharashtra,Female,45,0
MSME100015,486000.0,60,11.44,1143000.0,2.75,781,Construction,279000.0,0,3.3,Purchase of new machinery to expand production capacity,Tamil Nadu,Male,43,0
MSME100016,239000.0,48,12.65,768000.0,2.19,724,Manufacturing,392000.0,1,2.4,Purchase of new machinery to expand production capacity,Karnataka,Male,10,0
MSME100017,387000.0,60,14.07,1140000.0,0.65,604,Retail Trade,216000.0,1,0.5,Upgrade delivery fleet and cold-storage units,Gujarat,Male,53,1
MSME100018,158000.0,84,15.41,842000.0,1.87,646,IT Services,200000.0,1,5.9,Refinance existing high-interest debt and consolidate dues,Uttar Pradesh,Female,28,0
MSME100019,3178000.0,84,10.69,8902000.0,0.59,649,IT Services,2132000.0,0,1.0,Working capital for raw material procurement,Tamil Nadu,Female,50,0
MSME100020,1612000.0,12,15.38,7070000.0,1.06,616,Food Processing,2437000.0,0,2.6,Working capital for raw material procurement,Karnataka,Male,32,0
MSME100021,442000.0,36,8.71,1246000.0,0.39,634,Logistics,182000.0,2,2.6,Working capital for raw material procurement,West Bengal,Male,43,1
MSME100022,345000.0,24,16.58,2042000.0,2.03,709,Logistics,487000.0,0,5.0,Expand textile weaving unit with additional looms,Gujarat,Female,25,0
MSME100023,421000.0,24,13.65,690000.0,1.34,541,Food Processing,119000.0,2,5.1,Expand textile weaving unit with additional looms,Uttar Pradesh,Female,55,1
MSME100024,645000.0,36,9.94,2774000.0,1.76,807,Logistics,1135000.0,0,1.7,Emergency funds after delayed receivables from buyers,West Bengal,Male,29,0
MSME100025,183000.0,36,11.58,285000.0,1.55,571,Agriculture,232000.0,2,1.6,Working capital for raw material procurement,West Bengal,Male,25,0
MSME100026,634000.0,84,15.31,1121000.0,1.8,585,Logistics,1099000.0,0,4.4,Purchase of new machinery to expand production capacity,Punjab,Female,6,0
MSME100027,379000.0,48,14.72,1249000.0,0.63,541,Retail Trade,444000.0,1,5.9,Upgrade delivery fleet and cold-storage units,Tamil Nadu,Male,58,1
MSME100028,1091000.0,24,16.36,5872000.0,1.0,688,IT Services,1037000.0,1,2.6,Emergency funds after delayed receivables from buyers,West Bengal,Female,30,0
MSME100029,442000.0,48,16.04,1776000.0,1.39,689,IT Services,761000.0,1,1.3,Open a second retail outlet in the district,Tamil Nadu,Male,55,0
MSME100030,184000.0,48,8.0,417000.0,1.52,616,Retail Trade,56000.0,1,2.5,Refinance existing high-interest debt and consolidate dues,Karnataka,Male,59,0
MSME100031,325000.0,48,13.64,935000.0,1.52,748,Retail Trade,434000.0,0,3.5,Working capital for raw material procurement,Maharashtra,Female,7,0
MSME100032,545000.0,48,12.88,1357000.0,1.22,754,Retail Trade,547000.0,0,6.7,Bridge a seasonal cash crunch ahead of festival demand,Karnataka,Female,17,0
MSME100033,953000.0,36,9.56,3927000.0,1.02,811,Manufacturing,768000.0,1,3.4,Working capital for raw material procurement,Maharashtra,Male,25,0
MSME100034,644000.0,60,15.82,3711000.0,3.5,710,Construction,484000.0,1,4.8,Refinance existing high-interest debt and consolidate dues,Uttar Pradesh,Male,5,0
MSME100035,907000.0,60,19.09,4058000.0,0.65,747,Construction,1055000.0,0,10.4,Emergency funds after delayed receivables from buyers,Punjab,Male,5,0
MSME100036,526000.0,84,12.95,3036000.0,0.53,715,Textiles,212000.0,0,3.2,Emergency funds after delayed receivables from buyers,Maharashtra,Male,9,1
MSME100037,1246000.0,36,12.58,2761000.0,1.84,752,Manufacturing,1440000.0,0,0.8,Refinance existing high-interest debt and consolidate dues,Maharashtra,Male,8,0
MSME100038,269000.0,36,10.88,425000.0,1.29,712,Construction,463000.0,1,2.8,Expand textile weaving unit with additional looms,Karnataka,Female,36,0
MSME100039,393000.0,60,9.24,1467000.0,2.08,703,Logistics,596000.0,0,0.9,Bridge a seasonal cash crunch ahead of festival demand,Karnataka,Female,45,0
MSME100040,264000.0,24,12.24,798000.0,2.56,586,Retail Trade,135000.0,1,12.4,Bridge a seasonal cash crunch ahead of festival demand,Uttar Pradesh,Male,18,0
MSME100041,283000.0,12,15.71,1066000.0,0.75,790,Agriculture,461000.0,1,7.4,Purchase of new machinery to expand production capacity,Tamil Nadu,Male,28,0
MSME100042,349000.0,48,14.44,571000.0,1.14,816,Logistics,395000.0,0,7.7,Refinance existing high-interest debt and consolidate dues,Karnataka,Male,26,0
MSME100043,472000.0,84,13.86,2190000.0,1.26,743,Food Processing,132000.0,0,1.7,Refinance existing high-interest debt and consolidate dues,Punjab,Male,11,0
MSME100044,254000.0,24,12.5,524000.0,2.34,620,Textiles,149000.0,2,5.7,Expand textile weaving unit with additional looms,Uttar Pradesh,Male,10,0
MSME100045,725000.0,60,17.44,1967000.0,2.16,733,Food Processing,524000.0,0,3.2,Purchase of new machinery to expand production capacity,West Bengal,Male,31,0
MSME100046,201000.0,36,12.93,1164000.0,1.14,724,Agriculture,68000.0,2,3.4,Emergency funds after delayed receivables from buyers,Uttar Pradesh,Female,53,0
MSME100047,1108000.0,48,9.42,4091000.0,1.06,688,Textiles,755000.0,2,6.1,Purchase of new machinery to expand production capacity,Kerala,Female,24,0
MSME100048,702000.0,12,9.81,2706000.0,1.2,600,Retail Trade,405000.0,0,5.6,Upgrade delivery fleet and cold-storage units,Kerala,Male,39,1
MSME100049,199000.0,84,14.43,345000.0,1.85,652,Manufacturing,43000.0,0,0.4,Refinance existing high-interest debt and consolidate dues,Kerala,Female,45,1
MSME100050,1173000.0,36,8.61,2237000.0,0.66,745,Manufacturing,1110000.0,0,1.5,Refinance existing high-interest debt and consolidate dues,Gujarat,Female,28,0
MSME100051,639000.0,12,16.08,1379000.0,1.89,591,Construction,439000.0,1,5.8,Purchase of new machinery to expand production capacity,Kerala,Male,59,0
MSME100052,852000.0,60,11.53,2304000.0,1.23,701,Retail Trade,930000.0,0,5.9,Working capital for raw material procurement,Uttar Pradesh,Female,58,0
MSME100053,192000.0,84,12.75,1085000.0,1.05,578,Manufacturing,121000.0,0,1.1,Working capital for raw material procurement,Gujarat,Female,14,0
MSME100054,173000.0,84,10.28,737000.0,2.18,672,Logistics,253000.0,0,6.1,Working capital for raw material procurement,Maharashtra,Male,54,0
MSME100055,1396000.0,36,8.0,6780000.0,1.36,610,Manufacturing,1418000.0,0,2.6,Working capital for raw material procurement,Gujarat,Male,44,0
MSME100056,755000.0,36,11.94,3292000.0,1.14,572,Food Processing,660000.0,1,5.5,Refinance existing high-interest debt and consolidate dues,Maharashtra,Female,10,1
MSME100057,511000.0,24,11.06,1303000.0,1.6,699,Food Processing,844000.0,0,8.3,Refinance existing high-interest debt and consolidate dues,Tamil Nadu,Female,36,0
MSME100058,2686000.0,36,10.27,6123000.0,2.24,703,Logistics,4348000.0,1,6.1,Expand textile weaving unit with additional looms,Uttar Pradesh,Male,11,0
MSME100059,274000.0,36,15.84,950000.0,1.58,691,IT Services,308000.0,0,7.2,Refinance existing high-interest debt and consolidate dues,Karnataka,Male,26,0
MSME100060,281000.0,48,13.0,1352000.0,1.83,820,Construction,411000.0,0,5.6,Expand textile weaving unit with additional looms,West Bengal,Male,50,0
MSME100061,188000.0,48,14.61,380000.0,0.97,642,Manufacturing,330000.0,1,0.5,Working capital for raw material procurement,Uttar Pradesh,Male,20,1
MSME100062,818000.0,48,13.33,3245000.0,1.11,676,Manufacturing,1434000.0,1,3.3,Expand textile weaving unit with additional looms,Uttar Pradesh,Female,6,0
MSME100063,883000.0,36,17.91,1479000.0,0.62,667,Manufacturing,672000.0,0,4.6,Emergency funds after delayed receivables from buyers,Uttar Pradesh,Male,35,0
MSME100064,595000.0,60,13.62,1719000.0,1.5,631,Retail Trade,668000.0,0,9.1,Emergency funds after delayed receivables from buyers,Tamil Nadu,Male,34,0
MSME100065,2449000.0,24,15.12,12985000.0,1.33,741,Manufacturing,1159000.0,1,15.0,Purchase of new machinery to expand production capacity,Gujarat,Male,52,0
MSME100066,504000.0,84,10.72,1329000.0,1.66,703,IT Services,781000.0,0,7.2,Working capital for raw material procurement,Karnataka,Male,58,0
MSME100067,516000.0,24,12.11,1477000.0,1.28,793,Retail Trade,606000.0,1,3.0,Bridge a seasonal cash crunch ahead of festival demand,Gujarat,Male,41,0
MSME100068,413000.0,48,15.23,1481000.0,1.32,642,Textiles,408000.0,0,4.3,Working capital for raw material procurement,Gujarat,Female,25,0
MSME100069,1785000.0,24,10.12,8824000.0,1.11,691,Food Processing,1958000.0,0,1.3,Working capital for raw material procurement,Punjab,Male,47,1
MSME100070,988000.0,24,13.82,1836000.0,1.09,737,Construction,368000.0,2,3.8,Upgrade delivery fleet and cold-storage units,West Bengal,Male,29,0
MSME100071,841000.0,36,15.77,1727000.0,0.64,632,Manufacturing,1425000.0,1,6.4,Bridge a seasonal cash crunch ahead of festival demand,Punjab,Male,43,1
MSME100072,936000.0,12,13.97,3733000.0,0.83,691,Logistics,328000.0,0,4.1,Bridge a seasonal cash crunch ahead of festival demand,Uttar Pradesh,Male,49,0
MSME100073,239000.0,60,14.23,787000.0,0.51,701,Retail Trade,305000.0,0,4.4,Upgrade delivery fleet and cold-storage units,Punjab,Male,20,0
MSME100074,675000.0,12,15.04,1547000.0,1.18,739,Logistics,1082000.0,0,0.7,Refinance existing high-interest debt and consolidate dues,West Bengal,Female,23,0
MSME100075,989000.0,24,15.96,1652000.0,1.64,773,Logistics,1117000.0,1,5.1,Emergency funds after delayed receivables from buyers,Punjab,Male,54,0
MSME100076,381000.0,48,12.4,908000.0,2.4,702,Manufacturing,89000.0,0,4.5,Upgrade delivery fleet and cold-storage units,Tamil Nadu,Female,57,0
MSME100077,489000.0,60,10.39,1874000.0,1.51,672,Retail Trade,457000.0,1,3.8,Purchase of new machinery to expand production capacity,Karnataka,Male,2,1
MSME100078,872000.0,36,14.9,4631000.0,1.74,697,Retail Trade,601000.0,1,0.9,Emergency funds after delayed receivables from buyers,Gujarat,Female,10,1
MSME100079,965000.0,36,11.63,5028000.0,1.17,772,Manufacturing,1064000.0,2,4.1,Emergency funds after delayed receivables from buyers,Punjab,Male,33,0
MSME100080,332000.0,60,12.44,596000.0,1.79,651,Retail Trade,189000.0,0,0.9,Open a second retail outlet in the district,West Bengal,Male,23,0
MSME100081,368000.0,84,14.9,918000.0,0.91,740,Logistics,226000.0,1,3.0,Bridge a seasonal cash crunch ahead of festival demand,Kerala,Male,39,0
MSME100082,414000.0,48,12.52,946000.0,1.33,713,Construction,253000.0,1,15.0,Upgrade delivery fleet and cold-storage units,Tamil Nadu,Male,31,0
MSME100083,1608000.0,48,10.7,4042000.0,0.8,722,Retail Trade,2862000.0,1,5.1,Bridge a seasonal cash crunch ahead of festival demand,Uttar Pradesh,Male,56,0
MSME100084,1233000.0,60,15.55,4236000.0,2.84,772,Logistics,986000.0,1,4.8,Refinance existing high-interest debt and consolidate dues,Tamil Nadu,Male,38,0
MSME100085,610000.0,12,19.27,3292000.0,1.44,689,Manufacturing,611000.0,1,6.5,Refinance existing high-interest debt and consolidate dues,Karnataka,Male,39,0
MSME100086,124000.0,36,13.98,717000.0,0.98,748,Food Processing,152000.0,1,8.1,Working capital for raw material procurement,Maharashtra,Male,6,0
MSME100087,1242000.0,24,15.52,2942000.0,2.38,781,IT Services,286000.0,0,14.1,Purchase of new machinery to expand production capacity,West Bengal,Male,19,0
MSME100088,1474000.0,36,14.03,2656000.0,0.69,777,Manufacturing,1040000.0,0,4.4,Refinance existing high-interest debt and consolidate dues,Maharashtra,Male,52,0
MSME100089,171000.0,24,10.31,448000.0,0.96,736,Retail Trade,78000.0,0,4.8,Upgrade delivery fleet and cold-storage units,Maharashtra,Male,1,0
MSME100090,206000.0,12,17.05,1105000.0,1.79,696,Construction,261000.0,0,14.1,Purchase of new machinery to expand production capacity,West Bengal,Female,31,0
MSME100091,850000.0,84,13.93,3557000.0,0.91,699,Construction,282000.0,0,4.4,Purchase of new machinery to expand production capacity,Karnataka,Female,19,0
MSME100092,2132000.0,24,14.82,12738000.0,1.41,660,Retail Trade,3314000.0,1,1.1,Refinance existing high-interest debt and consolidate dues,Kerala,Female,56,0
MSME100093,232000.0,24,18.44,1067000.0,1.74,682,Food Processing,84000.0,1,6.8,Expand textile weaving unit with additional looms,West Bengal,Male,17,0
MSME100094,928000.0,60,10.62,4745000.0,0.43,764,Textiles,1055000.0,0,3.5,Working capital for raw material procurement,Tamil Nadu,Female,29,0
MSME100095,673000.0,60,14.03,2673000.0,1.16,721,Manufacturing,290000.0,0,6.0,Working capital for raw material procurement,Tamil Nadu,Female,53,1
MSME100096,260000.0,12,11.38,398000.0,2.81,622,Agriculture,94000.0,1,2.0,Refinance existing high-interest debt and consolidate dues,Maharashtra,Male,18,1
MSME100097,564000.0,84,18.5,2722000.0,2.53,745,Manufacturing,771000.0,2,8.5,Emergency funds after delayed receivables from buyers,Tamil Nadu,Male,38,0
MSME100098,707000.0,24,14.23,1674000.0,1.78,675,Food Processing,388000.0,1,4.9,Upgrade delivery fleet and cold-storage units,Punjab,Male,40,0
MSME100099,622000.0,48,12.62,2011000.0,1.92,695,Retail Trade,862000.0,2,6.7,Upgrade delivery fleet and cold-storage units,Kerala,Female,1,0
MSME100100,521000.0,36,11.34,2785000.0,0.79,652,Retail Trade,314000.0,1,4.9,Upgrade delivery fleet and cold-storage units,Gujarat,Male,5,1
MSME100101,1724000.0,36,11.29,3731000.0,2.09,689,Retail Trade,1555000.0,1,11.5,Refinance existing high-interest debt and consolidate dues,Tamil Nadu,Male,13,0
MSME100102,381000.0,48,13.65,862000.0,0.3,660,Construction,473000.0,2,4.7,Purchase of new machinery to expand production capacity,Punjab,Male,30,1
MSME100103,275000.0,36,11.82,1252000.0,3.46,799,Logistics,258000.0,0,8.1,Working capital for raw material procurement,Karnataka,Male,31,0
MSME100104,821000.0,24,15.41,3442000.0,1.39,641,Logistics,276000.0,1,4.3,Bridge a seasonal cash crunch ahead of festival demand,West Bengal,Male,52,0
MSME100105,256000.0,24,14.11,819000.0,1.8,640,Construction,420000.0,0,1.6,Expand textile weaving unit with additional looms,Punjab,Male,44,0
MSME100106,447000.0,24,12.34,1800000.0,0.79,636,Textiles,289000.0,1,1.1,Purchase of new machinery to expand production capacity,Maharashtra,Female,54,1
MSME100107,767000.0,12,9.75,3619000.0,1.78,774,Logistics,702000.0,4,4.4,Expand textile weaving unit with additional looms,Gujarat,Female,23,0
MSME100108,1263000.0,36,14.64,2627000.0,2.0,666,IT Services,1638000.0,1,1.5,Upgrade delivery fleet and cold-storage units,Karnataka,Male,54,0
MSME100109,399000.0,84,8.74,1746000.0,0.56,709,IT Services,150000.0,1,0.1,Purchase of new machinery to expand production capacity,Tamil Nadu,Male,19,1
MSME100110,426000.0,48,18.21,2179000.0,0.45,762,Construction,124000.0,1,6.7,Emergency funds after delayed receivables from buyers,Karnataka,Male,29,1
MSME100111,355000.0,84,10.99,2088000.0,3.09,618,Textiles,189000.0,1,3.1,Bridge a seasonal cash crunch ahead of festival demand,Punjab,Male,58,0
MSME100112,347000.0,36,15.72,603000.0,2.78,724,Construction,337000.0,2,9.0,Emergency funds after delayed receivables from buyers,Uttar Pradesh,Female,23,0
MSME100113,201000.0,36,16.04,1015000.0,1.44,711,Logistics,54000.0,2,1.9,Open a second retail outlet in the district,Maharashtra,Male,10,1
MSME100114,374000.0,60,15.8,1431000.0,0.95,620,Retail Trade,163000.0,1,3.3,Bridge a seasonal cash crunch ahead of festival demand,Kerala,Female,46,1
MSME100115,951000.0,36,10.38,2619000.0,0.69,653,Textiles,338000.0,1,5.0,Refinance existing high-interest debt and consolidate dues,West Bengal,Male,36,1
MSME100116,452000.0,12,17.11,2526000.0,0.97,657,Manufacturing,213000.0,1,1.6,Emergency funds after delayed receivables from buyers,Kerala,Male,44,1
MSME100117,389000.0,24,14.03,2086000.0,1.7,642,Agriculture,287000.0,0,1.7,Working capital for raw material procurement,Punjab,Female,9,0
MSME100118,285000.0,36,9.8,952000.0,1.0,699,Logistics,169000.0,0,2.5,Bridge a seasonal cash crunch ahead of festival demand,West Bengal,Male,22,0
MSME100119,173000.0,36,18.3,267000.0,2.01,587,Retail Trade,39000.0,0,2.7,Refinance existing high-interest debt and consolidate dues,Kerala,Male,49,1
MSME100120,697000.0,12,19.12,3220000.0,0.79,701,IT Services,1249000.0,0,3.2,Open a second retail outlet in the district,Gujarat,Male,2,0
MSME100121,216000.0,48,11.61,1123000.0,2.36,557,Construction,336000.0,1,1.7,Bridge a seasonal cash crunch ahead of festival demand,Maharashtra,Male,36,0
MSME100122,483000.0,24,18.02,2696000.0,1.61,708,Logistics,794000.0,0,1.3,Emergency funds after delayed receivables from buyers,Gujarat,Male,52,0
MSME100123,1022000.0,36,14.2,3051000.0,1.37,832,Retail Trade,314000.0,0,5.7,Expand textile weaving unit with additional looms,Uttar Pradesh,Male,16,0
MSME100124,521000.0,12,11.41,2396000.0,2.19,688,Manufacturing,369000.0,0,2.3,Bridge a seasonal cash crunch ahead of festival demand,Punjab,Male,2,0
MSME100125,1448000.0,84,16.25,5074000.0,1.52,660,Retail Trade,1832000.0,1,2.2,Open a second retail outlet in the district,Uttar Pradesh,Male,40,0
MSME100126,281000.0,48,13.55,1013000.0,2.05,612,Retail Trade,269000.0,0,4.0,Working capital for raw material procurement,Punjab,Male,8,0
MSME100127,408000.0,48,12.0,1374000.0,2.74,677,Retail Trade,631000.0,1,5.2,Emergency funds after delayed receivables from buyers,Kerala,Female,54,0
MSME100128,735000.0,36,17.37,2704000.0,0.81,741,Construction,951000.0,0,2.0,Working capital for raw material procurement,West Bengal,Male,13,1
MSME100129,1028000.0,84,11.65,5945000.0,1.22,664,Logistics,346000.0,0,8.4,Bridge a seasonal cash crunch ahead of festival demand,Kerala,Male,10,1
MSME100130,277000.0,12,13.57,648000.0,2.59,657,Retail Trade,358000.0,1,2.9,Emergency funds after delayed receivables from buyers,Kerala,Female,32,0
MSME100131,406000.0,48,11.9,686000.0,2.04,655,Textiles,183000.0,1,4.6,Bridge a seasonal cash crunch ahead of festival demand,Uttar Pradesh,Female,24,0
MSME100132,799000.0,48,8.0,2522000.0,0.52,757,Retail Trade,977000.0,0,11.2,Bridge a seasonal cash crunch ahead of festival demand,Karnataka,Male,46,0
MSME100133,1275000.0,12,15.69,6482000.0,0.47,674,Textiles,2079000.0,0,4.9,Upgrade delivery fleet and cold-storage units,West Bengal,Female,54,0
MSME100134,324000.0,48,12.48,1437000.0,3.13,705,Manufacturing,217000.0,1,3.0,Open a second retail outlet in the district,Uttar Pradesh,Male,37,0
MSME100135,443000.0,24,14.31,2585000.0,2.19,658,Manufacturing,264000.0,1,5.2,Refinance existing high-interest debt and consolidate dues,Uttar Pradesh,Male,6,0
MSME100136,401000.0,12,12.72,1356000.0,1.3,557,Logistics,481000.0,1,16.2,Bridge a seasonal cash crunch ahead of festival demand,West Bengal,Male,53,1
MSME100137,612000.0,60,11.24,3654000.0,3.17,584,IT Services,533000.0,1,10.2,Purchase of new machinery to expand production capacity,Kerala,Female,22,0
MSME100138,330000.0,84,8.39,1475000.0,0.81,730,Construction,528000.0,4,7.4,Upgrade delivery fleet and cold-storage units,Gujarat,Female,12,0
MSME100139,792000.0,60,16.53,3046000.0,2.29,668,Construction,1234000.0,1,1.0,Refinance existing high-interest debt and consolidate dues,Punjab,Male,59,0
MSME100140,103000.0,48,15.12,336000.0,0.65,661,Logistics,168000.0,1,3.7,Open a second retail outlet in the district,Tamil Nadu,Female,20,0
MSME100141,258000.0,48,11.56,420000.0,1.56,652,Logistics,327000.0,1,5.2,Emergency funds after delayed receivables from buyers,Kerala,Male,3,0
MSME100142,330000.0,36,11.71,877000.0,1.0,595,Retail Trade,544000.0,1,2.5,Purchase of new machinery to expand production capacity,Uttar Pradesh,Male,38,1
MSME100143,317000.0,60,14.35,1062000.0,1.23,636,Construction,427000.0,0,2.1,Refinance existing high-interest debt and consolidate dues,Kerala,Male,52,1
MSME100144,253000.0,12,13.51,1026000.0,0.91,645,Agriculture,442000.0,0,4.3,Working capital for raw material procurement,Uttar Pradesh,Male,16,1
MSME100145,685000.0,12,12.32,2549000.0,1.49,680,Manufacturing,1087000.0,0,2.8,Bridge a seasonal cash crunch ahead of festival demand,Uttar Pradesh,Male,42,0
MSME100146,1918000.0,48,15.23,4865000.0,0.71,795,Textiles,784000.0,0,4.3,Emergency funds after delayed receivables from buyers,Kerala,Male,39,1
MSME100147,777000.0,12,18.27,3266000.0,1.35,815,Logistics,965000.0,2,1.8,Expand textile weaving unit with additional looms,Maharashtra,Male,49,0
MSME100148,1892000.0,24,15.55,10233000.0,0.56,721,Food Processing,1422000.0,2,5.5,Open a second retail outlet in the district,Uttar Pradesh,Male,14,0
MSME100149,397000.0,84,12.27,774000.0,2.17,735,Agriculture,420000.0,0,2.2,Emergency funds after delayed receivables from buyers,Kerala,Female,14,1
MSME100150,207000.0,12,14.93,784000.0,1.61,756,Manufacturing,137000.0,0,13.3,Emergency funds after delayed receivables from buyers,Maharashtra,Male,17,0
MSME100151,561000.0,36,12.03,879000.0,2.4,809,Retail Trade,324000.0,0,0.7,Purchase of new machinery to expand production capacity,Kerala,Male,48,0
MSME100152,356000.0,48,16.07,1727000.0,2.62,668,Retail Trade,290000.0,2,6.3,Open a second retail outlet in the district,Tamil Nadu,Male,49,1
MSME100153,532000.0,36,15.9,2865000.0,0.86,710,IT Services,399000.0,0,12.0,Bridge a seasonal cash crunch ahead of festival demand,Tamil Nadu,Male,50,0
MSME100154,563000.0,48,17.27,1442000.0,2.26,781,Logistics,597000.0,0,2.0,Upgrade delivery fleet and cold-storage units,Gujarat,Male,44,0
MSME100155,1482000.0,12,14.54,6721000.0,1.52,743,Food Processing,2274000.0,0,4.4,Bridge a seasonal cash crunch ahead of festival demand,Uttar Pradesh,Male,7,0
MSME100156,1202000.0,12,12.63,1872000.0,1.07,723,Food Processing,1460000.0,1,11.2,Emergency funds after delayed receivables from buyers,Kerala,Female,40,0
MSME100157,334000.0,48,17.1,1291000.0,1.88,719,Construction,423000.0,2,1.6,Working capital for raw material procurement,Punjab,Female,43,0
MSME100158,1221000.0,24,14.36,5327000.0,1.87,600,Logistics,652000.0,1,6.0,Working capital for raw material procurement,Gujarat,Male,43,0
MSME100159,1574000.0,48,14.71,7501000.0,0.85,745,IT Services,1880000.0,0,7.7,Refinance existing high-interest debt and consolidate dues,West Bengal,Female,55,0
MSME100160,905000.0,48,13.92,4129000.0,1.62,592,IT Services,768000.0,0,5.3,Working capital for raw material procurement,Maharashtra,Male,23,0
MSME100161,829000.0,48,13.28,3975000.0,0.71,705,IT Services,994000.0,1,7.5,Expand textile weaving unit with additional looms,Uttar Pradesh,Female,52,0
MSME100162,1362000.0,24,8.8,4114000.0,1.15,818,Food Processing,828000.0,1,5.1,Purchase of new machinery to expand production capacity,Karnataka,Male,6,0
MSME100163,1017000.0,24,15.32,2137000.0,1.59,575,Construction,1002000.0,1,11.5,Expand textile weaving unit with additional looms,Punjab,Male,52,1
MSME100164,814000.0,84,15.04,3505000.0,0.96,782,Retail Trade,1333000.0,0,7.0,Refinance existing high-interest debt and consolidate dues,Tamil Nadu,Male,33,0
MSME100165,678000.0,36,15.88,2938000.0,0.41,668,Manufacturing,500000.0,0,3.4,Purchase of new machinery to expand production capacity,Maharashtra,Male,35,1
MSME100166,706000.0,60,14.25,4192000.0,0.58,621,Manufacturing,148000.0,2,2.1,Bridge a seasonal cash crunch ahead of festival demand,Karnataka,Male,1,0
MSME100167,1293000.0,48,17.17,6591000.0,1.41,688,IT Services,674000.0,0,3.4,Expand textile weaving unit with additional looms,Kerala,Male,25,0
MSME100168,315000.0,24,13.92,1149000.0,2.2,606,Logistics,400000.0,0,4.4,Open a second retail outlet in the district,Tamil Nadu,Male,14,1
MSME100169,1126000.0,48,10.21,5933000.0,1.24,747,Textiles,1614000.0,2,5.7,Purchase of new machinery to expand production capacity,Gujarat,Female,23,0
MSME100170,2136000.0,48,10.41,11306000.0,1.02,644,IT Services,618000.0,2,5.1,Bridge a seasonal cash crunch ahead of festival demand,Gujarat,Male,31,1
MSME100171,479000.0,24,15.11,2128000.0,1.23,698,Retail Trade,304000.0,0,3.0,Purchase of new machinery to expand production capacity,Uttar Pradesh,Female,2,1
MSME100172,117000.0,36,16.06,567000.0,0.49,636,IT Services,130000.0,0,6.2,Bridge a seasonal cash crunch ahead of festival demand,Tamil Nadu,Male,26,0
MSME100173,453000.0,12,10.11,2252000.0,1.06,652,IT Services,643000.0,0,3.2,Emergency funds after delayed receivables from buyers,Gujarat,Male,14,0
MSME100174,522000.0,60,10.79,1838000.0,1.86,807,Manufacturing,544000.0,1,4.7,Open a second retail outlet in the district,Tamil Nadu,Male,41,0
MSME100175,1089000.0,12,8.28,3635000.0,2.46,736,Logistics,400000.0,1,0.8,Emergency funds after delayed receivables from buyers,Gujarat,Male,39,0
MSME100176,724000.0,12,18.11,1736000.0,1.2,782,Textiles,956000.0,0,5.1,Upgrade delivery fleet and cold-storage units,Tamil Nadu,Female,36,0
MSME100177,640000.0,24,9.91,3557000.0,2.97,655,Retail Trade,575000.0,1,1.7,Open a second retail outlet in the district,Gujarat,Male,31,0
MSME100178,233000.0,24,8.0,354000.0,1.19,753,Manufacturing,304000.0,1,14.4,Emergency funds after delayed receivables from buyers,Maharashtra,Female,5,0
MSME100179,945000.0,12,10.66,4553000.0,1.4,740,IT Services,643000.0,1,6.6,Working capital for raw material procurement,Uttar Pradesh,Male,5,0
MSME100180,1173000.0,12,12.09,1834000.0,0.97,676,Retail Trade,1942000.0,0,15.3,Open a second retail outlet in the district,Maharashtra,Male,6,0
MSME100181,1404000.0,36,12.63,4706000.0,1.93,596,Manufacturing,1330000.0,0,4.1,Working capital for raw material procurement,Gujarat,Female,1,0
MSME100182,767000.0,36,16.6,4435000.0,1.24,728,Retail Trade,1083000.0,2,8.3,Emergency funds after delayed receivables from buyers,Gujarat,Male,56,0
MSME100183,514000.0,48,14.43,787000.0,1.3,695,IT Services,814000.0,1,2.3,Purchase of new machinery to expand production capacity,Punjab,Male,27,0
MSME100184,289000.0,24,11.7,1397000.0,1.1,662,Retail Trade,152000.0,0,10.0,Expand textile weaving unit with additional looms,Karnataka,Male,55,0
MSME100185,1430000.0,12,10.86,5835000.0,1.87,683,Food Processing,1806000.0,1,1.3,Emergency funds after delayed receivables from buyers,Tamil Nadu,Female,27,0
MSME100186,93000.0,60,14.2,350000.0,1.33,678,Retail Trade,143000.0,1,3.2,Emergency funds after delayed receivables from buyers,Karnataka,Female,9,1
MSME100187,233000.0,24,12.07,878000.0,2.22,606,Manufacturing,278000.0,0,10.6,Expand textile weaving unit with additional looms,Maharashtra,Female,29,0
MSME100188,690000.0,60,13.33,4072000.0,1.62,719,Agriculture,455000.0,0,6.4,Emergency funds after delayed receivables from buyers,West Bengal,Female,56,1
MSME100189,250000.0,48,14.05,1278000.0,1.29,546,Logistics,297000.0,1,2.2,Expand textile weaving unit with additional looms,Karnataka,Female,11,1
MSME100190,238000.0,24,10.9,787000.0,1.49,732,Retail Trade,294000.0,0,6.5,Upgrade delivery fleet and cold-storage units,Tamil Nadu,Male,1,0
MSME100191,306000.0,24,13.87,1504000.0,1.3,668,Manufacturing,361000.0,1,0.3,Working capital for raw material procurement,Tamil Nadu,Female,22,1
MSME100192,350000.0,36,18.1,1157000.0,0.57,691,Construction,548000.0,1,6.8,Purchase of new machinery to expand production capacity,Uttar Pradesh,Male,35,0
MSME100193,213000.0,36,15.66,1099000.0,0.52,685,Manufacturing,313000.0,0,4.6,Open a second retail outlet in the district,Uttar Pradesh,Male,46,1
MSME100194,1219000.0,60,15.16,6013000.0,1.15,672,Manufacturing,1452000.0,0,4.7,Refinance existing high-interest debt and consolidate dues,Kerala,Female,12,0
MSME100195,173000.0,48,14.83,321000.0,0.99,698,Manufacturing,255000.0,2,1.5,Expand textile weaving unit with additional looms,Karnataka,Male,10,0
MSME100196,453000.0,36,12.11,939000.0,0.64,651,Retail Trade,258000.0,0,3.9,Working capital for raw material procurement,Punjab,Male,2,0
MSME100197,120000.0,60,14.84,644000.0,1.64,698,Manufacturing,136000.0,1,10.9,Bridge a seasonal cash crunch ahead of festival demand,Kerala,Female,24,0
MSME100198,859000.0,12,11.36,2479000.0,0.84,658,IT Services,1228000.0,2,6.1,Emergency funds after delayed receivables from buyers,Gujarat,Male,49,0
MSME100199,847000.0,84,16.22,4333000.0,1.82,777,Manufacturing,777000.0,1,6.7,Purchase of new machinery to expand production capacity,Uttar Pradesh,Male,50,0
MSME100200,562000.0,36,11.5,1360000.0,1.19,764,Retail Trade,186000.0,0,2.1,Expand textile weaving unit with additional looms,Tamil Nadu,Female,59,0
MSME100201,305000.0,60,15.02,1159000.0,2.0,722,Retail Trade,330000.0,0,1.5,Bridge a seasonal cash crunch ahead of festival demand,Tamil Nadu,Male,29,0
MSME100202,776000.0,24,16.29,1224000.0,2.38,791,Retail Trade,1201000.0,0,6.5,Upgrade delivery fleet and cold-storage units,West Bengal,Female,1,0
MSME100203,312000.0,24,14.54,692000.0,1.38,640,IT Services,170000.0,1,4.9,Expand textile weaving unit with additional looms,Uttar Pradesh,Male,31,0
MSME100204,1125000.0,48,16.14,2897000.0,0.38,832,Retail Trade,725000.0,0,8.9,Expand textile weaving unit with additional looms,Karnataka,Male,15,0
MSME100205,632000.0,36,15.02,3758000.0,1.19,754,Logistics,864000.0,1,5.8,Bridge a seasonal cash crunch ahead of festival demand,Karnataka,Male,35,0
MSME100206,249000.0,12,13.86,404000.0,1.07,706,Retail Trade,298000.0,0,8.0,Bridge a seasonal cash crunch ahead of festival demand,Karnataka,Male,24,0
MSME100207,899000.0,12,10.56,4436000.0,0.8,649,Agriculture,837000.0,1,0.8,Open a second retail outlet in the district,Gujarat,Female,36,1
MSME100208,385000.0,60,17.11,793000.0,1.21,745,IT Services,220000.0,0,7.9,Refinance existing high-interest debt and consolidate dues,Karnataka,Male,53,0
MSME100209,264000.0,36,8.0,573000.0,2.11,638,Construction,174000.0,1,2.0,Open a second retail outlet in the district,Kerala,Male,41,0
MSME100210,2295000.0,24,11.15,10224000.0,1.63,636,Textiles,566000.0,1,4.8,Emergency funds after delayed receivables from buyers,Maharashtra,Male,58,1
MSME100211,900000.0,24,13.76,3637000.0,1.51,644,Retail Trade,341000.0,1,11.2,Upgrade delivery fleet and cold-storage units,Maharashtra,Male,9,1
MSME100212,632000.0,48,11.98,1347000.0,1.59,748,Retail Trade,710000.0,0,3.3,Upgrade delivery fleet and cold-storage units,Punjab,Male,24,0
MSME100213,170000.0,36,11.18,601000.0,0.87,747,Construction,192000.0,0,1.1,Purchase of new machinery to expand production capacity,West Bengal,Male,47,0
MSME100214,1040000.0,24,11.46,4062000.0,1.77,699,Textiles,771000.0,0,7.8,Upgrade delivery fleet and cold-storage units,Punjab,Male,11,0
MSME100215,509000.0,24,14.1,880000.0,2.38,636,Retail Trade,137000.0,0,6.9,Refinance existing high-interest debt and consolidate dues,West Bengal,Male,58,0
MSME100216,1021000.0,24,9.98,5619000.0,2.04,633,IT Services,817000.0,2,4.0,Refinance existing high-interest debt and consolidate dues,West Bengal,Female,44,0
MSME100217,773000.0,24,13.11,4063000.0,2.54,692,Textiles,823000.0,0,0.7,Open a second retail outlet in the district,Punjab,Female,29,0
MSME100218,306000.0,48,13.31,528000.0,1.87,671,Manufacturing,253000.0,0,10.1,Purchase of new machinery to expand production capacity,Kerala,Male,30,0
MSME100219,2530000.0,36,14.08,4897000.0,2.25,578,Food Processing,847000.0,0,1.3,Expand textile weaving unit with additional looms,Kerala,Female,48,1
MSME100220,1074000.0,48,9.98,2976000.0,1.38,698,Textiles,332000.0,2,3.1,Upgrade delivery fleet and cold-storage units,Tamil Nadu,Female,55,0
MSME100221,1282000.0,24,15.11,3671000.0,1.33,674,Construction,1987000.0,1,10.8,Refinance existing high-interest debt and consolidate dues,Punjab,Male,54,0
MSME100222,475000.0,84,13.22,2556000.0,1.32,690,Textiles,103000.0,0,3.4,Purchase of new machinery to expand production capacity,Uttar Pradesh,Male,44,1
MSME100223,527000.0,48,14.66,2413000.0,1.19,736,Food Processing,352000.0,0,6.7,Emergency funds after delayed receivables from buyers,Punjab,Male,45,0
MSME100224,748000.0,24,12.09,1342000.0,0.91,614,Logistics,878000.0,0,0.3,Refinance existing high-interest debt and consolidate dues,Gujarat,Male,3,0
MSME100225,230000.0,84,16.09,620000.0,1.69,662,Retail Trade,403000.0,0,4.9,Bridge a seasonal cash crunch ahead of festival demand,Punjab,Female,55,0
MSME100226,270000.0,84,11.2,903000.0,0.73,684,Construction,343000.0,1,4.7,Emergency funds after delayed receivables from buyers,West Bengal,Male,17,0
MSME100227,269000.0,60,16.49,1579000.0,1.15,575,Construction,166000.0,1,5.6,Upgrade delivery fleet and cold-storage units,Karnataka,Male,30,0
MSME100228,341000.0,12,10.68,1991000.0,1.23,751,Manufacturing,509000.0,1,3.8,Working capital for raw material procurement,West Bengal,Male,13,1
MSME100229,517000.0,12,18.77,1525000.0,1.43,668,Construction,624000.0,1,13.7,Expand textile weaving unit with additional looms,Karnataka,Male,31,1
MSME100230,433000.0,24,14.64,1211000.0,2.12,642,Food Processing,307000.0,1,9.6,Working capital for raw material procurement,Maharashtra,Female,39,0
MSME100231,568000.0,60,11.06,2169000.0,1.34,730,Retail Trade,379000.0,1,5.2,Purchase of new machinery to expand production capacity,Maharashtra,Female,25,0
MSME100232,795000.0,24,12.83,2004000.0,1.51,598,Agriculture,236000.0,2,3.7,Purchase of new machinery to expand production capacity,Gujarat,Female,21,0
MSME100233,819000.0,24,12.27,4798000.0,0.79,774,Retail Trade,1396000.0,0,4.1,Bridge a seasonal cash crunch ahead of festival demand,Kerala,Male,35,0
MSME100234,333000.0,60,11.52,1586000.0,1.35,709,IT Services,330000.0,1,6.7,Open a second retail outlet in the district,Uttar Pradesh,Female,19,0
MSME100235,480000.0,24,12.46,2621000.0,2.7,699,Manufacturing,810000.0,0,5.6,Refinance existing high-interest debt and consolidate dues,Kerala,Male,42,0
MSME100236,451000.0,12,14.42,1634000.0,2.5,720,Food Processing,730000.0,0,1.3,Expand textile weaving unit with additional looms,Karnataka,Female,49,0
MSME100237,1415000.0,48,17.16,4726000.0,1.39,714,Manufacturing,445000.0,1,8.3,Working capital for raw material procurement,Maharashtra,Male,29,0
MSME100238,225000.0,48,10.47,747000.0,1.09,698,Retail Trade,110000.0,0,6.4,Working capital for raw material procurement,Maharashtra,Male,54,0
MSME100239,465000.0,48,13.93,1613000.0,1.18,675,Manufacturing,531000.0,0,2.4,Upgrade delivery fleet and cold-storage units,Maharashtra,Male,57,1
MSME100240,3665000.0,36,11.41,6906000.0,1.15,571,Retail Trade,5896000.0,0,9.1,Bridge a seasonal cash crunch ahead of festival demand,Tamil Nadu,Male,7,0
MSME100241,1309000.0,60,15.64,3717000.0,1.33,731,Agriculture,2194000.0,0,7.8,Upgrade delivery fleet and cold-storage units,Uttar Pradesh,Female,18,0
MSME100242,880000.0,36,15.02,4199000.0,2.64,644,Retail Trade,333000.0,0,1.2,Purchase of new machinery to expand production capacity,Gujarat,Male,41,0
MSME100243,782000.0,60,12.33,4347000.0,0.79,714,Construction,969000.0,0,6.5,Purchase of new machinery to expand production capacity,Kerala,Male,35,0
MSME100244,313000.0,48,11.43,997000.0,1.65,730,Textiles,93000.0,1,4.7,Upgrade delivery fleet and cold-storage units,Maharashtra,Female,23,0
MSME100245,1155000.0,84,11.29,6226000.0,0.37,596,Logistics,1214000.0,1,10.4,Purchase of new machinery to expand production capacity,Uttar Pradesh,Female,43,1
MSME100246,408000.0,60,11.09,1129000.0,0.64,643,Textiles,566000.0,1,14.2,Emergency funds after delayed receivables from buyers,Kerala,Female,58,1
MSME100247,624000.0,48,12.01,3493000.0,1.14,793,Manufacturing,961000.0,1,7.0,Bridge a seasonal cash crunch ahead of festival demand,Uttar Pradesh,Female,23,0
MSME100248,537000.0,12,12.43,2180000.0,1.21,802,IT Services,289000.0,2,1.8,Purchase of new machinery to expand production capacity,Karnataka,Male,32,0
MSME100249,256000.0,60,16.01,1097000.0,0.95,788,Logistics,378000.0,0,3.9,Refinance existing high-interest debt and consolidate dues,Kerala,Male,30,1
MSME100250,1167000.0,12,17.13,5131000.0,1.53,677,Retail Trade,1026000.0,0,6.3,Refinance existing high-interest debt and consolidate dues,Gujarat,Female,7,1
MSME100251,470000.0,12,16.35,969000.0,0.86,710,Manufacturing,165000.0,1,1.8,Open a second retail outlet in the district,Karnataka,Male,18,1
MSME100252,190000.0,24,14.99,988000.0,2.14,583,Logistics,127000.0,0,1.5,Upgrade delivery fleet and cold-storage units,Maharashtra,Male,58,0
MSME100253,1025000.0,24,13.55,5456000.0,1.62,688,Logistics,1795000.0,0,2.3,Bridge a seasonal cash crunch ahead of festival demand,Tamil Nadu,Female,34,0
MSME100254,1477000.0,84,13.16,3663000.0,0.84,671,Retail Trade,1494000.0,1,4.4,Working capital for raw material procurement,Karnataka,Female,19,0
MSME100255,307000.0,60,12.11,1842000.0,2.42,705,Food Processing,278000.0,0,5.3,Upgrade delivery fleet and cold-storage units,West Bengal,Female,40,0
MSME100256,1161000.0,36,14.98,3544000.0,2.03,684,Agriculture,367000.0,0,9.0,Expand textile weaving unit with additional looms,Uttar Pradesh,Male,3,0
MSME100257,197000.0,24,15.07,417000.0,1.99,711,Manufacturing,162000.0,0,5.7,Expand textile weaving unit with additional looms,Uttar Pradesh,Male,9,0
MSME100258,693000.0,36,10.32,2466000.0,1.13,704,Manufacturing,331000.0,0,2.0,Bridge a seasonal cash crunch ahead of festival demand,Tamil Nadu,Male,14,1
MSME100259,890000.0,60,14.71,4628000.0,0.55,683,IT Services,1472000.0,0,8.7,Purchase of new machinery to expand production capacity,Maharashtra,Male,16,1
MSME100260,567000.0,12,10.71,2134000.0,0.58,707,Manufacturing,664000.0,0,4.5,Emergency funds after delayed receivables from buyers,Tamil Nadu,Male,9,0
MSME100261,762000.0,24,13.03,4346000.0,1.07,664,Retail Trade,506000.0,0,4.6,Working capital for raw material procurement,Uttar Pradesh,Male,19,0
MSME100262,596000.0,24,15.12,2865000.0,1.27,772,Agriculture,632000.0,0,4.0,Emergency funds after delayed receivables from buyers,Punjab,Male,36,0
MSME100263,268000.0,48,8.0,1499000.0,1.09,752,Manufacturing,290000.0,1,7.9,Bridge a seasonal cash crunch ahead of festival demand,Punjab,Female,35,0
MSME100264,444000.0,12,17.29,755000.0,2.1,671,Textiles,734000.0,1,5.2,Bridge a seasonal cash crunch ahead of festival demand,Kerala,Male,3,1
MSME100265,420000.0,36,16.14,1849000.0,0.72,637,IT Services,395000.0,0,8.3,Upgrade delivery fleet and cold-storage units,Uttar Pradesh,Male,32,1
MSME100266,680000.0,48,10.03,1792000.0,1.78,657,Construction,763000.0,0,5.4,Open a second retail outlet in the district,Kerala,Male,18,0
MSME100267,1224000.0,48,11.15,4566000.0,2.29,612,Manufacturing,804000.0,2,6.5,Refinance existing high-interest debt and consolidate dues,Tamil Nadu,Female,8,1
MSME100268,765000.0,24,9.25,2022000.0,0.4,666,Food Processing,228000.0,0,7.1,Working capital for raw material procurement,Tamil Nadu,Male,40,1
MSME100269,232000.0,84,16.19,1309000.0,2.34,699,Retail Trade,127000.0,1,5.0,Upgrade delivery fleet and cold-storage units,Maharashtra,Male,59,0
MSME100270,420000.0,48,12.24,677000.0,2.84,669,IT Services,219000.0,2,4.4,Upgrade delivery fleet and cold-storage units,Maharashtra,Male,5,0
MSME100271,297000.0,24,11.02,1097000.0,1.5,676,IT Services,449000.0,2,1.2,Working capital for raw material procurement,Punjab,Male,34,0
MSME100272,331000.0,48,12.04,1549000.0,2.37,627,Textiles,566000.0,1,0.2,Upgrade delivery fleet and cold-storage units,Kerala,Male,57,0
MSME100273,1166000.0,36,12.31,4734000.0,1.24,595,IT Services,1671000.0,0,5.8,Working capital for raw material procurement,West Bengal,Male,32,0
MSME100274,444000.0,60,10.34,1377000.0,0.8,652,Manufacturing,95000.0,1,7.2,Open a second retail outlet in the district,Kerala,Male,46,1
MSME100275,1211000.0,48,10.4,6832000.0,1.83,806,Retail Trade,754000.0,0,5.6,Purchase of new machinery to expand production capacity,Maharashtra,Male,42,0
MSME100276,61000.0,36,13.1,146000.0,0.82,749,Food Processing,34000.0,0,6.4,Upgrade delivery fleet and cold-storage units,West Bengal,Male,33,0
MSME100277,829000.0,12,13.49,2752000.0,1.81,711,Retail Trade,545000.0,1,9.2,Purchase of new machinery to expand production capacity,Kerala,Male,5,0
MSME100278,220000.0,60,10.17,429000.0,1.02,591,Retail Trade,311000.0,2,5.2,Purchase of new machinery to expand production capacity,Tamil Nadu,Male,24,0
MSME100279,256000.0,36,14.69,1187000.0,0.43,786,Textiles,365000.0,1,0.5,Open a second retail outlet in the district,Kerala,Female,45,1
MSME100280,1740000.0,36,17.67,8549000.0,1.53,802,Manufacturing,997000.0,1,4.8,Purchase of new machinery to expand production capacity,Uttar Pradesh,Male,6,1
MSME100281,233000.0,48,10.18,1173000.0,0.94,611,Construction,197000.0,2,2.4,Purchase of new machinery to expand production capacity,Tamil Nadu,Male,46,1
MSME100282,559000.0,60,13.72,1113000.0,1.55,824,Textiles,572000.0,0,6.3,Bridge a seasonal cash crunch ahead of festival demand,Maharashtra,Male,11,0
MSME100283,189000.0,36,15.84,774000.0,1.29,812,Construction,227000.0,0,7.7,Purchase of new machinery to expand production capacity,Karnataka,Female,31,0
MSME100284,597000.0,36,8.02,3065000.0,1.65,728,Logistics,135000.0,0,2.2,Upgrade delivery fleet and cold-storage units,Karnataka,Female,53,0
MSME100285,3660000.0,12,14.21,10222000.0,1.26,717,Manufacturing,3884000.0,0,3.6,Expand textile weaving unit with additional looms,Kerala,Female,27,0
MSME100286,483000.0,48,8.0,2358000.0,1.23,721,Construction,868000.0,1,2.7,Bridge a seasonal cash crunch ahead of festival demand,Uttar Pradesh,Male,20,0
MSME100287,361000.0,24,13.69,1165000.0,1.72,608,Textiles,276000.0,1,2.6,Open a second retail outlet in the district,Punjab,Male,2,0
MSME100288,456000.0,12,10.55,2669000.0,1.01,749,Agriculture,781000.0,1,5.1,Expand textile weaving unit with additional looms,Gujarat,Male,32,0
MSME100289,461000.0,24,14.77,2699000.0,1.05,630,Retail Trade,593000.0,0,1.7,Refinance existing high-interest debt and consolidate dues,Maharashtra,Female,13,0
MSME100290,603000.0,36,13.31,1213000.0,1.58,649,Retail Trade,532000.0,0,5.5,Upgrade delivery fleet and cold-storage units,West Bengal,Male,6,0
MSME100291,202000.0,36,14.04,420000.0,1.87,653,Textiles,289000.0,1,5.4,Expand textile weaving unit with additional looms,Punjab,Male,25,0
MSME100292,373000.0,36,11.59,1343000.0,1.38,810,Manufacturing,508000.0,0,1.5,Open a second retail outlet in the district,Gujarat,Male,21,0
MSME100293,468000.0,36,13.65,910000.0,2.83,760,Textiles,178000.0,1,6.0,Working capital for raw material procurement,Uttar Pradesh,Female,57,0
MSME100294,547000.0,36,16.64,1462000.0,2.01,631,IT Services,556000.0,1,3.8,Emergency funds after delayed receivables from buyers,Kerala,Male,41,0
MSME100295,498000.0,36,13.39,2175000.0,1.21,783,Retail Trade,237000.0,2,13.1,Open a second retail outlet in the district,Gujarat,Male,7,1
MSME100296,1047000.0,84,14.65,4271000.0,2.5,719,Logistics,1877000.0,1,5.7,Open a second retail outlet in the district,Karnataka,Male,13,0
MSME100297,885000.0,24,14.52,2170000.0,1.37,783,Retail Trade,1406000.0,0,4.5,Upgrade delivery fleet and cold-storage units,Punjab,Male,19,0
MSME100298,356000.0,12,15.18,1896000.0,1.68,644,Textiles,75000.0,0,2.5,Upgrade delivery fleet and cold-storage units,West Bengal,Female,21,1
MSME100299,235000.0,36,12.81,1027000.0,2.94,651,Retail Trade,423000.0,1,7.6,Refinance existing high-interest debt and consolidate dues,Punjab,Male,26,0
MSME100300,540000.0,36,9.97,1260000.0,1.65,684,Textiles,249000.0,1,2.5,Refinance existing high-interest debt and consolidate dues,Karnataka,Female,22,0
MSME100301,442000.0,12,14.79,1261000.0,1.66,818,Construction,698000.0,1,7.3,Purchase of new machinery to expand production capacity,Maharashtra,Male,36,0
MSME100302,153000.0,36,11.78,540000.0,3.39,759,Textiles,139000.0,0,4.0,Working capital for raw material procurement,Gujarat,Female,10,0
MSME100303,260000.0,48,14.47,629000.0,0.3,679,Construction,424000.0,1,7.8,Bridge a seasonal cash crunch ahead of festival demand,Tamil Nadu,Female,17,1
MSME100304,719000.0,12,13.84,1156000.0,1.4,768,Textiles,891000.0,2,3.9,Upgrade delivery fleet and cold-storage units,Gujarat,Female,38,0
MSME100305,636000.0,48,11.32,1286000.0,0.86,596,Agriculture,618000.0,1,14.4,Upgrade delivery fleet and cold-storage units,Maharashtra,Female,1,1
MSME100306,266000.0,36,15.33,834000.0,0.57,621,Agriculture,433000.0,1,15.8,Refinance existing high-interest debt and consolidate dues,Tamil Nadu,Male,10,1
MSME100307,376000.0,24,15.09,1258000.0,0.76,656,Food Processing,658000.0,0,4.3,Expand textile weaving unit with additional looms,Maharashtra,Male,31,0
MSME100308,215000.0,48,12.24,1105000.0,0.45,635,Manufacturing,178000.0,1,3.2,Emergency funds after delayed receivables from buyers,West Bengal,Female,28,1
MSME100309,1039000.0,84,16.94,2727000.0,2.73,652,Textiles,1007000.0,0,6.2,Expand textile weaving unit with additional looms,Kerala,Female,59,0
MSME100310,2216000.0,36,11.83,4625000.0,3.2,595,Manufacturing,2183000.0,1,4.2,Open a second retail outlet in the district,Tamil Nadu,Male,33,0
MSME100311,259000.0,84,12.03,677000.0,1.28,691,Construction,253000.0,1,5.1,Purchase of new machinery to expand production capacity,Tamil Nadu,Male,9,0
MSME100312,181000.0,36,14.96,557000.0,1.18,673,Construction,78000.0,1,2.8,Upgrade delivery fleet and cold-storage units,Maharashtra,Male,3,0
MSME100313,124000.0,60,17.16,282000.0,2.0,655,Retail Trade,174000.0,0,5.1,Working capital for raw material procurement,Uttar Pradesh,Male,7,0
MSME100314,468000.0,24,12.87,2151000.0,1.82,843,Retail Trade,770000.0,1,1.6,Bridge a seasonal cash crunch ahead of festival demand,Gujarat,Male,54,0
MSME100315,1646000.0,36,20.12,6782000.0,1.17,782,Agriculture,1164000.0,1,7.3,Refinance existing high-interest debt and consolidate dues,West Bengal,Male,36,0
MSME100316,2074000.0,36,16.53,9496000.0,1.1,578,Retail Trade,1680000.0,1,3.9,Bridge a seasonal cash crunch ahead of festival demand,Karnataka,Male,41,1
MSME100317,811000.0,36,15.31,1711000.0,1.88,804,IT Services,1364000.0,0,3.2,Purchase of new machinery to expand production capacity,Gujarat,Male,47,0
MSME100318,837000.0,12,12.79,2926000.0,2.58,520,Logistics,715000.0,1,8.6,Upgrade delivery fleet and cold-storage units,West Bengal,Male,22,0
MSME100319,671000.0,48,14.21,3999000.0,0.3,597,Retail Trade,1142000.0,2,4.5,Expand textile weaving unit with additional looms,Uttar Pradesh,Male,36,1
MSME100320,801000.0,48,13.85,1810000.0,1.4,632,Manufacturing,1287000.0,0,1.4,Refinance existing high-interest debt and consolidate dues,West Bengal,Female,40,0
MSME100321,847000.0,48,13.61,4907000.0,1.48,738,IT Services,570000.0,0,6.6,Expand textile weaving unit with additional looms,Tamil Nadu,Male,27,0
MSME100322,352000.0,84,13.98,1401000.0,1.91,790,Manufacturing,294000.0,1,3.7,Upgrade delivery fleet and cold-storage units,Punjab,Male,14,0
MSME100323,483000.0,24,10.46,2291000.0,0.52,572,Textiles,329000.0,0,21.1,Refinance existing high-interest debt and consolidate dues,Maharashtra,Male,24,1
MSME100324,967000.0,84,14.0,1543000.0,2.14,675,IT Services,1397000.0,1,16.5,Working capital for raw material procurement,West Bengal,Female,34,0
MSME100325,421000.0,12,19.98,2401000.0,1.53,678,Manufacturing,169000.0,2,5.1,Refinance existing high-interest debt and consolidate dues,Punjab,Male,11,1
MSME100326,585000.0,36,12.54,1393000.0,1.85,782,IT Services,378000.0,0,7.5,Refinance existing high-interest debt and consolidate dues,Karnataka,Male,48,0
MSME100327,348000.0,24,16.06,564000.0,0.76,732,Construction,604000.0,1,4.1,Expand textile weaving unit with additional looms,Punjab,Male,3,0
MSME100328,346000.0,36,12.32,1106000.0,2.66,675,Agriculture,280000.0,1,7.7,Purchase of new machinery to expand production capacity,West Bengal,Male,6,0
MSME100329,261000.0,36,12.81,508000.0,1.61,655,Construction,102000.0,0,1.2,Working capital for raw material procurement,Karnataka,Male,54,0
MSME100330,1488000.0,24,11.49,5772000.0,0.9,682,Logistics,1281000.0,1,11.6,Open a second retail outlet in the district,Karnataka,Male,39,0
MSME100331,396000.0,24,11.99,1375000.0,0.97,640,Construction,189000.0,1,5.4,Upgrade delivery fleet and cold-storage units,Kerala,Female,58,1
MSME100332,142000.0,84,15.62,757000.0,1.3,646,Textiles,108000.0,0,4.7,Working capital for raw material procurement,Maharashtra,Female,9,0
MSME100333,250000.0,60,15.76,1443000.0,1.51,708,IT Services,415000.0,1,2.2,Upgrade delivery fleet and cold-storage units,Karnataka,Male,23,0
MSME100334,945000.0,48,11.28,4619000.0,2.26,686,IT Services,389000.0,0,1.1,Emergency funds after delayed receivables from buyers,Tamil Nadu,Male,32,0
MSME100335,901000.0,24,19.84,5275000.0,1.68,734,IT Services,586000.0,0,9.2,Purchase of new machinery to expand production capacity,West Bengal,Male,6,0
MSME100336,851000.0,24,11.4,2226000.0,0.81,712,Construction,586000.0,2,9.1,Bridge a seasonal cash crunch ahead of festival demand,Tamil Nadu,Male,45,1
MSME100337,592000.0,24,10.22,2510000.0,1.71,752,Textiles,877000.0,1,11.5,Upgrade delivery fleet and cold-storage units,Kerala,Female,26,0
MSME100338,175000.0,24,18.09,953000.0,1.42,790,IT Services,296000.0,0,3.6,Working capital for raw material procurement,Tamil Nadu,Female,21,0
MSME100339,852000.0,24,16.3,3160000.0,1.23,738,Manufacturing,724000.0,0,1.3,Purchase of new machinery to expand production capacity,Tamil Nadu,Male,15,0
MSME100340,651000.0,24,14.62,2715000.0,2.97,658,Textiles,1159000.0,0,3.4,Refinance existing high-interest debt and consolidate dues,Maharashtra,Male,27,0
MSME100341,814000.0,24,14.99,1421000.0,1.36,737,IT Services,485000.0,0,5.9,Refinance existing high-interest debt and consolidate dues,Uttar Pradesh,Male,7,0
MSME100342,898000.0,48,13.29,5331000.0,0.76,649,Construction,816000.0,0,8.1,Refinance existing high-interest debt and consolidate dues,Uttar Pradesh,Male,44,0
MSME100343,330000.0,48,11.57,1236000.0,1.11,525,Logistics,585000.0,1,4.1,Bridge a seasonal cash crunch ahead of festival demand,West Bengal,Male,44,0
MSME100344,1527000.0,24,11.76,7310000.0,1.56,668,Construction,1679000.0,0,6.8,Open a second retail outlet in the district,Uttar Pradesh,Male,9,0
MSME100345,923000.0,36,12.81,3995000.0,1.37,609,Manufacturing,543000.0,0,16.5,Expand textile weaving unit with additional looms,Karnataka,Male,41,0
MSME100346,779000.0,36,13.43,2595000.0,1.26,593,Textiles,175000.0,0,6.0,Refinance existing high-interest debt and consolidate dues,Uttar Pradesh,Female,13,1
MSME100347,3027000.0,12,12.45,6740000.0,2.44,730,Retail Trade,1992000.0,0,7.9,Open a second retail outlet in the district,Uttar Pradesh,Male,1,0
MSME100348,440000.0,24,16.14,1174000.0,1.43,688,Retail Trade,479000.0,0,7.1,Working capital for raw material procurement,Punjab,Male,55,0
MSME100349,481000.0,12,13.69,2766000.0,0.73,503,Textiles,647000.0,2,4.7,Open a second retail outlet in the district,Uttar Pradesh,Male,26,1
MSME100350,259000.0,36,11.18,849000.0,2.14,849,Construction,75000.0,1,2.9,Upgrade delivery fleet and cold-storage units,Gujarat,Male,21,0
MSME100351,618000.0,48,10.06,3084000.0,1.38,660,Construction,580000.0,0,3.3,Working capital for raw material procurement,Maharashtra,Male,4,0
MSME100352,163000.0,60,18.12,597000.0,0.78,634,IT Services,146000.0,0,7.8,Bridge a seasonal cash crunch ahead of festival demand,Punjab,Female,6,1
MSME100353,509000.0,12,14.5,1032000.0,0.59,810,Retail Trade,287000.0,1,1.5,Open a second retail outlet in the district,Uttar Pradesh,Female,14,1
MSME100354,784000.0,48,14.81,2188000.0,0.62,743,Food Processing,1097000.0,2,4.4,Working capital for raw material procurement,West Bengal,Male,45,0
MSME100355,547000.0,48,16.28,2851000.0,1.84,800,Logistics,872000.0,2,4.3,Working capital for raw material procurement,Uttar Pradesh,Female,40,0
MSME100356,437000.0,36,13.68,1936000.0,2.02,605,Logistics,553000.0,0,3.2,Bridge a seasonal cash crunch ahead of festival demand,Karnataka,Male,20,0
MSME100357,526000.0,48,13.24,1834000.0,2.41,783,Textiles,274000.0,0,4.6,Purchase of new machinery to expand production capacity,Punjab,Female,49,0
MSME100358,1527000.0,24,14.92,3167000.0,1.02,623,Construction,2560000.0,0,6.2,Refinance existing high-interest debt and consolidate dues,Tamil Nadu,Female,24,0
MSME100359,2119000.0,48,14.73,7614000.0,1.47,700,Food Processing,3361000.0,0,7.1,Emergency funds after delayed receivables from buyers,Punjab,Male,8,0
MSME100360,447000.0,48,11.96,871000.0,1.4,712,Retail Trade,648000.0,0,6.0,Working capital for raw material procurement,Tamil Nadu,Male,32,0
MSME100361,272000.0,12,13.39,657000.0,1.77,777,IT Services,230000.0,0,7.2,Bridge a seasonal cash crunch ahead of festival demand,Uttar Pradesh,Male,17,0
MSME100362,663000.0,84,8.95,3537000.0,1.01,782,Manufacturing,766000.0,0,3.3,Working capital for raw material procurement,Kerala,Male,44,0
MSME100363,444000.0,36,11.9,2359000.0,1.45,677,Retail Trade,471000.0,1,11.2,Refinance existing high-interest debt and consolidate dues,Kerala,Male,2,0
MSME100364,454000.0,36,13.95,925000.0,1.89,773,Logistics,422000.0,0,9.1,Open a second retail outlet in the district,Kerala,Male,59,0
MSME100365,524000.0,84,12.07,1867000.0,1.07,624,IT Services,760000.0,1,4.0,Working capital for raw material procurement,Tamil Nadu,Male,29,0
MSME100366,860000.0,12,10.7,4922000.0,3.16,610,Construction,1409000.0,1,2.2,Refinance existing high-interest debt and consolidate dues,West Bengal,Male,28,0
MSME100367,337000.0,24,16.35,604000.0,1.17,689,Retail Trade,508000.0,1,1.0,Purchase of new machinery to expand production capacity,Karnataka,Female,58,0
MSME100368,431000.0,84,18.36,981000.0,1.22,621,Retail Trade,703000.0,0,3.5,Bridge a seasonal cash crunch ahead of festival demand,Gujarat,Male,12,0
MSME100369,540000.0,48,14.72,1831000.0,0.82,651,Construction,217000.0,1,23.8,Working capital for raw material procurement,Karnataka,Male,49,1
MSME100370,821000.0,48,13.63,4512000.0,1.8,659,Agriculture,503000.0,1,3.5,Open a second retail outlet in the district,West Bengal,Male,57,0
MSME100371,711000.0,12,13.97,1811000.0,1.45,711,Food Processing,327000.0,0,6.1,Open a second retail outlet in the district,Punjab,Female,57,0
MSME100372,435000.0,36,9.63,2162000.0,1.26,643,IT Services,732000.0,0,7.9,Working capital for raw material procurement,Karnataka,Female,14,0
MSME100373,487000.0,24,16.08,2509000.0,3.08,602,Textiles,436000.0,0,3.2,Purchase of new machinery to expand production capacity,Tamil Nadu,Female,16,0
MSME100374,867000.0,84,13.04,4583000.0,2.76,637,Construction,1180000.0,1,2.0,Emergency funds after delayed receivables from buyers,Gujarat,Male,39,0
MSME100375,911000.0,12,17.11,2879000.0,3.5,689,IT Services,1154000.0,3,9.9,Working capital for raw material procurement,Punjab,Male,41,0
MSME100376,796000.0,24,14.05,2397000.0,2.19,605,Logistics,507000.0,1,8.1,Upgrade delivery fleet and cold-storage units,West Bengal,Female,44,0
MSME100377,896000.0,24,17.85,1863000.0,1.37,641,Manufacturing,971000.0,0,14.8,Expand textile weaving unit with additional looms,Karnataka,Male,33,0
MSME100378,1116000.0,48,12.01,2751000.0,0.8,765,Retail Trade,985000.0,1,6.6,Bridge a seasonal cash crunch ahead of festival demand,Gujarat,Male,42,1
MSME100379,1393000.0,12,12.8,4896000.0,1.06,697,Manufacturing,1898000.0,3,1.7,Upgrade delivery fleet and cold-storage units,Tamil Nadu,Male,34,1
MSME100380,711000.0,48,12.35,3687000.0,2.17,691,Logistics,299000.0,2,1.9,Refinance existing high-interest debt and consolidate dues,Punjab,Male,39,0
MSME100381,415000.0,36,13.62,1493000.0,1.01,670,Textiles,318000.0,1,3.6,Purchase of new machinery to expand production capacity,Punjab,Female,8,0
MSME100382,751000.0,24,11.74,3409000.0,2.76,706,Retail Trade,963000.0,0,8.0,Expand textile weaving unit with additional looms,Punjab,Male,41,0
MSME100383,572000.0,24,12.99,2551000.0,2.22,750,Construction,248000.0,1,8.7,Purchase of new machinery to expand production capacity,Tamil Nadu,Male,38,0
MSME100384,795000.0,24,14.53,3193000.0,1.61,588,Textiles,543000.0,1,8.3,Upgrade delivery fleet and cold-storage units,Maharashtra,Male,28,1
MSME100385,696000.0,60,15.46,2528000.0,1.18,622,Food Processing,1096000.0,0,1.3,Open a second retail outlet in the district,Uttar Pradesh,Male,57,0
MSME100386,427000.0,48,16.1,927000.0,1.28,770,Retail Trade,177000.0,1,9.8,Purchase of new machinery to expand production capacity,Kerala,Female,15,0
MSME100387,363000.0,24,15.2,1334000.0,1.49,713,IT Services,279000.0,0,5.4,Upgrade delivery fleet and cold-storage units,West Bengal,Male,39,0
MSME100388,422000.0,36,14.41,2079000.0,1.78,631,Food Processing,114000.0,1,7.7,Working capital for raw material procurement,Karnataka,Female,29,0
MSME100389,1667000.0,60,13.99,3016000.0,0.62,555,IT Services,1281000.0,1,1.8,Bridge a seasonal cash crunch ahead of festival demand,Gujarat,Female,19,1
MSME100390,686000.0,48,14.76,2346000.0,0.98,620,Logistics,1037000.0,0,7.1,Refinance existing high-interest debt and consolidate dues,Maharashtra,Female,36,0
MSME100391,567000.0,48,13.01,1864000.0,2.09,730,Textiles,873000.0,2,7.0,Emergency funds after delayed receivables from buyers,Gujarat,Female,52,1
MSME100392,1141000.0,12,15.21,3751000.0,0.6,677,Food Processing,367000.0,0,3.2,Working capital for raw material procurement,Punjab,Male,16,1
MSME100393,433000.0,12,13.04,1270000.0,0.49,696,Manufacturing,515000.0,0,1.7,Expand textile weaving unit with additional looms,Maharashtra,Male,20,0
MSME100394,1972000.0,36,12.63,11823000.0,1.73,857,Retail Trade,502000.0,1,4.0,Expand textile weaving unit with additional looms,Tamil Nadu,Female,50,0
MSME100395,610000.0,12,12.01,1388000.0,2.2,570,Logistics,824000.0,0,5.7,Working capital for raw material procurement,Tamil Nadu,Male,14,0
MSME100396,283000.0,36,13.12,869000.0,2.38,585,IT Services,502000.0,0,14.6,Bridge a seasonal cash crunch ahead of festival demand,West Bengal,Male,3,0
MSME100397,833000.0,12,16.43,2060000.0,0.43,694,Retail Trade,1268000.0,0,3.0,Working capital for raw material procurement,West Bengal,Male,25,0
MSME100398,901000.0,60,8.72,5170000.0,0.76,828,IT Services,760000.0,0,7.1,Working capital for raw material procurement,Maharashtra,Male,2,0
MSME100399,2617000.0,24,14.93,14288000.0,2.21,545,Logistics,3235000.0,0,8.8,Purchase of new machinery to expand production capacity,Tamil Nadu,Male,42,1
MSME100400,471000.0,84,12.66,897000.0,3.41,608,Food Processing,147000.0,0,2.0,Open a second retail outlet in the district,West Bengal,Male,13,0
MSME100401,776000.0,84,12.69,3883000.0,1.11,675,Food Processing,430000.0,1,1.5,Purchase of new machinery to expand production capacity,Kerala,Female,47,0
MSME100402,374000.0,36,18.43,1704000.0,0.96,722,Retail Trade,235000.0,1,4.1,Working capital for raw material procurement,Karnataka,Female,42,0
MSME100403,703000.0,60,13.81,1301000.0,1.28,693,Retail Trade,1241000.0,0,0.9,Expand textile weaving unit with additional looms,Tamil Nadu,Male,41,0
MSME100404,253000.0,24,8.54,880000.0,2.0,729,Manufacturing,186000.0,1,5.2,Refinance existing high-interest debt and consolidate dues,Tamil Nadu,Male,24,0
MSME100405,638000.0,24,14.16,1176000.0,1.61,535,Food Processing,496000.0,1,2.5,Working capital for raw material procurement,Maharashtra,Female,9,0
MSME100406,917000.0,36,15.77,2521000.0,1.29,689,IT Services,600000.0,1,0.5,Bridge a seasonal cash crunch ahead of festival demand,Gujarat,Male,3,0
MSME100407,1141000.0,60,15.0,3122000.0,3.5,601,Agriculture,851000.0,1,11.9,Working capital for raw material procurement,Maharashtra,Male,4,0
MSME100408,394000.0,12,12.72,1345000.0,1.84,744,Construction,121000.0,1,1.9,Purchase of new machinery to expand production capacity,Karnataka,Female,6,0
MSME100409,288000.0,12,15.33,1597000.0,0.76,710,Manufacturing,294000.0,0,4.8,Open a second retail outlet in the district,Gujarat,Male,54,0
MSME100410,357000.0,12,11.53,1723000.0,1.25,586,Food Processing,331000.0,1,7.2,Refinance existing high-interest debt and consolidate dues,Tamil Nadu,Male,48,1
MSME100411,949000.0,48,15.73,1642000.0,1.4,602,Retail Trade,662000.0,1,4.8,Open a second retail outlet in the district,Punjab,Male,16,1
MSME100412,878000.0,12,12.19,3008000.0,0.75,636,Textiles,999000.0,0,7.4,Bridge a seasonal cash crunch ahead of festival demand,Gujarat,Female,56,1
MSME100413,312000.0,36,16.34,1394000.0,2.11,775,Logistics,507000.0,0,5.2,Refinance existing high-interest debt and consolidate dues,Tamil Nadu,Female,11,0
MSME100414,468000.0,48,8.0,2538000.0,1.75,691,Retail Trade,316000.0,0,9.5,Bridge a seasonal cash crunch ahead of festival demand,Gujarat,Male,9,0
MSME100415,579000.0,24,16.77,3391000.0,2.25,762,Food Processing,363000.0,1,8.6,Working capital for raw material procurement,Karnataka,Male,11,0
MSME100416,361000.0,48,13.35,1408000.0,1.23,713,Textiles,303000.0,0,7.3,Open a second retail outlet in the district,Kerala,Female,30,0
MSME100417,147000.0,12,14.66,852000.0,0.99,611,Manufacturing,152000.0,1,6.7,Expand textile weaving unit with additional looms,Tamil Nadu,Male,50,1
MSME100418,1208000.0,48,10.01,6562000.0,0.3,759,Manufacturing,1738000.0,0,10.6,Upgrade delivery fleet and cold-storage units,Kerala,Female,43,0
MSME100419,334000.0,48,14.11,668000.0,1.12,718,IT Services,521000.0,1,5.1,Refinance existing high-interest debt and consolidate dues,Kerala,Male,28,1
MSME100420,712000.0,24,17.67,3978000.0,0.68,704,Manufacturing,739000.0,0,5.8,Purchase of new machinery to expand production capacity,Maharashtra,Female,18,0
MSME100421,495000.0,36,12.48,2248000.0,2.1,741,Construction,784000.0,0,3.3,Refinance existing high-interest debt and consolidate dues,Gujarat,Male,23,0
MSME100422,441000.0,24,10.94,1839000.0,2.03,789,Logistics,163000.0,0,1.9,Bridge a seasonal cash crunch ahead of festival demand,Kerala,Male,28,0
MSME100423,424000.0,36,16.26,903000.0,1.08,656,Retail Trade,299000.0,0,5.4,Emergency funds after delayed receivables from buyers,Punjab,Male,39,0
MSME100424,2157000.0,36,14.74,8322000.0,1.13,528,Food Processing,1160000.0,0,8.7,Purchase of new machinery to expand production capacity,Tamil Nadu,Female,50,1
MSME100425,444000.0,12,9.76,1569000.0,1.87,721,Retail Trade,590000.0,2,2.5,Expand textile weaving unit with additional looms,Tamil Nadu,Female,17,0
MSME100426,243000.0,36,12.73,1201000.0,0.32,784,Textiles,364000.0,1,2.5,Bridge a seasonal cash crunch ahead of festival demand,Uttar Pradesh,Female,2,1
MSME100427,239000.0,60,14.1,995000.0,1.48,563,Logistics,212000.0,0,4.1,Expand textile weaving unit with additional looms,Gujarat,Male,28,1
MSME100428,260000.0,12,17.24,877000.0,1.26,736,Logistics,114000.0,0,4.0,Expand textile weaving unit with additional looms,West Bengal,Male,31,1
MSME100429,301000.0,60,16.58,1082000.0,0.53,671,Retail Trade,286000.0,2,8.9,Bridge a seasonal cash crunch ahead of festival demand,Punjab,Female,3,1
MSME100430,1054000.0,60,8.0,2133000.0,1.62,607,Food Processing,1671000.0,1,14.8,Bridge a seasonal cash crunch ahead of festival demand,West Bengal,Male,23,1
MSME100431,811000.0,48,10.81,2394000.0,3.23,581,IT Services,721000.0,1,9.2,Upgrade delivery fleet and cold-storage units,Maharashtra,Male,55,0
MSME100432,655000.0,60,12.54,3280000.0,3.5,634,Textiles,425000.0,0,0.8,Refinance existing high-interest debt and consolidate dues,Kerala,Male,15,0
MSME100433,852000.0,36,12.83,4265000.0,1.06,650,Food Processing,998000.0,0,1.2,Bridge a seasonal cash crunch ahead of festival demand,Karnataka,Female,58,0
MSME100434,370000.0,48,15.43,630000.0,1.0,702,Textiles,256000.0,1,3.4,Open a second retail outlet in the district,Kerala,Male,8,0
MSME100435,1133000.0,48,16.48,5357000.0,2.67,722,Construction,1237000.0,0,3.6,Working capital for raw material procurement,Karnataka,Female,54,0
MSME100436,242000.0,12,13.36,1111000.0,0.75,617,Agriculture,335000.0,1,5.2,Working capital for raw material procurement,Gujarat,Male,36,1
MSME100437,584000.0,60,19.45,1087000.0,1.0,652,Manufacturing,425000.0,2,3.1,Upgrade delivery fleet and cold-storage units,Tamil Nadu,Male,28,1
MSME100438,870000.0,36,10.82,4900000.0,2.68,693,Retail Trade,222000.0,3,7.4,Expand textile weaving unit with additional looms,Gujarat,Female,56,0
MSME100439,543000.0,60,10.82,1573000.0,2.05,672,Textiles,322000.0,0,9.6,Purchase of new machinery to expand production capacity,Maharashtra,Male,21,0
MSME100440,297000.0,12,16.81,961000.0,0.68,754,Manufacturing,329000.0,1,4.1,Upgrade delivery fleet and cold-storage units,Tamil Nadu,Female,53,0
MSME100441,550000.0,36,17.93,2605000.0,2.9,766,Textiles,510000.0,0,1.8,Upgrade delivery fleet and cold-storage units,Karnataka,Female,22,0
MSME100442,313000.0,48,13.9,1693000.0,2.14,692,Logistics,472000.0,1,2.7,Refinance existing high-interest debt and consolidate dues,Punjab,Female,57,0
MSME100443,599000.0,24,15.6,2301000.0,1.41,685,Manufacturing,1064000.0,2,1.9,Upgrade delivery fleet and cold-storage units,Uttar Pradesh,Male,36,1
MSME100444,753000.0,36,11.78,1378000.0,1.73,741,Construction,614000.0,0,2.5,Refinance existing high-interest debt and consolidate dues,West Bengal,Female,35,0
MSME100445,586000.0,24,11.36,3085000.0,2.31,665,Construction,625000.0,0,11.5,Upgrade delivery fleet and cold-storage units,Tamil Nadu,Male,56,0
MSME100446,612000.0,24,12.26,1782000.0,1.21,696,Retail Trade,842000.0,2,8.3,Bridge a seasonal cash crunch ahead of festival demand,Karnataka,Female,26,0
MSME100447,446000.0,60,11.74,2531000.0,2.26,594,Construction,502000.0,0,8.3,Refinance existing high-interest debt and consolidate dues,Maharashtra,Female,24,0
MSME100448,533000.0,12,14.06,2939000.0,2.39,661,Retail Trade,546000.0,0,7.8,Bridge a seasonal cash crunch ahead of festival demand,Maharashtra,Male,27,0
MSME100449,411000.0,48,13.03,2248000.0,1.04,640,Manufacturing,588000.0,0,13.3,Open a second retail outlet in the district,West Bengal,Male,56,0
MSME100450,846000.0,36,12.2,4968000.0,2.39,626,Logistics,826000.0,0,1.3,Expand textile weaving unit with additional looms,Maharashtra,Male,59,0
MSME100451,351000.0,36,15.66,1843000.0,2.92,675,Manufacturing,521000.0,2,4.6,Purchase of new machinery to expand production capacity,Punjab,Male,28,0
MSME100452,1040000.0,12,14.18,2628000.0,1.89,670,Textiles,289000.0,0,10.9,Upgrade delivery fleet and cold-storage units,Karnataka,Female,40,0
MSME100453,428000.0,36,11.12,1451000.0,2.32,559,Construction,482000.0,0,7.8,Refinance existing high-interest debt and consolidate dues,West Bengal,Male,40,0
MSME100454,639000.0,12,16.13,2540000.0,3.2,688,Food Processing,315000.0,1,6.0,Purchase of new machinery to expand production capacity,Karnataka,Male,25,0
MSME100455,155000.0,24,13.91,266000.0,2.12,757,Retail Trade,262000.0,0,3.6,Upgrade delivery fleet and cold-storage units,West Bengal,Male,20,0
MSME100456,797000.0,36,17.24,1340000.0,2.74,742,IT Services,1280000.0,0,5.7,Purchase of new machinery to expand production capacity,Gujarat,Male,47,0
MSME100457,497000.0,36,10.9,1441000.0,1.91,661,Retail Trade,477000.0,1,2.6,Working capital for raw material procurement,Uttar Pradesh,Male,27,1
MSME100458,597000.0,48,12.13,948000.0,1.81,657,Retail Trade,283000.0,0,3.8,Refinance existing high-interest debt and consolidate dues,Gujarat,Female,31,0
MSME100459,524000.0,48,15.7,1646000.0,2.79,767,IT Services,910000.0,0,5.5,Working capital for raw material procurement,West Bengal,Male,53,0
MSME100460,236000.0,12,11.54,1360000.0,0.63,804,Retail Trade,423000.0,0,7.6,Upgrade delivery fleet and cold-storage units,Karnataka,Male,42,0
MSME100461,1134000.0,24,12.12,3121000.0,0.59,611,Food Processing,1749000.0,0,3.1,Refinance existing high-interest debt and consolidate dues,Karnataka,Male,50,0
MSME100462,392000.0,48,11.28,1776000.0,0.79,636,Logistics,334000.0,1,3.0,Working capital for raw material procurement,West Bengal,Male,38,1
MSME100463,376000.0,48,20.13,946000.0,1.49,607,Manufacturing,392000.0,1,2.7,Refinance existing high-interest debt and consolidate dues,Kerala,Male,16,0
MSME100464,509000.0,36,14.92,1674000.0,1.79,719,Agriculture,833000.0,0,11.7,Upgrade delivery fleet and cold-storage units,Kerala,Male,29,0
MSME100465,258000.0,36,16.47,1048000.0,1.64,707,Construction,300000.0,0,1.8,Bridge a seasonal cash crunch ahead of festival demand,Uttar Pradesh,Male,11,1
MSME100466,588000.0,24,15.86,3393000.0,1.66,704,Retail Trade,119000.0,0,16.6,Expand textile weaving unit with additional looms,Gujarat,Female,52,0
MSME100467,853000.0,48,15.49,5008000.0,2.14,604,IT Services,580000.0,2,2.2,Open a second retail outlet in the district,Uttar Pradesh,Male,33,0
MSME100468,1580000.0,36,9.15,6596000.0,1.85,685,Textiles,1629000.0,0,0.6,Emergency funds after delayed receivables from buyers,Uttar Pradesh,Female,10,0
MSME100469,335000.0,36,10.46,926000.0,0.49,717,Logistics,474000.0,0,2.6,Open a second retail outlet in the district,Punjab,Male,39,0
MSME100470,234000.0,12,8.87,897000.0,0.77,676,Agriculture,418000.0,1,1.2,Purchase of new machinery to expand production capacity,Punjab,Male,5,1
MSME100471,213000.0,36,10.02,877000.0,0.98,639,IT Services,155000.0,0,5.0,Bridge a seasonal cash crunch ahead of festival demand,Punjab,Male,38,0
MSME100472,431000.0,24,16.27,1567000.0,0.3,705,Retail Trade,574000.0,1,3.0,Upgrade delivery fleet and cold-storage units,Uttar Pradesh,Male,30,0
MSME100473,255000.0,48,13.45,966000.0,0.48,602,Manufacturing,176000.0,0,4.3,Open a second retail outlet in the district,Uttar Pradesh,Female,21,1
MSME100474,167000.0,36,11.56,888000.0,0.88,581,Construction,140000.0,2,14.7,Upgrade delivery fleet and cold-storage units,Gujarat,Male,36,1
MSME100475,593000.0,48,17.48,1337000.0,2.11,707,Construction,1012000.0,0,3.3,Emergency funds after delayed receivables from buyers,Punjab,Male,35,0
MSME100476,930000.0,60,9.48,4856000.0,1.33,623,Textiles,1260000.0,0,8.3,Emergency funds after delayed receivables from buyers,Punjab,Male,52,1
MSME100477,202000.0,48,16.05,381000.0,1.74,671,Textiles,291000.0,2,2.3,Open a second retail outlet in the district,Maharashtra,Male,21,1
MSME100478,408000.0,84,15.1,1043000.0,0.6,691,Construction,474000.0,1,3.7,Refinance existing high-interest debt and consolidate dues,Punjab,Male,54,1
MSME100479,707000.0,48,16.38,2812000.0,1.72,783,Manufacturing,402000.0,1,2.8,Working capital for raw material procurement,Karnataka,Male,10,0
MSME100480,575000.0,36,9.14,3115000.0,1.98,557,Construction,768000.0,0,4.0,Purchase of new machinery to expand production capacity,Punjab,Male,55,1
MSME100481,305000.0,36,15.26,944000.0,1.43,742,Retail Trade,214000.0,1,3.3,Working capital for raw material procurement,Punjab,Male,40,0
MSME100482,1730000.0,48,13.47,5434000.0,1.21,569,Logistics,1331000.0,0,14.3,Open a second retail outlet in the district,Karnataka,Male,53,1
MSME100483,181000.0,60,11.2,333000.0,0.76,654,Textiles,42000.0,0,5.0,Refinance existing high-interest debt and consolidate dues,Uttar Pradesh,Male,6,1
MSME100484,410000.0,36,10.72,1358000.0,1.12,817,Logistics,686000.0,1,4.5,Bridge a seasonal cash crunch ahead of festival demand,Kerala,Male,53,0
MSME100485,699000.0,24,11.98,3824000.0,1.22,713,Retail Trade,632000.0,0,2.6,Purchase of new machinery to expand production capacity,West Bengal,Female,46,0
MSME100486,142000.0,60,12.08,834000.0,1.75,763,Manufacturing,51000.0,0,3.5,Working capital for raw material procurement,Tamil Nadu,Male,20,0
MSME100487,410000.0,12,18.65,722000.0,2.87,600,Retail Trade,414000.0,0,3.5,Open a second retail outlet in the district,Punjab,Male,39,0
MSME100488,1050000.0,36,12.2,3797000.0,1.68,761,Food Processing,915000.0,0,2.3,Emergency funds after delayed receivables from buyers,Tamil Nadu,Male,40,1
MSME100489,717000.0,60,14.34,2838000.0,2.47,642,Logistics,820000.0,1,2.9,Emergency funds after delayed receivables from buyers,West Bengal,Male,49,0
MSME100490,514000.0,48,13.09,2380000.0,2.24,645,Manufacturing,383000.0,0,4.1,Open a second retail outlet in the district,West Bengal,Male,44,0
MSME100491,261000.0,48,9.72,883000.0,2.19,681,Textiles,318000.0,1,7.8,Working capital for raw material procurement,Kerala,Female,27,0
MSME100492,321000.0,24,11.33,960000.0,1.88,605,Manufacturing,522000.0,2,4.1,Working capital for raw material procurement,Tamil Nadu,Male,2,1
MSME100493,86000.0,36,10.22,410000.0,0.71,668,Manufacturing,21000.0,1,5.2,Open a second retail outlet in the district,Uttar Pradesh,Female,18,1
MSME100494,441000.0,48,16.18,1552000.0,0.97,891,Food Processing,584000.0,0,1.2,Upgrade delivery fleet and cold-storage units,Kerala,Female,11,0
MSME100495,275000.0,24,13.11,1114000.0,0.84,817,IT Services,340000.0,0,9.3,Expand textile weaving unit with additional looms,Kerala,Male,53,0
MSME100496,232000.0,36,10.01,1114000.0,0.94,744,IT Services,183000.0,1,8.1,Upgrade delivery fleet and cold-storage units,Maharashtra,Male,53,0
MSME100497,454000.0,84,13.21,1962000.0,0.96,726,IT Services,755000.0,1,13.6,Open a second retail outlet in the district,Gujarat,Male,41,0
MSME100498,446000.0,48,13.49,1999000.0,1.84,703,Manufacturing,213000.0,1,4.1,Emergency funds after delayed receivables from buyers,Punjab,Female,39,0
MSME100499,2060000.0,24,11.21,10877000.0,1.17,609,Manufacturing,3299000.0,0,4.0,Purchase of new machinery to expand production capacity,Maharashtra,Male,53,0
MSME100500,261000.0,24,10.51,1154000.0,1.12,719,Retail Trade,269000.0,0,2.5,Bridge a seasonal cash crunch ahead of festival demand,Maharashtra,Male,50,0
MSME100501,211000.0,36,15.89,887000.0,0.61,643,IT Services,129000.0,1,7.9,Purchase of new machinery to expand production capacity,Maharashtra,Female,40,0
MSME100502,639000.0,36,16.72,2374000.0,2.93,695,Logistics,460000.0,0,6.0,Upgrade delivery fleet and cold-storage units,Karnataka,Male,15,0
MSME100503,1491000.0,48,14.75,7006000.0,1.09,747,Construction,1243000.0,0,4.2,Expand textile weaving unit with additional looms,Kerala,Female,54,0
MSME100504,533000.0,48,10.56,839000.0,1.94,660,Food Processing,527000.0,2,1.6,Working capital for raw material procurement,Gujarat,Male,36,0
MSME100505,697000.0,24,13.3,1147000.0,0.8,727,Food Processing,421000.0,0,6.2,Expand textile weaving unit with additional looms,Uttar Pradesh,Female,24,0
MSME100506,225000.0,12,11.04,571000.0,1.38,612,Agriculture,271000.0,1,2.0,Refinance existing high-interest debt and consolidate dues,Uttar Pradesh,Male,16,0
MSME100507,2069000.0,48,8.78,5219000.0,0.65,725,Manufacturing,3629000.0,0,11.6,Bridge a seasonal cash crunch ahead of festival demand,Karnataka,Male,37,0
MSME100508,201000.0,36,14.83,546000.0,0.93,723,IT Services,165000.0,0,1.9,Upgrade delivery fleet and cold-storage units,Punjab,Male,1,0
MSME100509,731000.0,24,10.41,2793000.0,1.3,674,Food Processing,421000.0,1,7.6,Refinance existing high-interest debt and consolidate dues,Maharashtra,Female,10,0
MSME100510,1442000.0,24,15.72,2642000.0,2.15,731,Retail Trade,627000.0,1,0.9,Upgrade delivery fleet and cold-storage units,Tamil Nadu,Male,2,0
MSME100511,1183000.0,24,11.14,6771000.0,0.87,674,IT Services,404000.0,2,12.0,Upgrade delivery fleet and cold-storage units,Uttar Pradesh,Female,15,0
MSME100512,299000.0,48,8.96,1304000.0,1.5,835,Retail Trade,494000.0,0,3.8,Refinance existing high-interest debt and consolidate dues,Tamil Nadu,Male,38,0
MSME100513,361000.0,48,11.78,1501000.0,1.97,778,Retail Trade,309000.0,3,5.7,Purchase of new machinery to expand production capacity,West Bengal,Male,27,0
MSME100514,574000.0,48,13.67,2238000.0,1.3,816,Retail Trade,442000.0,0,7.9,Open a second retail outlet in the district,Maharashtra,Female,42,0
MSME100515,511000.0,48,13.03,1949000.0,1.51,564,Retail Trade,229000.0,1,11.3,Refinance existing high-interest debt and consolidate dues,Maharashtra,Female,11,1
MSME100516,916000.0,12,12.13,4601000.0,0.65,708,Food Processing,857000.0,0,3.4,Refinance existing high-interest debt and consolidate dues,Gujarat,Female,7,0
MSME100517,273000.0,24,12.76,1284000.0,1.39,782,Retail Trade,55000.0,0,7.9,Refinance existing high-interest debt and consolidate dues,Uttar Pradesh,Female,2,0
MSME100518,325000.0,12,16.76,1752000.0,2.32,652,Retail Trade,282000.0,1,0.6,Expand textile weaving unit with additional looms,Karnataka,Female,6,0
MSME100519,881000.0,12,11.33,4770000.0,1.83,671,Logistics,1446000.0,0,13.6,Working capital for raw material procurement,West Bengal,Female,27,0
MSME100520,251000.0,84,17.49,400000.0,1.0,768,IT Services,337000.0,0,1.2,Purchase of new machinery to expand production capacity,Karnataka,Male,25,0
MSME100521,1119000.0,36,16.89,1861000.0,0.81,756,Retail Trade,610000.0,0,9.3,Upgrade delivery fleet and cold-storage units,Kerala,Male,12,1
MSME100522,1211000.0,36,16.82,4732000.0,3.5,702,IT Services,1881000.0,0,1.5,Purchase of new machinery to expand production capacity,Punjab,Male,5,0
MSME100523,507000.0,12,17.76,2378000.0,1.91,662,Manufacturing,350000.0,0,22.8,Working capital for raw material procurement,Punjab,Male,5,0
MSME100524,434000.0,60,13.76,2038000.0,1.74,762,Textiles,703000.0,0,2.0,Expand textile weaving unit with additional looms,Kerala,Female,11,0
MSME100525,985000.0,48,13.73,4845000.0,1.24,729,Textiles,1276000.0,2,4.3,Bridge a seasonal cash crunch ahead of festival demand,Uttar Pradesh,Female,51,1
MSME100526,1033000.0,48,12.52,2730000.0,0.79,812,Retail Trade,1583000.0,0,2.1,Open a second retail outlet in the district,Karnataka,Female,34,0
MSME100527,813000.0,84,16.42,2185000.0,1.57,606,Manufacturing,1263000.0,1,4.8,Working capital for raw material procurement,Tamil Nadu,Male,55,0
MSME100528,354000.0,36,11.7,1491000.0,1.0,753,Manufacturing,463000.0,0,2.1,Open a second retail outlet in the district,Gujarat,Male,49,0
MSME100529,182000.0,60,20.83,363000.0,2.03,685,Construction,80000.0,0,10.5,Emergency funds after delayed receivables from buyers,Gujarat,Female,3,0
MSME100530,477000.0,48,13.58,880000.0,0.86,610,Manufacturing,162000.0,1,7.8,Upgrade delivery fleet and cold-storage units,Kerala,Male,4,1
MSME100531,378000.0,48,14.37,2019000.0,1.61,775,Retail Trade,439000.0,0,2.3,Refinance existing high-interest debt and consolidate dues,Punjab,Female,24,0
MSME100532,185000.0,36,14.66,341000.0,1.05,862,Manufacturing,266000.0,1,12.0,Bridge a seasonal cash crunch ahead of festival demand,Karnataka,Male,58,0
MSME100533,480000.0,12,11.59,2772000.0,0.48,648,Retail Trade,513000.0,0,1.0,Purchase of new machinery to expand production capacity,Punjab,Male,30,0
MSME100534,605000.0,12,12.03,2324000.0,0.51,510,IT Services,211000.0,1,5.2,Working capital for raw material procurement,West Bengal,Female,11,1
MSME100535,111000.0,12,12.58,297000.0,0.97,683,Retail Trade,154000.0,0,1.1,Working capital for raw material procurement,Tamil Nadu,Female,32,1
MSME100536,367000.0,24,15.65,1551000.0,1.63,719,Construction,615000.0,1,2.1,Purchase of new machinery to expand production capacity,Kerala,Male,15,0
MSME100537,560000.0,24,14.67,896000.0,1.89,695,IT Services,301000.0,1,1.8,Open a second retail outlet in the district,Kerala,Male,21,0
MSME100538,186000.0,36,13.37,546000.0,2.61,611,Textiles,331000.0,1,4.1,Refinance existing high-interest debt and consolidate dues,Karnataka,Male,19,0
MSME100539,548000.0,84,9.32,2017000.0,1.68,587,Food Processing,415000.0,1,2.8,Purchase of new machinery to expand production capacity,Punjab,Female,36,1
MSME100540,387000.0,12,15.53,831000.0,0.84,733,Food Processing,548000.0,0,9.5,Purchase of new machinery to expand production capacity,West Bengal,Male,37,0
MSME100541,2941000.0,60,13.39,7779000.0,0.71,744,Construction,3662000.0,1,3.4,Emergency funds after delayed receivables from buyers,Tamil Nadu,Male,33,0
MSME100542,751000.0,24,15.93,4097000.0,1.78,627,Retail Trade,783000.0,0,7.9,Purchase of new machinery to expand production capacity,Maharashtra,Female,38,0
MSME100543,884000.0,36,19.25,2477000.0,2.97,800,Construction,1291000.0,2,3.0,Refinance existing high-interest debt and consolidate dues,Kerala,Male,40,0
MSME100544,333000.0,24,12.37,1446000.0,1.57,662,Construction,212000.0,0,2.8,Open a second retail outlet in the district,Gujarat,Female,24,0
MSME100545,275000.0,84,11.66,1248000.0,0.81,765,Logistics,236000.0,0,3.6,Bridge a seasonal cash crunch ahead of festival demand,Uttar Pradesh,Male,28,1
MSME100546,573000.0,24,11.5,2681000.0,1.09,605,Manufacturing,857000.0,0,14.9,Open a second retail outlet in the district,Karnataka,Male,57,0
MSME100547,751000.0,36,15.88,1792000.0,1.59,781,Food Processing,684000.0,0,6.3,Refinance existing high-interest debt and consolidate dues,Gujarat,Male,39,0
MSME100548,377000.0,36,19.1,654000.0,0.68,793,Food Processing,275000.0,1,1.7,Purchase of new machinery to expand production capacity,Kerala,Male,40,1
MSME100549,528000.0,48,13.56,2275000.0,1.59,621,Manufacturing,832000.0,0,14.5,Upgrade delivery fleet and cold-storage units,Uttar Pradesh,Female,34,0
MSME100550,824000.0,48,14.57,4580000.0,1.16,602,Retail Trade,477000.0,2,1.8,Bridge a seasonal cash crunch ahead of festival demand,Punjab,Male,53,1
MSME100551,528000.0,60,17.05,2598000.0,0.3,721,Retail Trade,663000.0,1,3.0,Expand textile weaving unit with additional looms,Uttar Pradesh,Male,47,1
MSME100552,301000.0,36,11.02,1612000.0,2.14,644,Food Processing,364000.0,0,7.8,Refinance existing high-interest debt and consolidate dues,Kerala,Male,3,0
MSME100553,737000.0,60,17.17,3510000.0,0.8,678,Retail Trade,1242000.0,1,4.0,Purchase of new machinery to expand production capacity,Karnataka,Male,2,1
MSME100554,3114000.0,48,10.76,16303000.0,2.32,778,Logistics,4421000.0,0,7.0,Bridge a seasonal cash crunch ahead of festival demand,West Bengal,Female,6,0
MSME100555,3351000.0,12,14.68,9362000.0,1.36,790,Logistics,1307000.0,0,11.4,Emergency funds after delayed receivables from buyers,Maharashtra,Male,38,1
MSME100556,630000.0,60,12.77,3752000.0,0.76,686,Manufacturing,990000.0,3,6.5,Working capital for raw material procurement,West Bengal,Male,6,1
MSME100557,1013000.0,60,11.04,5611000.0,1.33,607,Manufacturing,1742000.0,0,0.8,Purchase of new machinery to expand production capacity,Tamil Nadu,Male,18,0
MSME100558,255000.0,12,13.32,519000.0,0.59,554,Construction,208000.0,2,2.1,Emergency funds after delayed receivables from buyers,Uttar Pradesh,Female,30,1
MSME100559,454000.0,24,12.31,1096000.0,2.83,725,Construction,777000.0,0,3.6,Expand textile weaving unit with additional looms,Kerala,Male,54,0
MSME100560,832000.0,48,10.01,3190000.0,1.61,755,Food Processing,287000.0,1,3.5,Open a second retail outlet in the district,Tamil Nadu,Female,38,0
MSME100561,534000.0,60,15.89,2614000.0,2.75,727,Retail Trade,604000.0,0,1.6,Working capital for raw material procurement,Karnataka,Male,50,0
MSME100562,416000.0,24,9.77,2388000.0,1.46,728,Manufacturing,531000.0,2,12.3,Upgrade delivery fleet and cold-storage units,Uttar Pradesh,Female,35,0
MSME100563,1271000.0,48,11.6,5820000.0,0.55,590,Manufacturing,467000.0,0,12.0,Emergency funds after delayed receivables from buyers,Kerala,Male,19,1
MSME100564,398000.0,60,13.36,633000.0,1.28,661,Retail Trade,217000.0,1,3.9,Open a second retail outlet in the district,Kerala,Female,33,0
MSME100565,420000.0,48,11.25,1477000.0,0.98,738,Logistics,598000.0,0,9.0,Emergency funds after delayed receivables from buyers,Uttar Pradesh,Male,7,0
MSME100566,1023000.0,24,12.56,4690000.0,1.83,705,Textiles,261000.0,1,5.9,Emergency funds after delayed receivables from buyers,Tamil Nadu,Male,3,0
MSME100567,199000.0,48,14.56,428000.0,0.9,685,Retail Trade,159000.0,1,1.2,Open a second retail outlet in the district,Maharashtra,Male,38,0
MSME100568,222000.0,48,12.18,426000.0,3.15,780,Construction,349000.0,0,8.1,Refinance existing high-interest debt and consolidate dues,Kerala,Male,20,0
MSME100569,1203000.0,24,13.96,3768000.0,0.3,816,IT Services,1162000.0,0,2.9,Working capital for raw material procurement,West Bengal,Female,37,0
MSME100570,746000.0,12,18.34,4119000.0,0.82,619,Construction,777000.0,0,8.1,Working capital for raw material procurement,Tamil Nadu,Male,52,1
MSME100571,1252000.0,60,16.72,4090000.0,1.12,713,Food Processing,2131000.0,0,3.9,Bridge a seasonal cash crunch ahead of festival demand,Gujarat,Female,42,0
MSME100572,1130000.0,36,11.16,6225000.0,0.92,648,Logistics,1980000.0,0,4.9,Open a second retail outlet in the district,Uttar Pradesh,Male,46,0
MSME100573,387000.0,48,12.85,2035000.0,1.8,648,Manufacturing,185000.0,0,6.2,Expand textile weaving unit with additional looms,Uttar Pradesh,Male,14,0
MSME100574,258000.0,12,11.69,456000.0,2.9,849,Textiles,408000.0,0,4.1,Emergency funds after delayed receivables from buyers,West Bengal,Male,27,0
MSME100575,718000.0,84,16.6,2516000.0,0.5,742,Agriculture,488000.0,0,2.2,Open a second retail outlet in the district,Maharashtra,Male,30,0
MSME100576,656000.0,60,12.92,1618000.0,0.72,710,Retail Trade,383000.0,0,5.3,Working capital for raw material procurement,Gujarat,Male,30,0
MSME100577,670000.0,36,16.75,2363000.0,1.01,739,IT Services,807000.0,0,6.8,Expand textile weaving unit with additional looms,Gujarat,Male,6,0
MSME100578,342000.0,48,18.04,1349000.0,2.69,587,Retail Trade,95000.0,0,2.3,Working capital for raw material procurement,Gujarat,Male,44,0
MSME100579,1021000.0,48,10.45,1998000.0,1.21,799,Manufacturing,638000.0,0,0.9,Working capital for raw material procurement,Karnataka,Male,9,1
MSME100580,396000.0,84,8.53,740000.0,0.55,744,Construction,371000.0,1,10.9,Open a second retail outlet in the district,Karnataka,Male,27,1
MSME100581,216000.0,36,10.68,930000.0,1.79,604,Retail Trade,266000.0,0,2.3,Open a second retail outlet in the district,Gujarat,Male,25,0
MSME100582,791000.0,60,16.71,2192000.0,1.84,682,Food Processing,708000.0,0,2.0,Bridge a seasonal cash crunch ahead of festival demand,Punjab,Female,21,0
MSME100583,537000.0,24,14.45,1413000.0,1.43,636,Textiles,504000.0,1,1.2,Upgrade delivery fleet and cold-storage units,Gujarat,Male,11,1
MSME100584,394000.0,12,15.39,757000.0,0.93,645,Manufacturing,351000.0,1,7.2,Purchase of new machinery to expand production capacity,Gujarat,Male,58,0
MSME100585,877000.0,36,13.71,3946000.0,3.5,736,Manufacturing,1305000.0,1,4.6,Emergency funds after delayed receivables from buyers,Tamil Nadu,Female,34,0
MSME100586,997000.0,24,16.16,4075000.0,1.37,651,Agriculture,402000.0,1,6.6,Purchase of new machinery to expand production capacity,Uttar Pradesh,Male,52,1
MSME100587,186000.0,48,12.72,486000.0,1.75,647,Logistics,290000.0,0,2.4,Open a second retail outlet in the district,West Bengal,Male,52,0
MSME100588,677000.0,24,14.16,2098000.0,1.09,668,Textiles,730000.0,1,1.9,Emergency funds after delayed receivables from buyers,Tamil Nadu,Female,13,1
MSME100589,728000.0,48,15.34,2561000.0,1.43,629,IT Services,709000.0,0,15.7,Bridge a seasonal cash crunch ahead of festival demand,Punjab,Male,25,0
MSME100590,182000.0,84,18.04,958000.0,1.59,606,Retail Trade,112000.0,2,2.7,Purchase of new machinery to expand production capacity,Maharashtra,Male,37,0
MSME100591,1476000.0,24,11.32,5699000.0,1.75,617,Retail Trade,1844000.0,1,12.5,Refinance existing high-interest debt and consolidate dues,Karnataka,Male,41,0
MSME100592,958000.0,48,16.22,2932000.0,1.35,659,Manufacturing,1535000.0,0,5.4,Upgrade delivery fleet and cold-storage units,Tamil Nadu,Male,56,0
MSME100593,236000.0,84,18.15,1013000.0,0.87,606,Retail Trade,58000.0,1,6.5,Bridge a seasonal cash crunch ahead of festival demand,Gujarat,Male,18,1
MSME100594,1245000.0,84,15.5,7307000.0,2.19,697,Construction,2077000.0,1,2.8,Expand textile weaving unit with additional looms,Kerala,Female,34,0
MSME100595,529000.0,24,12.34,2792000.0,1.33,678,Manufacturing,124000.0,0,7.3,Bridge a seasonal cash crunch ahead of festival demand,Kerala,Male,43,1
MSME100596,1380000.0,12,15.49,3384000.0,0.91,815,Construction,426000.0,2,3.1,Working capital for raw material procurement,West Bengal,Male,48,1
MSME100597,757000.0,36,16.27,2520000.0,1.05,778,Retail Trade,1318000.0,1,5.0,Upgrade delivery fleet and cold-storage units,Gujarat,Female,49,0
MSME100598,579000.0,24,15.47,1602000.0,3.37,617,Manufacturing,562000.0,2,4.4,Purchase of new machinery to expand production capacity,Karnataka,Female,44,0
MSME100599,1666000.0,12,13.77,2802000.0,2.02,732,IT Services,2752000.0,0,7.0,Open a second retail outlet in the district,Kerala,Female,5,0
MSME100600,2224000.0,60,13.37,9060000.0,1.43,696,Construction,1340000.0,0,4.8,Refinance existing high-interest debt and consolidate dues,Tamil Nadu,Male,48,0
MSME100601,516000.0,48,13.21,2434000.0,2.59,620,Construction,559000.0,1,9.3,Emergency funds after delayed receivables from buyers,Tamil Nadu,Male,21,0
MSME100602,723000.0,12,11.5,2373000.0,1.34,659,Manufacturing,1259000.0,0,11.8,Working capital for raw material procurement,Kerala,Female,50,0
MSME100603,258000.0,12,17.95,548000.0,2.09,766,Logistics,363000.0,1,13.2,Upgrade delivery fleet and cold-storage units,Punjab,Male,38,0
MSME100604,339000.0,48,10.37,1692000.0,1.0,760,Food Processing,343000.0,2,10.0,Refinance existing high-interest debt and consolidate dues,Tamil Nadu,Female,13,0
MSME100605,464000.0,36,8.0,2689000.0,2.89,601,Textiles,757000.0,0,2.4,Upgrade delivery fleet and cold-storage units,Tamil Nadu,Male,12,0
MSME100606,2877000.0,36,16.28,5121000.0,1.1,731,Logistics,3041000.0,1,7.6,Purchase of new machinery to expand production capacity,Punjab,Female,35,0
MSME100607,1190000.0,48,14.56,5935000.0,0.3,542,Textiles,1142000.0,0,2.9,Expand textile weaving unit with additional looms,Karnataka,Male,45,1
MSME100608,1083000.0,36,15.42,3749000.0,2.09,678,Construction,1396000.0,0,8.7,Refinance existing high-interest debt and consolidate dues,Maharashtra,Female,16,0
MSME100609,538000.0,12,14.71,1052000.0,1.4,686,Construction,350000.0,0,2.7,Working capital for raw material procurement,Tamil Nadu,Male,35,0
MSME100610,313000.0,84,11.55,544000.0,2.97,688,Retail Trade,552000.0,2,3.3,Emergency funds after delayed receivables from buyers,Karnataka,Male,40,0
MSME100611,710000.0,36,13.53,3097000.0,1.44,641,Retail Trade,1212000.0,0,4.6,Emergency funds after delayed receivables from buyers,Tamil Nadu,Male,26,1
MSME100612,243000.0,48,16.2,1442000.0,1.1,602,Textiles,276000.0,0,3.2,Open a second retail outlet in the district,Karnataka,Female,36,1
MSME100613,303000.0,24,14.04,1640000.0,1.55,595,Construction,293000.0,1,6.1,Refinance existing high-interest debt and consolidate dues,Uttar Pradesh,Male,42,1
MSME100614,214000.0,12,13.59,697000.0,2.28,625,Retail Trade,290000.0,1,8.3,Purchase of new machinery to expand production capacity,Tamil Nadu,Female,10,0
MSME100615,901000.0,36,14.64,2667000.0,0.71,786,IT Services,477000.0,1,4.0,Expand textile weaving unit with additional looms,Tamil Nadu,Male,42,0
MSME100616,154000.0,36,12.78,560000.0,2.17,695,Textiles,86000.0,0,2.6,Purchase of new machinery to expand production capacity,West Bengal,Female,4,0
MSME100617,833000.0,48,16.82,1273000.0,1.29,741,Retail Trade,277000.0,1,3.3,Emergency funds after delayed receivables from buyers,Punjab,Male,46,0
MSME100618,99000.0,36,13.72,295000.0,2.79,540,Food Processing,173000.0,1,1.3,Upgrade delivery fleet and cold-storage units,West Bengal,Female,41,1
MSME100619,1640000.0,36,15.25,9467000.0,1.03,643,IT Services,701000.0,0,9.5,Upgrade delivery fleet and cold-storage units,Uttar Pradesh,Male,22,0
MSME100620,167000.0,12,11.51,740000.0,0.73,672,Textiles,213000.0,2,7.0,Open a second retail outlet in the district,Karnataka,Female,22,1
MSME100621,1683000.0,12,11.16,2946000.0,1.37,590,Logistics,1843000.0,0,8.3,Purchase of new machinery to expand production capacity,Kerala,Female,57,1
MSME100622,1509000.0,36,11.34,6018000.0,1.31,746,Manufacturing,1066000.0,1,11.1,Expand textile weaving unit with additional looms,Uttar Pradesh,Male,42,0
MSME100623,486000.0,24,8.0,2634000.0,0.75,577,IT Services,782000.0,2,1.4,Open a second retail outlet in the district,Punjab,Male,25,1
MSME100624,273000.0,24,13.72,690000.0,3.41,656,Textiles,67000.0,0,5.9,Open a second retail outlet in the district,Kerala,Male,33,0
MSME100625,349000.0,12,15.16,609000.0,2.03,826,Construction,398000.0,3,0.5,Upgrade delivery fleet and cold-storage units,Gujarat,Male,21,0
MSME100626,458000.0,12,16.91,1482000.0,1.17,692,Logistics,578000.0,0,8.9,Open a second retail outlet in the district,Tamil Nadu,Female,52,0
MSME100627,626000.0,36,9.43,2403000.0,1.26,607,Retail Trade,335000.0,0,0.8,Purchase of new machinery to expand production capacity,Uttar Pradesh,Male,33,0
MSME100628,562000.0,48,11.02,2195000.0,0.92,659,Food Processing,654000.0,1,5.6,Expand textile weaving unit with additional looms,Punjab,Female,7,0
MSME100629,383000.0,60,13.26,1424000.0,1.77,714,Manufacturing,508000.0,0,7.7,Bridge a seasonal cash crunch ahead of festival demand,Tamil Nadu,Male,12,0
MSME100630,228000.0,36,9.25,1332000.0,0.58,743,Manufacturing,155000.0,1,13.8,Bridge a seasonal cash crunch ahead of festival demand,Kerala,Male,5,1
MSME100631,550000.0,36,15.07,2670000.0,1.55,659,Retail Trade,245000.0,0,9.1,Emergency funds after delayed receivables from buyers,Punjab,Male,10,1
MSME100632,467000.0,24,11.4,1108000.0,1.05,684,IT Services,382000.0,0,6.8,Working capital for raw material procurement,Kerala,Female,48,0
MSME100633,435000.0,60,9.78,2160000.0,0.99,687,Food Processing,649000.0,1,4.6,Bridge a seasonal cash crunch ahead of festival demand,Tamil Nadu,Female,15,1
MSME100634,526000.0,48,14.81,2839000.0,1.72,612,Retail Trade,944000.0,0,11.4,Purchase of new machinery to expand production capacity,West Bengal,Female,51,0
MSME100635,282000.0,84,12.95,1191000.0,1.84,604,Textiles,157000.0,1,3.7,Working capital for raw material procurement,West Bengal,Male,33,0
MSME100636,446000.0,48,13.63,2303000.0,0.84,635,Textiles,329000.0,0,3.9,Refinance existing high-interest debt and consolidate dues,Uttar Pradesh,Female,54,1
MSME100637,257000.0,24,22.17,1336000.0,0.8,820,Textiles,426000.0,4,0.5,Expand textile weaving unit with additional looms,Punjab,Female,33,1
MSME100638,683000.0,36,16.82,3981000.0,1.54,672,Food Processing,1155000.0,3,4.1,Open a second retail outlet in the district,Gujarat,Male,57,0
MSME100639,548000.0,24,13.07,1023000.0,1.05,764,IT Services,156000.0,1,2.0,Emergency funds after delayed receivables from buyers,Maharashtra,Male,57,0
MSME100640,300000.0,36,8.0,1399000.0,1.35,671,Construction,479000.0,0,6.6,Expand textile weaving unit with additional looms,Tamil Nadu,Male,3,1
MSME100641,575000.0,12,18.09,2716000.0,2.05,708,Construction,962000.0,1,2.8,Bridge a seasonal cash crunch ahead of festival demand,Uttar Pradesh,Female,57,0
MSME100642,2076000.0,24,13.91,6483000.0,0.84,738,Construction,1059000.0,0,5.5,Purchase of new machinery to expand production capacity,West Bengal,Female,42,1
MSME100643,566000.0,36,15.08,1619000.0,1.16,764,IT Services,837000.0,1,3.8,Emergency funds after delayed receivables from buyers,Punjab,Male,50,0
MSME100644,400000.0,60,16.35,2039000.0,0.43,685,IT Services,236000.0,1,3.8,Purchase of new machinery to expand production capacity,Uttar Pradesh,Male,23,1
MSME100645,314000.0,48,21.68,920000.0,0.95,701,Retail Trade,219000.0,2,4.0,Refinance existing high-interest debt and consolidate dues,Kerala,Male,51,0
MSME100646,377000.0,36,11.4,968000.0,0.77,704,Construction,173000.0,0,3.3,Upgrade delivery fleet and cold-storage units,Kerala,Male,13,0
MSME100647,862000.0,24,14.77,4399000.0,1.32,808,Food Processing,1210000.0,1,16.8,Refinance existing high-interest debt and consolidate dues,West Bengal,Female,36,0
MSME100648,779000.0,60,14.95,4288000.0,2.88,767,Manufacturing,1324000.0,0,8.0,Purchase of new machinery to expand production capacity,West Bengal,Male,26,0
MSME100649,629000.0,12,14.93,1262000.0,1.63,783,Agriculture,558000.0,0,2.8,Emergency funds after delayed receivables from buyers,Gujarat,Female,1,0
MSME100650,195000.0,36,14.05,788000.0,1.17,667,IT Services,307000.0,1,3.8,Refinance existing high-interest debt and consolidate dues,Karnataka,Male,30,0
MSME100651,386000.0,24,12.47,1483000.0,1.44,676,Construction,141000.0,2,3.2,Working capital for raw material procurement,Kerala,Male,57,1
MSME100652,83000.0,36,11.72,430000.0,0.67,822,Food Processing,18000.0,0,8.7,Open a second retail outlet in the district,Kerala,Male,24,0
MSME100653,773000.0,12,14.23,1286000.0,0.35,772,Logistics,1009000.0,1,13.8,Bridge a seasonal cash crunch ahead of festival demand,Maharashtra,Male,41,0
MSME100654,772000.0,60,14.55,3196000.0,1.64,744,IT Services,306000.0,0,3.3,Upgrade delivery fleet and cold-storage units,Karnataka,Male,18,0
MSME100655,475000.0,48,14.8,1633000.0,0.9,498,Retail Trade,548000.0,1,4.5,Emergency funds after delayed receivables from buyers,West Bengal,Male,10,1
MSME100656,642000.0,24,15.49,2931000.0,0.97,656,Construction,331000.0,1,1.0,Purchase of new machinery to expand production capacity,Gujarat,Male,39,1
MSME100657,433000.0,48,15.77,1944000.0,1.87,793,Construction,754000.0,0,6.1,Purchase of new machinery to expand production capacity,Tamil Nadu,Male,16,1
MSME100658,464000.0,36,14.48,1539000.0,1.58,623,Logistics,819000.0,2,2.0,Emergency funds after delayed receivables from buyers,Tamil Nadu,Male,10,0
MSME100659,2537000.0,48,15.16,5329000.0,1.66,718,Manufacturing,2279000.0,1,8.9,Purchase of new machinery to expand production capacity,Karnataka,Male,33,0
MSME100660,1028000.0,36,11.41,5991000.0,1.51,674,Manufacturing,214000.0,0,0.2,Refinance existing high-interest debt and consolidate dues,Maharashtra,Female,21,1
MSME100661,228000.0,12,15.66,1259000.0,2.13,580,Textiles,84000.0,0,0.4,Bridge a seasonal cash crunch ahead of festival demand,Uttar Pradesh,Male,4,0
MSME100662,170000.0,36,14.38,262000.0,1.13,644,Manufacturing,220000.0,0,4.6,Emergency funds after delayed receivables from buyers,Kerala,Male,2,0
MSME100663,212000.0,36,14.2,505000.0,0.38,633,Manufacturing,99000.0,2,2.7,Expand textile weaving unit with additional looms,Maharashtra,Male,1,1
MSME100664,296000.0,48,16.24,1233000.0,0.62,734,Manufacturing,476000.0,0,8.3,Purchase of new machinery to expand production capacity,Karnataka,Male,48,0
MSME100665,906000.0,24,12.47,3378000.0,2.19,693,Retail Trade,1122000.0,2,4.7,Working capital for raw material procurement,Maharashtra,Male,52,0
MSME100666,747000.0,60,12.49,3683000.0,2.59,793,IT Services,1193000.0,1,3.8,Upgrade delivery fleet and cold-storage units,Kerala,Female,20,0
MSME100667,814000.0,24,15.67,2595000.0,1.85,650,Food Processing,798000.0,0,1.7,Bridge a seasonal cash crunch ahead of festival demand,Kerala,Male,34,0
MSME100668,228000.0,84,11.78,519000.0,0.98,691,Construction,241000.0,0,5.7,Expand textile weaving unit with additional looms,Uttar Pradesh,Male,15,0
MSME100669,690000.0,36,11.48,3618000.0,0.96,633,Retail Trade,871000.0,0,3.0,Bridge a seasonal cash crunch ahead of festival demand,Uttar Pradesh,Male,53,1
MSME100670,369000.0,36,15.63,923000.0,0.72,687,Retail Trade,271000.0,0,5.6,Upgrade delivery fleet and cold-storage units,Karnataka,Female,59,0
MSME100671,1153000.0,24,11.86,6263000.0,3.02,567,Food Processing,354000.0,1,13.2,Expand textile weaving unit with additional looms,Punjab,Male,56,0
MSME100672,360000.0,60,15.23,1124000.0,1.4,619,Retail Trade,237000.0,0,0.4,Purchase of new machinery to expand production capacity,West Bengal,Male,53,0
MSME100673,553000.0,84,12.03,1591000.0,1.24,636,Retail Trade,463000.0,0,4.2,Working capital for raw material procurement,Tamil Nadu,Female,27,0
MSME100674,237000.0,36,11.71,1338000.0,1.19,739,Food Processing,93000.0,0,1.0,Working capital for raw material procurement,Punjab,Female,55,0
MSME100675,226000.0,12,14.8,594000.0,0.51,664,Retail Trade,334000.0,2,1.6,Refinance existing high-interest debt and consolidate dues,West Bengal,Female,30,0
MSME100676,279000.0,12,11.17,1371000.0,1.06,770,IT Services,379000.0,0,0.0,Expand textile weaving unit with additional looms,Tamil Nadu,Male,39,1
MSME100677,364000.0,12,17.02,1426000.0,0.58,737,Construction,228000.0,0,7.0,Upgrade delivery fleet and cold-storage units,Karnataka,Female,22,1
MSME100678,902000.0,24,13.05,3747000.0,1.43,661,Retail Trade,1494000.0,0,5.4,Working capital for raw material procurement,Tamil Nadu,Male,34,0
MSME100679,491000.0,36,11.54,1728000.0,1.47,739,Logistics,324000.0,0,5.6,Expand textile weaving unit with additional looms,Karnataka,Male,20,0
MSME100680,255000.0,24,16.22,754000.0,1.43,757,Logistics,436000.0,0,7.8,Expand textile weaving unit with additional looms,Punjab,Male,15,0
MSME100681,344000.0,48,11.8,752000.0,0.3,717,Retail Trade,200000.0,1,9.3,Refinance existing high-interest debt and consolidate dues,Tamil Nadu,Male,2,1
MSME100682,1423000.0,84,11.77,4094000.0,3.5,775,Construction,300000.0,2,4.1,Upgrade delivery fleet and cold-storage units,Maharashtra,Female,17,0
MSME100683,588000.0,24,13.54,3089000.0,1.74,726,Logistics,287000.0,0,9.6,Refinance existing high-interest debt and consolidate dues,Karnataka,Male,50,0
MSME100684,261000.0,24,13.07,784000.0,1.34,618,Retail Trade,323000.0,0,11.9,Upgrade delivery fleet and cold-storage units,West Bengal,Male,55,1
MSME100685,860000.0,36,17.24,5008000.0,2.0,710,Retail Trade,1141000.0,0,5.9,Open a second retail outlet in the district,Kerala,Male,53,0
MSME100686,1118000.0,48,16.53,5678000.0,1.3,613,Construction,514000.0,1,18.6,Emergency funds after delayed receivables from buyers,West Bengal,Male,45,1
MSME100687,703000.0,48,9.81,3669000.0,2.17,677,Agriculture,529000.0,3,2.4,Bridge a seasonal cash crunch ahead of festival demand,Maharashtra,Male,40,0
MSME100688,1188000.0,12,15.03,2665000.0,1.48,664,Manufacturing,1730000.0,0,5.2,Emergency funds after delayed receivables from buyers,Kerala,Male,13,0
MSME100689,2045000.0,36,15.55,7565000.0,1.99,729,Retail Trade,3591000.0,0,2.3,Bridge a seasonal cash crunch ahead of festival demand,Gujarat,Male,29,0
MSME100690,451000.0,48,15.49,1615000.0,1.49,656,Manufacturing,731000.0,2,5.9,Bridge a seasonal cash crunch ahead of festival demand,Karnataka,Male,8,0
MSME100691,59000.0,12,17.12,148000.0,1.61,679,IT Services,77000.0,2,1.2,Emergency funds after delayed receivables from buyers,Maharashtra,Female,6,0
MSME100692,295000.0,36,9.77,1124000.0,0.41,594,IT Services,478000.0,0,8.8,Purchase of new machinery to expand production capacity,Karnataka,Female,6,1
MSME100693,234000.0,60,8.88,462000.0,1.11,576,Textiles,223000.0,1,3.9,Working capital for raw material procurement,Karnataka,Female,55,1
MSME100694,728000.0,60,9.82,1792000.0,1.75,667,Construction,1242000.0,0,2.7,Working capital for raw material procurement,Karnataka,Male,49,0
MSME100695,730000.0,48,12.79,4086000.0,2.06,738,Construction,372000.0,1,2.6,Refinance existing high-interest debt and consolidate dues,Uttar Pradesh,Male,37,0
MSME100696,367000.0,48,14.64,1626000.0,1.36,647,Retail Trade,382000.0,2,12.8,Refinance existing high-interest debt and consolidate dues,Maharashtra,Male,54,0
MSME100697,225000.0,24,12.44,564000.0,1.14,531,IT Services,382000.0,0,5.6,Purchase of new machinery to expand production capacity,Tamil Nadu,Male,3,0
MSME100698,668000.0,12,12.58,1844000.0,2.12,621,Logistics,140000.0,0,14.5,Open a second retail outlet in the district,Kerala,Male,33,0
MSME100699,604000.0,60,8.8,3337000.0,1.82,621,Manufacturing,214000.0,1,9.0,Emergency funds after delayed receivables from buyers,Tamil Nadu,Male,27,0
MSME100700,288000.0,24,13.69,1565000.0,0.68,703,IT Services,298000.0,0,6.5,Open a second retail outlet in the district,Kerala,Male,14,0
MSME100701,268000.0,48,10.41,783000.0,1.24,688,Manufacturing,215000.0,0,4.8,Expand textile weaving unit with additional looms,Uttar Pradesh,Female,24,1
MSME100702,188000.0,48,14.22,284000.0,0.74,673,Construction,217000.0,0,2.4,Bridge a seasonal cash crunch ahead of festival demand,West Bengal,Male,33,0
MSME100703,1124000.0,48,11.2,5545000.0,1.01,686,Logistics,446000.0,0,7.7,Purchase of new machinery to expand production capacity,Tamil Nadu,Male,21,0
MSME100704,653000.0,84,14.8,1970000.0,3.14,734,Logistics,535000.0,0,6.7,Purchase of new machinery to expand production capacity,Kerala,Male,35,0
MSME100705,1000000.0,84,11.54,3962000.0,1.47,700,Logistics,599000.0,0,3.8,Bridge a seasonal cash crunch ahead of festival demand,Gujarat,Female,23,0
MSME100706,252000.0,36,15.08,417000.0,1.53,636,IT Services,340000.0,1,4.0,Purchase of new machinery to expand production capacity,West Bengal,Male,14,0
MSME100707,250000.0,24,16.89,656000.0,0.83,649,Manufacturing,291000.0,0,0.5,Open a second retail outlet in the district,Uttar Pradesh,Female,22,1
MSME100708,215000.0,48,11.86,496000.0,2.07,696,Manufacturing,98000.0,2,2.4,Working capital for raw material procurement,West Bengal,Male,3,0
MSME100709,457000.0,36,14.18,2425000.0,1.4,656,Agriculture,337000.0,0,11.1,Bridge a seasonal cash crunch ahead of festival demand,Uttar Pradesh,Male,40,0
MSME100710,264000.0,36,13.3,1388000.0,1.21,813,Construction,304000.0,1,3.5,Bridge a seasonal cash crunch ahead of festival demand,West Bengal,Male,55,1
MSME100711,364000.0,48,13.47,1769000.0,1.17,630,Textiles,436000.0,1,6.8,Upgrade delivery fleet and cold-storage units,Karnataka,Male,20,0
MSME100712,1613000.0,36,11.82,2904000.0,1.1,719,IT Services,2887000.0,1,5.0,Emergency funds after delayed receivables from buyers,Uttar Pradesh,Male,11,0
MSME100713,320000.0,36,15.97,502000.0,1.63,644,Textiles,556000.0,0,3.9,Working capital for raw material procurement,Gujarat,Female,12,1
MSME100714,2633000.0,12,13.99,4837000.0,0.74,808,Textiles,4167000.0,1,5.9,Emergency funds after delayed receivables from buyers,Uttar Pradesh,Female,17,0
MSME100715,1668000.0,60,14.89,6527000.0,0.96,668,Retail Trade,815000.0,0,2.1,Open a second retail outlet in the district,Punjab,Male,33,1
MSME100716,2642000.0,12,10.98,13583000.0,2.47,504,Food Processing,3512000.0,1,3.8,Working capital for raw material procurement,Uttar Pradesh,Female,39,0
MSME100717,881000.0,36,14.43,3570000.0,1.17,563,Textiles,1543000.0,0,5.9,Expand textile weaving unit with additional looms,West Bengal,Male,13,0
MSME100718,350000.0,48,14.65,789000.0,2.64,711,Textiles,395000.0,0,2.9,Emergency funds after delayed receivables from buyers,Karnataka,Male,50,0
MSME100719,703000.0,12,12.72,4158000.0,1.27,644,Construction,857000.0,1,2.0,Expand textile weaving unit with additional looms,Maharashtra,Male,48,0
MSME100720,1794000.0,48,15.73,7137000.0,1.88,739,Retail Trade,1389000.0,1,6.1,Purchase of new machinery to expand production capacity,Maharashtra,Male,33,0
MSME100721,794000.0,60,12.99,4584000.0,0.3,836,Construction,476000.0,0,2.6,Expand textile weaving unit with additional looms,Karnataka,Male,48,0
MSME100722,690000.0,36,15.91,2043000.0,0.63,768,Construction,523000.0,0,0.6,Emergency funds after delayed receivables from buyers,Uttar Pradesh,Male,17,1
MSME100723,549000.0,48,13.14,2406000.0,0.56,824,Logistics,126000.0,0,5.2,Expand textile weaving unit with additional looms,West Bengal,Male,25,0
MSME100724,416000.0,36,13.84,1113000.0,1.27,691,Food Processing,209000.0,0,8.3,Upgrade delivery fleet and cold-storage units,Tamil Nadu,Female,2,1
MSME100725,2436000.0,60,11.5,3712000.0,2.84,716,Logistics,3809000.0,0,5.4,Refinance existing high-interest debt and consolidate dues,Kerala,Male,23,0
MSME100726,316000.0,36,14.55,1767000.0,1.53,661,Retail Trade,203000.0,0,8.0,Open a second retail outlet in the district,Maharashtra,Male,10,0
MSME100727,468000.0,36,13.57,825000.0,0.75,646,Manufacturing,288000.0,0,5.6,Upgrade delivery fleet and cold-storage units,Tamil Nadu,Female,59,0
MSME100728,432000.0,24,15.57,1702000.0,0.99,577,Logistics,601000.0,0,7.7,Upgrade delivery fleet and cold-storage units,Punjab,Male,50,0
MSME100729,617000.0,48,18.01,1571000.0,2.96,688,Food Processing,148000.0,1,3.1,Bridge a seasonal cash crunch ahead of festival demand,Tamil Nadu,Female,47,0
MSME100730,2553000.0,60,14.14,10328000.0,1.12,606,Retail Trade,1281000.0,1,7.1,Purchase of new machinery to expand production capacity,West Bengal,Male,13,1
MSME100731,110000.0,48,10.43,403000.0,1.55,623,Textiles,27000.0,1,8.8,Open a second retail outlet in the district,Punjab,Male,36,0
MSME100732,145000.0,60,13.29,351000.0,1.88,631,Construction,78000.0,0,5.9,Upgrade delivery fleet and cold-storage units,Punjab,Male,20,0
MSME100733,233000.0,48,8.94,492000.0,1.56,734,Logistics,159000.0,0,13.3,Expand textile weaving unit with additional looms,West Bengal,Male,24,0
MSME100734,582000.0,24,11.77,2452000.0,2.05,731,Logistics,476000.0,0,3.8,Upgrade delivery fleet and cold-storage units,Maharashtra,Male,11,0
MSME100735,802000.0,60,12.63,3790000.0,0.79,656,Construction,986000.0,1,2.8,Emergency funds after delayed receivables from buyers,Karnataka,Male,14,1
MSME100736,181000.0,48,15.64,834000.0,1.89,885,Textiles,279000.0,0,10.9,Purchase of new machinery to expand production capacity,Maharashtra,Male,8,0
MSME100737,332000.0,48,8.39,1690000.0,1.18,714,Retail Trade,69000.0,0,2.6,Open a second retail outlet in the district,Kerala,Male,29,0
MSME100738,562000.0,24,15.04,2578000.0,1.58,646,Manufacturing,769000.0,3,10.3,Open a second retail outlet in the district,Maharashtra,Female,24,0
MSME100739,664000.0,36,13.71,2566000.0,1.4,632,Retail Trade,799000.0,0,0.8,Working capital for raw material procurement,Punjab,Male,48,0
MSME100740,369000.0,24,16.77,1016000.0,1.09,768,Manufacturing,189000.0,1,9.4,Upgrade delivery fleet and cold-storage units,Maharashtra,Male,4,0
MSME100741,537000.0,24,11.2,2371000.0,2.95,519,Textiles,878000.0,0,3.6,Working capital for raw material procurement,Punjab,Female,4,0
MSME100742,890000.0,84,14.4,3992000.0,0.81,674,Retail Trade,911000.0,0,11.0,Refinance existing high-interest debt and consolidate dues,Tamil Nadu,Female,36,0
MSME100743,375000.0,12,14.87,1717000.0,3.5,660,IT Services,601000.0,0,4.0,Purchase of new machinery to expand production capacity,Gujarat,Male,9,0
MSME100744,758000.0,48,16.33,3634000.0,2.18,737,Construction,1208000.0,1,8.7,Purchase of new machinery to expand production capacity,Maharashtra,Male,33,0
MSME100745,202000.0,48,11.19,327000.0,0.88,820,IT Services,205000.0,1,2.6,Open a second retail outlet in the district,West Bengal,Female,39,0
MSME100746,335000.0,24,15.62,706000.0,1.71,788,Retail Trade,281000.0,0,2.0,Working capital for raw material procurement,Kerala,Female,20,0
MSME100747,268000.0,12,13.14,1432000.0,0.56,724,Agriculture,382000.0,1,4.9,Open a second retail outlet in the district,West Bengal,Male,55,1
MSME100748,329000.0,12,11.74,763000.0,2.54,559,Retail Trade,294000.0,0,3.8,Refinance existing high-interest debt and consolidate dues,Maharashtra,Female,22,0
MSME100749,1846000.0,36,14.07,7959000.0,0.48,838,Construction,682000.0,0,8.2,Working capital for raw material procurement,Karnataka,Female,33,1
MSME100750,323000.0,84,13.35,886000.0,1.13,700,Manufacturing,405000.0,0,6.8,Emergency funds after delayed receivables from buyers,Tamil Nadu,Male,47,0
MSME100751,765000.0,24,9.05,1918000.0,2.6,592,Manufacturing,1279000.0,0,2.7,Bridge a seasonal cash crunch ahead of festival demand,Punjab,Female,22,0
MSME100752,929000.0,24,8.0,2231000.0,1.75,612,Manufacturing,1611000.0,0,3.2,Upgrade delivery fleet and cold-storage units,West Bengal,Male,18,0
MSME100753,408000.0,24,14.23,2070000.0,1.44,721,Retail Trade,215000.0,0,5.2,Purchase of new machinery to expand production capacity,Maharashtra,Female,34,0
MSME100754,392000.0,12,15.52,1041000.0,0.55,651,Retail Trade,589000.0,0,11.8,Purchase of new machinery to expand production capacity,Punjab,Male,18,1
MSME100755,1025000.0,24,13.97,2710000.0,0.3,664,Retail Trade,1424000.0,1,3.7,Bridge a seasonal cash crunch ahead of festival demand,Uttar Pradesh,Male,19,0
MSME100756,819000.0,36,15.09,2662000.0,1.92,653,Retail Trade,1057000.0,0,3.3,Bridge a seasonal cash crunch ahead of festival demand,Gujarat,Female,48,0
MSME100757,502000.0,84,13.88,990000.0,0.61,672,Food Processing,592000.0,0,1.2,Refinance existing high-interest debt and consolidate dues,Maharashtra,Female,31,1
MSME100758,1241000.0,48,14.98,7249000.0,1.17,858,Agriculture,616000.0,1,5.7,Bridge a seasonal cash crunch ahead of festival demand,Kerala,Male,4,1
MSME100759,1379000.0,36,15.41,5568000.0,1.77,638,Manufacturing,1004000.0,1,5.3,Purchase of new machinery to expand production capacity,Tamil Nadu,Male,20,0
MSME100760,301000.0,12,11.55,1757000.0,1.08,817,Retail Trade,168000.0,1,16.5,Refinance existing high-interest debt and consolidate dues,Karnataka,Male,3,0
MSME100761,1262000.0,36,15.36,5541000.0,0.6,714,Textiles,1336000.0,0,11.0,Bridge a seasonal cash crunch ahead of festival demand,Kerala,Female,3,0
MSME100762,1904000.0,24,15.34,6163000.0,2.32,758,Textiles,3362000.0,3,2.9,Open a second retail outlet in the district,Maharashtra,Male,25,0
MSME100763,820000.0,48,13.72,3259000.0,0.9,683,Manufacturing,705000.0,0,1.9,Expand textile weaving unit with additional looms,Karnataka,Male,40,0
MSME100764,624000.0,48,11.39,2269000.0,1.04,637,Construction,199000.0,4,6.6,Upgrade delivery fleet and cold-storage units,Karnataka,Female,28,1
MSME100765,1181000.0,24,12.41,6536000.0,0.82,602,Manufacturing,1157000.0,0,2.4,Purchase of new machinery to expand production capacity,Tamil Nadu,Male,18,0
MSME100766,526000.0,48,13.44,1651000.0,1.14,641,IT Services,214000.0,1,6.5,Purchase of new machinery to expand production capacity,Kerala,Male,41,0
MSME100767,486000.0,36,17.91,1826000.0,2.36,729,Food Processing,422000.0,0,3.9,Working capital for raw material procurement,Uttar Pradesh,Female,42,0
MSME100768,690000.0,36,14.06,2709000.0,1.08,667,Logistics,734000.0,0,3.9,Purchase of new machinery to expand production capacity,Uttar Pradesh,Male,25,0
MSME100769,282000.0,60,15.04,1329000.0,0.58,652,Manufacturing,73000.0,1,8.6,Open a second retail outlet in the district,Kerala,Male,6,1
MSME100770,1717000.0,36,15.18,7077000.0,1.81,785,Logistics,3071000.0,0,22.3,Refinance existing high-interest debt and consolidate dues,Gujarat,Female,27,0
MSME100771,1352000.0,36,16.77,5786000.0,0.58,811,Construction,1873000.0,1,5.3,Open a second retail outlet in the district,Kerala,Female,30,0
MSME100772,477000.0,12,14.46,973000.0,2.24,661,Agriculture,752000.0,0,4.5,Working capital for raw material procurement,West Bengal,Male,2,0
MSME100773,500000.0,36,18.03,1737000.0,1.34,602,Retail Trade,387000.0,1,5.4,Refinance existing high-interest debt and consolidate dues,West Bengal,Male,8,1
MSME100774,287000.0,36,13.26,804000.0,1.52,684,Retail Trade,374000.0,0,3.9,Refinance existing high-interest debt and consolidate dues,Punjab,Male,46,0
MSME100775,817000.0,24,9.16,2674000.0,1.1,687,Food Processing,470000.0,0,5.7,Upgrade delivery fleet and cold-storage units,Tamil Nadu,Male,1,0
MSME100776,170000.0,36,12.41,967000.0,0.94,651,Textiles,44000.0,1,5.9,Bridge a seasonal cash crunch ahead of festival demand,Kerala,Female,1,1
MSME100777,631000.0,24,11.72,2274000.0,1.22,792,Logistics,1116000.0,0,5.3,Purchase of new machinery to expand production capacity,Tamil Nadu,Male,56,0
MSME100778,1151000.0,24,12.27,4263000.0,1.58,635,Retail Trade,1988000.0,0,2.7,Open a second retail outlet in the district,Gujarat,Male,52,0
MSME100779,183000.0,24,8.53,718000.0,1.38,563,Logistics,270000.0,0,1.0,Upgrade delivery fleet and cold-storage units,Uttar Pradesh,Male,57,0
MSME100780,312000.0,60,10.43,1249000.0,0.68,726,Retail Trade,363000.0,3,5.7,Open a second retail outlet in the district,Kerala,Male,17,1
MSME100781,127000.0,84,16.6,208000.0,0.72,684,Retail Trade,216000.0,0,6.7,Bridge a seasonal cash crunch ahead of festival demand,Punjab,Female,14,0
MSME100782,1093000.0,12,15.6,3348000.0,0.74,654,IT Services,1452000.0,0,10.2,Bridge a seasonal cash crunch ahead of festival demand,Maharashtra,Female,13,1
MSME100783,499000.0,24,14.04,1488000.0,1.74,450,Retail Trade,248000.0,1,0.7,Bridge a seasonal cash crunch ahead of festival demand,Kerala,Male,46,1
MSME100784,332000.0,36,15.44,1935000.0,1.2,798,Food Processing,237000.0,2,3.6,Working capital for raw material procurement,Kerala,Female,36,0
MSME100785,482000.0,12,14.26,1519000.0,1.14,766,Retail Trade,193000.0,0,5.7,Emergency funds after delayed receivables from buyers,Kerala,Male,14,0
MSME100786,1366000.0,84,11.52,5630000.0,1.17,820,Construction,550000.0,1,11.2,Purchase of new machinery to expand production capacity,West Bengal,Male,49,0
MSME100787,1563000.0,60,8.96,4313000.0,0.61,666,Food Processing,2449000.0,1,7.9,Bridge a seasonal cash crunch ahead of festival demand,Maharashtra,Male,33,0
MSME100788,2343000.0,12,16.49,5593000.0,0.62,716,Retail Trade,1980000.0,1,2.9,Emergency funds after delayed receivables from buyers,Kerala,Female,2,0
MSME100789,464000.0,36,10.14,1835000.0,1.38,635,Textiles,383000.0,1,5.8,Working capital for raw material procurement,Maharashtra,Female,37,1
MSME100790,715000.0,48,13.97,1757000.0,1.27,700,Food Processing,728000.0,1,2.8,Refinance existing high-interest debt and consolidate dues,Gujarat,Male,19,0
MSME100791,287000.0,60,18.43,977000.0,0.67,716,Food Processing,399000.0,0,8.0,Upgrade delivery fleet and cold-storage units,Kerala,Female,2,0
MSME100792,230000.0,12,12.9,1293000.0,1.39,728,Retail Trade,211000.0,1,1.9,Bridge a seasonal cash crunch ahead of festival demand,Karnataka,Male,22,0
MSME100793,374000.0,84,11.69,1136000.0,2.93,572,Textiles,89000.0,1,3.2,Upgrade delivery fleet and cold-storage units,Gujarat,Female,35,0
MSME100794,456000.0,36,12.24,1794000.0,1.4,716,Logistics,764000.0,0,20.4,Open a second retail outlet in the district,Tamil Nadu,Male,35,0
MSME100795,373000.0,36,13.78,1896000.0,1.01,732,Retail Trade,409000.0,0,7.2,Open a second retail outlet in the district,Uttar Pradesh,Male,31,0
MSME100796,749000.0,36,14.19,2533000.0,0.85,520,IT Services,653000.0,2,13.6,Purchase of new machinery to expand production capacity,Tamil Nadu,Male,57,1
MSME100797,595000.0,36,10.86,996000.0,1.28,701,Manufacturing,1023000.0,0,2.9,Refinance existing high-interest debt and consolidate dues,Karnataka,Male,10,0
MSME100798,405000.0,12,12.04,2013000.0,1.07,622,Food Processing,602000.0,1,3.1,Working capital for raw material procurement,Gujarat,Male,51,0
MSME100799,318000.0,36,12.37,701000.0,0.89,700,Food Processing,463000.0,2,0.5,Refinance existing high-interest debt and consolidate dues,Karnataka,Female,46,0
MSME100800,423000.0,24,15.1,918000.0,2.66,733,Logistics,323000.0,0,10.1,Upgrade delivery fleet and cold-storage units,Gujarat,Male,23,0
MSME100801,613000.0,36,15.3,2243000.0,2.79,630,Retail Trade,937000.0,0,6.0,Refinance existing high-interest debt and consolidate dues,Tamil Nadu,Male,10,1
MSME100802,649000.0,36,11.38,2914000.0,0.51,775,Retail Trade,684000.0,1,3.2,Bridge a seasonal cash crunch ahead of festival demand,West Bengal,Female,54,0
MSME100803,756000.0,48,8.93,2744000.0,0.62,692,Manufacturing,357000.0,0,10.6,Open a second retail outlet in the district,Kerala,Female,34,1
MSME100804,217000.0,60,15.15,754000.0,2.06,601,IT Services,98000.0,2,1.0,Working capital for raw material procurement,Maharashtra,Female,39,1
MSME100805,222000.0,48,12.69,550000.0,0.89,736,Retail Trade,85000.0,0,10.1,Expand textile weaving unit with additional looms,West Bengal,Female,7,0
MSME100806,264000.0,12,13.27,1393000.0,0.58,676,Textiles,317000.0,0,3.9,Working capital for raw material procurement,Tamil Nadu,Male,10,0
MSME100807,420000.0,36,9.4,1154000.0,1.63,633,Construction,754000.0,1,5.0,Upgrade delivery fleet and cold-storage units,West Bengal,Male,18,0
MSME100808,472000.0,24,13.5,2391000.0,1.5,673,Retail Trade,671000.0,0,3.0,Purchase of new machinery to expand production capacity,Karnataka,Male,48,0
MSME100809,103000.0,24,8.68,231000.0,0.92,757,Manufacturing,175000.0,1,9.9,Upgrade delivery fleet and cold-storage units,Gujarat,Female,18,0
MSME100810,244000.0,60,11.83,1234000.0,1.82,812,IT Services,242000.0,1,17.3,Purchase of new machinery to expand production capacity,Maharashtra,Male,58,0
MSME100811,1426000.0,24,10.79,2423000.0,0.72,749,Food Processing,1007000.0,0,5.1,Open a second retail outlet in the district,Kerala,Female,53,0
MSME100812,741000.0,24,13.73,3040000.0,1.04,676,Food Processing,1204000.0,0,8.3,Upgrade delivery fleet and cold-storage units,Gujarat,Male,8,0
MSME100813,365000.0,84,15.12,765000.0,0.75,666,Agriculture,243000.0,0,7.4,Upgrade delivery fleet and cold-storage units,Punjab,Male,38,1
MSME100814,1027000.0,48,11.17,2900000.0,2.03,728,Construction,351000.0,0,13.6,Working capital for raw material procurement,Tamil Nadu,Female,3,0
MSME100815,879000.0,12,13.23,2509000.0,0.97,771,Manufacturing,1116000.0,0,3.3,Refinance existing high-interest debt and consolidate dues,Karnataka,Male,44,0
MSME100816,736000.0,24,15.81,2891000.0,1.93,846,Manufacturing,409000.0,1,5.4,Expand textile weaving unit with additional looms,Gujarat,Male,12,0
MSME100817,409000.0,36,15.23,1773000.0,2.12,788,Food Processing,266000.0,0,1.6,Open a second retail outlet in the district,West Bengal,Male,6,0
MSME100818,554000.0,24,14.7,1351000.0,0.84,622,IT Services,655000.0,1,7.1,Refinance existing high-interest debt and consolidate dues,Uttar Pradesh,Male,55,0
MSME100819,510000.0,48,10.56,2862000.0,1.84,524,Retail Trade,280000.0,0,4.4,Purchase of new machinery to expand production capacity,Maharashtra,Male,16,1
MSME100820,551000.0,24,14.98,1719000.0,2.94,767,Retail Trade,590000.0,0,1.4,Expand textile weaving unit with additional looms,Tamil Nadu,Male,22,0
MSME100821,337000.0,48,11.78,1994000.0,1.45,766,Food Processing,129000.0,2,4.3,Upgrade delivery fleet and cold-storage units,Tamil Nadu,Male,13,1
MSME100822,2956000.0,24,15.68,12360000.0,1.15,697,Agriculture,1044000.0,0,6.0,Emergency funds after delayed receivables from buyers,Kerala,Female,14,1
MSME100823,1110000.0,24,14.51,3917000.0,3.5,731,Retail Trade,1024000.0,1,4.2,Open a second retail outlet in the district,Tamil Nadu,Male,58,0
MSME100824,87000.0,24,10.49,290000.0,1.15,597,Construction,49000.0,1,6.6,Working capital for raw material procurement,Kerala,Female,59,1
MSME100825,675000.0,36,14.16,2174000.0,2.4,734,Construction,569000.0,0,14.1,Working capital for raw material procurement,Kerala,Male,10,0
MSME100826,1971000.0,48,14.13,4011000.0,0.93,670,IT Services,2645000.0,0,6.5,Purchase of new machinery to expand production capacity,Punjab,Male,1,0
MSME100827,289000.0,24,14.14,788000.0,1.82,747,Logistics,511000.0,1,4.6,Purchase of new machinery to expand production capacity,Gujarat,Male,54,0
MSME100828,574000.0,48,12.66,943000.0,2.33,596,Textiles,328000.0,2,4.8,Refinance existing high-interest debt and consolidate dues,Karnataka,Male,32,1
MSME100829,2720000.0,36,11.67,10807000.0,1.42,747,Manufacturing,1546000.0,1,0.4,Purchase of new machinery to expand production capacity,Maharashtra,Female,7,0
MSME100830,1527000.0,60,16.98,6896000.0,1.96,736,Manufacturing,560000.0,0,21.4,Bridge a seasonal cash crunch ahead of festival demand,Karnataka,Male,8,0
MSME100831,844000.0,36,9.89,2133000.0,1.09,741,Manufacturing,729000.0,0,6.9,Emergency funds after delayed receivables from buyers,Kerala,Male,9,0
MSME100832,1001000.0,36,12.9,4227000.0,1.45,711,Retail Trade,1747000.0,1,15.6,Expand textile weaving unit with additional looms,Karnataka,Male,34,0
MSME100833,344000.0,60,8.0,1451000.0,3.5,635,Manufacturing,574000.0,0,14.6,Expand textile weaving unit with additional looms,Karnataka,Male,38,0
MSME100834,683000.0,24,8.0,2978000.0,0.93,759,Agriculture,200000.0,1,4.0,Bridge a seasonal cash crunch ahead of festival demand,Karnataka,Female,30,0
MSME100835,797000.0,12,14.22,1348000.0,1.02,678,Retail Trade,1213000.0,0,2.3,Refinance existing high-interest debt and consolidate dues,West Bengal,Male,24,0
MSME100836,554000.0,36,14.4,1613000.0,1.77,696,Manufacturing,904000.0,1,12.3,Working capital for raw material procurement,West Bengal,Female,9,0
MSME100837,567000.0,36,14.21,1615000.0,1.1,661,Construction,727000.0,0,2.7,Expand textile weaving unit with additional looms,West Bengal,Female,25,0
MSME100838,411000.0,48,17.02,1443000.0,1.82,654,IT Services,573000.0,1,7.0,Working capital for raw material procurement,Gujarat,Male,27,0
MSME100839,2454000.0,84,16.96,3742000.0,0.89,792,Retail Trade,3446000.0,1,5.6,Open a second retail outlet in the district,Karnataka,Male,2,0
MSME100840,354000.0,60,19.5,1306000.0,1.89,723,Manufacturing,494000.0,1,9.8,Expand textile weaving unit with additional looms,Kerala,Female,36,0
MSME100841,393000.0,48,11.76,1252000.0,2.99,510,Retail Trade,370000.0,0,3.8,Refinance existing high-interest debt and consolidate dues,Karnataka,Male,58,0
MSME100842,267000.0,48,18.55,1177000.0,1.07,677,Construction,476000.0,0,5.3,Expand textile weaving unit with additional looms,Karnataka,Female,3,0
MSME100843,1211000.0,36,18.57,5523000.0,2.65,711,Logistics,1217000.0,0,10.1,Emergency funds after delayed receivables from buyers,Kerala,Male,43,0
MSME100844,1011000.0,84,11.67,3457000.0,0.7,627,Textiles,1288000.0,0,2.3,Expand textile weaving unit with additional looms,Maharashtra,Male,18,1
MSME100845,1227000.0,60,14.31,6724000.0,1.4,803,Manufacturing,1754000.0,1,6.1,Working capital for raw material procurement,Karnataka,Male,46,0
MSME100846,442000.0,48,16.58,2559000.0,2.63,745,Food Processing,269000.0,1,1.4,Purchase of new machinery to expand production capacity,Gujarat,Female,17,0
MSME100847,486000.0,24,13.21,1785000.0,0.44,680,Retail Trade,432000.0,1,4.5,Expand textile weaving unit with additional looms,Uttar Pradesh,Female,46,0
MSME100848,429000.0,36,12.13,2116000.0,1.78,730,Construction,598000.0,0,2.3,Refinance existing high-interest debt and consolidate dues,West Bengal,Male,51,0
MSME100849,591000.0,24,9.46,1746000.0,1.98,693,Manufacturing,631000.0,2,4.4,Upgrade delivery fleet and cold-storage units,Kerala,Male,18,0
MSME100850,1659000.0,48,9.25,7509000.0,0.56,674,Agriculture,2179000.0,1,4.9,Bridge a seasonal cash crunch ahead of festival demand,Kerala,Male,55,1
MSME100851,780000.0,24,12.25,4088000.0,0.62,788,Food Processing,664000.0,0,7.5,Working capital for raw material procurement,Tamil Nadu,Female,8,0
MSME100852,2840000.0,12,14.95,12711000.0,1.17,706,Construction,2232000.0,0,1.7,Bridge a seasonal cash crunch ahead of festival demand,Uttar Pradesh,Male,53,1
MSME100853,585000.0,48,16.99,2519000.0,1.37,809,Textiles,130000.0,3,11.6,Working capital for raw material procurement,Maharashtra,Female,8,0
MSME100854,647000.0,36,13.54,3350000.0,0.62,680,Manufacturing,344000.0,0,8.8,Expand textile weaving unit with additional looms,Tamil Nadu,Male,58,0
MSME100855,360000.0,24,12.62,2019000.0,2.24,579,Textiles,487000.0,1,7.7,Expand textile weaving unit with additional looms,Maharashtra,Female,27,0
MSME100856,785000.0,48,12.51,1832000.0,1.49,624,Agriculture,1302000.0,0,9.8,Refinance existing high-interest debt and consolidate dues,Tamil Nadu,Female,35,0
MSME100857,215000.0,24,10.31,740000.0,1.15,736,Logistics,192000.0,1,8.2,Expand textile weaving unit with additional looms,Gujarat,Female,51,0
MSME100858,470000.0,36,11.26,2151000.0,2.51,638,Construction,218000.0,0,8.5,Refinance existing high-interest debt and consolidate dues,Tamil Nadu,Male,4,0
MSME100859,627000.0,60,15.28,3675000.0,1.39,640,Construction,611000.0,2,0.7,Expand textile weaving unit with additional looms,West Bengal,Female,34,1
MSME100860,748000.0,24,13.61,3387000.0,0.32,641,Retail Trade,670000.0,1,9.8,Open a second retail outlet in the district,Karnataka,Male,9,1
MSME100861,1090000.0,36,13.76,3267000.0,0.64,638,Manufacturing,418000.0,1,1.1,Expand textile weaving unit with additional looms,Uttar Pradesh,Male,48,0
MSME100862,503000.0,12,14.26,1491000.0,0.79,710,Construction,541000.0,0,4.1,Open a second retail outlet in the district,Tamil Nadu,Female,35,1
MSME100863,294000.0,24,10.22,1066000.0,0.3,680,Manufacturing,152000.0,0,14.0,Open a second retail outlet in the district,Tamil Nadu,Female,30,0
MSME100864,222000.0,48,14.64,1223000.0,1.09,564,Textiles,224000.0,0,1.3,Working capital for raw material procurement,Kerala,Female,55,0
MSME100865,514000.0,24,10.8,2417000.0,1.4,752,Textiles,763000.0,0,5.2,Working capital for raw material procurement,Maharashtra,Male,12,0
MSME100866,454000.0,60,13.46,2304000.0,1.17,704,Manufacturing,154000.0,0,4.6,Working capital for raw material procurement,West Bengal,Male,16,0
MSME100867,270000.0,24,10.16,789000.0,1.2,636,Logistics,288000.0,0,6.0,Bridge a seasonal cash crunch ahead of festival demand,Maharashtra,Male,51,0
MSME100868,205000.0,24,12.01,769000.0,1.21,653,Textiles,248000.0,0,10.0,Expand textile weaving unit with additional looms,Uttar Pradesh,Male,51,0
MSME100869,971000.0,36,9.41,2062000.0,1.31,737,Construction,1128000.0,1,7.2,Open a second retail outlet in the district,Kerala,Male,57,1
MSME100870,574000.0,60,11.55,1089000.0,1.34,748,IT Services,788000.0,2,18.6,Emergency funds after delayed receivables from buyers,Gujarat,Female,49,0
MSME100871,201000.0,48,13.79,354000.0,1.57,645,Food Processing,354000.0,1,3.6,Working capital for raw material procurement,Gujarat,Male,14,0
MSME100872,1732000.0,36,14.39,6076000.0,1.08,677,Textiles,387000.0,0,1.5,Open a second retail outlet in the district,Gujarat,Female,50,1
MSME100873,623000.0,48,11.39,1520000.0,1.56,697,Retail Trade,734000.0,0,2.2,Emergency funds after delayed receivables from buyers,Kerala,Female,46,0
MSME100874,824000.0,12,13.33,2777000.0,1.09,727,IT Services,1397000.0,0,2.6,Bridge a seasonal cash crunch ahead of festival demand,Kerala,Male,5,0
MSME100875,376000.0,12,8.0,797000.0,2.17,668,Logistics,401000.0,0,8.5,Working capital for raw material procurement,Gujarat,Female,29,0
MSME100876,941000.0,36,11.65,3704000.0,0.78,707,Retail Trade,604000.0,0,1.9,Working capital for raw material procurement,West Bengal,Male,43,0
MSME100877,330000.0,12,8.31,1170000.0,1.04,744,Manufacturing,251000.0,1,4.7,Bridge a seasonal cash crunch ahead of festival demand,West Bengal,Male,3,0
MSME100878,676000.0,24,10.63,1419000.0,3.43,764,Manufacturing,752000.0,0,8.3,Emergency funds after delayed receivables from buyers,Punjab,Male,30,0
MSME100879,572000.0,24,12.52,3324000.0,2.22,678,Logistics,894000.0,0,1.5,Upgrade delivery fleet and cold-storage units,Tamil Nadu,Male,12,0
MSME100880,504000.0,48,10.54,798000.0,0.75,632,Textiles,229000.0,0,2.0,Open a second retail outlet in the district,Punjab,Male,11,1
MSME100881,235000.0,24,14.13,1259000.0,2.4,754,Logistics,192000.0,1,4.3,Open a second retail outlet in the district,Punjab,Female,50,0
MSME100882,681000.0,36,14.65,3965000.0,1.9,788,Agriculture,905000.0,0,2.1,Working capital for raw material procurement,Karnataka,Male,1,0
MSME100883,264000.0,24,14.67,871000.0,2.46,754,Textiles,227000.0,1,1.5,Expand textile weaving unit with additional looms,Kerala,Female,47,0
MSME100884,212000.0,12,14.46,870000.0,1.68,575,Manufacturing,351000.0,0,9.5,Purchase of new machinery to expand production capacity,Karnataka,Female,38,1
MSME100885,485000.0,12,13.17,1923000.0,1.22,786,IT Services,538000.0,0,6.2,Upgrade delivery fleet and cold-storage units,West Bengal,Male,1,0
MSME100886,326000.0,24,13.52,1211000.0,2.17,639,Textiles,193000.0,0,5.8,Open a second retail outlet in the district,Uttar Pradesh,Female,26,0
MSME100887,507000.0,24,12.22,1777000.0,1.28,749,Logistics,244000.0,0,3.2,Expand textile weaving unit with additional looms,West Bengal,Male,42,0
MSME100888,639000.0,24,12.08,3140000.0,1.42,735,Manufacturing,804000.0,1,5.4,Refinance existing high-interest debt and consolidate dues,West Bengal,Male,42,0
MSME100889,668000.0,84,14.04,2504000.0,1.12,693,Food Processing,530000.0,0,0.2,Working capital for raw material procurement,Tamil Nadu,Female,55,0
MSME100890,719000.0,48,15.04,1736000.0,0.73,572,Manufacturing,1174000.0,0,2.8,Upgrade delivery fleet and cold-storage units,Gujarat,Male,18,0
MSME100891,349000.0,48,12.31,574000.0,1.46,673,Retail Trade,95000.0,1,4.3,Purchase of new machinery to expand production capacity,Kerala,Male,10,0
MSME100892,1285000.0,60,11.72,5750000.0,1.58,757,IT Services,1188000.0,1,8.6,Bridge a seasonal cash crunch ahead of festival demand,Karnataka,Male,27,0
MSME100893,774000.0,60,12.65,3608000.0,2.43,688,Retail Trade,476000.0,1,5.4,Purchase of new machinery to expand production capacity,West Bengal,Male,18,0
MSME100894,580000.0,60,13.57,2348000.0,0.6,682,Manufacturing,806000.0,0,6.7,Open a second retail outlet in the district,Maharashtra,Female,18,1
MSME100895,472000.0,36,9.78,2118000.0,2.67,610,Manufacturing,581000.0,1,9.1,Purchase of new machinery to expand production capacity,Gujarat,Male,1,0
MSME100896,1009000.0,24,12.65,2259000.0,0.76,731,Manufacturing,739000.0,0,3.5,Bridge a seasonal cash crunch ahead of festival demand,West Bengal,Male,20,0
MSME100897,1009000.0,60,13.78,5115000.0,1.25,657,Manufacturing,1117000.0,3,4.6,Upgrade delivery fleet and cold-storage units,West Bengal,Male,4,0
MSME100898,298000.0,36,13.0,578000.0,1.09,648,Construction,149000.0,1,1.7,Expand textile weaving unit with additional looms,Tamil Nadu,Male,44,1
MSME100899,565000.0,48,12.6,2032000.0,1.64,711,Manufacturing,717000.0,1,2.3,Upgrade delivery fleet and cold-storage units,Gujarat,Male,47,0
MSME100900,900000.0,36,17.21,3108000.0,1.96,641,Textiles,1180000.0,1,8.3,Expand textile weaving unit with additional looms,Tamil Nadu,Male,34,0
MSME100901,685000.0,48,12.44,3844000.0,1.36,740,Construction,1154000.0,1,5.9,Purchase of new machinery to expand production capacity,Punjab,Male,47,0
MSME100902,713000.0,24,12.77,2577000.0,0.3,652,IT Services,1156000.0,1,4.4,Purchase of new machinery to expand production capacity,Maharashtra,Female,41,0
MSME100903,1181000.0,36,10.65,4954000.0,0.83,664,Agriculture,1107000.0,1,1.5,Upgrade delivery fleet and cold-storage units,Punjab,Female,26,1
MSME100904,1940000.0,24,13.16,3708000.0,0.54,785,Textiles,964000.0,0,3.8,Expand textile weaving unit with additional looms,Punjab,Female,2,0
MSME100905,543000.0,36,13.09,1164000.0,0.65,691,IT Services,699000.0,1,12.2,Open a second retail outlet in the district,Karnataka,Female,27,0
MSME100906,1670000.0,48,9.77,5860000.0,0.9,732,IT Services,2403000.0,1,2.4,Emergency funds after delayed receivables from buyers,Tamil Nadu,Male,29,0
MSME100907,853000.0,36,10.76,2242000.0,1.35,696,Retail Trade,855000.0,0,4.2,Working capital for raw material procurement,Tamil Nadu,Male,36,1
MSME100908,5345000.0,36,14.78,18015000.0,0.72,662,Retail Trade,6429000.0,0,1.1,Refinance existing high-interest debt and consolidate dues,Karnataka,Male,6,0
MSME100909,186000.0,48,8.67,1073000.0,1.21,802,Food Processing,198000.0,0,2.1,Emergency funds after delayed receivables from buyers,Gujarat,Female,5,0
MSME100910,1410000.0,48,12.11,7883000.0,1.24,647,Manufacturing,2141000.0,0,3.4,Refinance existing high-interest debt and consolidate dues,Karnataka,Male,12,0
MSME100911,540000.0,12,9.32,848000.0,0.82,679,Manufacturing,465000.0,0,7.2,Refinance existing high-interest debt and consolidate dues,Tamil Nadu,Female,48,0
MSME100912,505000.0,36,17.86,840000.0,0.91,775,Manufacturing,837000.0,2,4.4,Refinance existing high-interest debt and consolidate dues,Gujarat,Female,6,1
MSME100913,494000.0,48,17.52,1760000.0,0.38,657,IT Services,126000.0,1,2.5,Open a second retail outlet in the district,West Bengal,Male,56,0
MSME100914,7211000.0,12,12.65,14422000.0,1.87,715,IT Services,9634000.0,0,5.3,Expand textile weaving unit with additional looms,West Bengal,Male,48,0
MSME100915,818000.0,12,11.66,1604000.0,1.91,729,Logistics,1174000.0,0,6.1,Refinance existing high-interest debt and consolidate dues,Kerala,Male,43,0
MSME100916,360000.0,48,14.86,1460000.0,0.65,622,Logistics,240000.0,0,1.7,Open a second retail outlet in the district,West Bengal,Male,20,1
MSME100917,314000.0,24,12.1,1834000.0,1.09,517,Agriculture,531000.0,0,6.3,Emergency funds after delayed receivables from buyers,Gujarat,Male,36,1
MSME100918,317000.0,12,14.01,516000.0,1.39,694,Food Processing,396000.0,2,0.9,Emergency funds after delayed receivables from buyers,West Bengal,Female,20,0
MSME100919,279000.0,24,13.08,514000.0,1.13,652,Food Processing,293000.0,0,6.1,Upgrade delivery fleet and cold-storage units,Maharashtra,Female,56,0
MSME100920,535000.0,24,15.08,1716000.0,1.09,740,Manufacturing,172000.0,0,1.5,Upgrade delivery fleet and cold-storage units,Tamil Nadu,Male,50,0
MSME100921,411000.0,48,16.16,1744000.0,0.7,767,Textiles,618000.0,0,3.3,Bridge a seasonal cash crunch ahead of festival demand,Karnataka,Female,2,1
MSME100922,169000.0,24,9.78,903000.0,0.72,687,Manufacturing,235000.0,0,4.8,Refinance existing high-interest debt and consolidate dues,Karnataka,Male,46,0
MSME100923,179000.0,48,12.61,645000.0,0.98,779,Construction,54000.0,0,8.2,Open a second retail outlet in the district,Gujarat,Male,24,0
MSME100924,458000.0,12,8.82,839000.0,0.94,670,Textiles,115000.0,1,2.8,Refinance existing high-interest debt and consolidate dues,Uttar Pradesh,Male,44,1
MSME100925,357000.0,24,10.84,1773000.0,1.81,856,Textiles,221000.0,0,8.3,Bridge a seasonal cash crunch ahead of festival demand,Uttar Pradesh,Male,38,0
MSME100926,249000.0,36,13.19,931000.0,1.78,714,Manufacturing,62000.0,2,1.9,Refinance existing high-interest debt and consolidate dues,Maharashtra,Male,48,0
MSME100927,1092000.0,48,11.44,5066000.0,1.76,670,Logistics,533000.0,0,4.7,Working capital for raw material procurement,Gujarat,Male,45,0
MSME100928,999000.0,12,10.35,3095000.0,2.1,602,Retail Trade,976000.0,2,2.2,Bridge a seasonal cash crunch ahead of festival demand,Gujarat,Male,48,1
MSME100929,949000.0,36,8.8,1984000.0,1.26,764,Textiles,248000.0,0,1.4,Upgrade delivery fleet and cold-storage units,West Bengal,Male,36,0
MSME100930,800000.0,36,10.65,4627000.0,3.41,645,Manufacturing,1143000.0,1,3.4,Bridge a seasonal cash crunch ahead of festival demand,Gujarat,Female,11,0
MSME100931,357000.0,60,11.61,690000.0,0.95,588,Food Processing,378000.0,0,5.8,Purchase of new machinery to expand production capacity,Maharashtra,Male,36,0
MSME100932,635000.0,84,10.13,3036000.0,0.57,778,Retail Trade,603000.0,2,14.9,Emergency funds after delayed receivables from buyers,Tamil Nadu,Female,22,0
MSME100933,402000.0,60,13.64,612000.0,2.53,582,Food Processing,631000.0,0,8.4,Upgrade delivery fleet and cold-storage units,Uttar Pradesh,Male,18,0
MSME100934,456000.0,24,12.41,2433000.0,1.41,762,Retail Trade,729000.0,0,14.5,Purchase of new machinery to expand production capacity,Karnataka,Male,1,0
MSME100935,519000.0,48,12.18,2416000.0,0.73,724,Retail Trade,701000.0,0,7.6,Open a second retail outlet in the district,Karnataka,Male,33,0
MSME100936,330000.0,48,16.35,1541000.0,1.19,587,Agriculture,72000.0,1,5.5,Refinance existing high-interest debt and consolidate dues,Uttar Pradesh,Male,9,1
MSME100937,275000.0,48,15.01,1436000.0,0.6,750,Agriculture,472000.0,0,0.9,Purchase of new machinery to expand production capacity,Tamil Nadu,Female,25,0
MSME100938,1008000.0,60,14.68,4051000.0,3.5,754,Food Processing,350000.0,0,2.4,Purchase of new machinery to expand production capacity,Tamil Nadu,Male,19,0
MSME100939,302000.0,48,13.64,1220000.0,1.46,775,Manufacturing,326000.0,1,7.9,Working capital for raw material procurement,West Bengal,Male,4,0
MSME100940,374000.0,12,11.62,1381000.0,1.05,657,Textiles,102000.0,1,23.1,Expand textile weaving unit with additional looms,Gujarat,Female,42,1
MSME100941,646000.0,24,12.99,1210000.0,1.49,719,Retail Trade,887000.0,1,3.1,Emergency funds after delayed receivables from buyers,Uttar Pradesh,Male,33,1
MSME100942,597000.0,36,11.43,1003000.0,0.44,707,Food Processing,778000.0,0,4.2,Expand textile weaving unit with additional looms,Karnataka,Female,10,0
MSME100943,368000.0,12,11.19,1490000.0,0.53,677,IT Services,252000.0,0,8.0,Emergency funds after delayed receivables from buyers,Karnataka,Male,36,1
MSME100944,304000.0,12,15.52,1018000.0,2.12,655,Retail Trade,478000.0,1,4.5,Refinance existing high-interest debt and consolidate dues,Tamil Nadu,Male,39,0
MSME100945,448000.0,36,10.03,1306000.0,0.47,695,Retail Trade,125000.0,0,8.3,Bridge a seasonal cash crunch ahead of festival demand,Kerala,Male,11,0
MSME100946,885000.0,36,12.31,4686000.0,1.35,790,Logistics,627000.0,3,9.0,Bridge a seasonal cash crunch ahead of festival demand,Punjab,Female,42,0
MSME100947,1159000.0,24,11.13,3150000.0,1.44,699,Retail Trade,817000.0,0,12.7,Refinance existing high-interest debt and consolidate dues,Uttar Pradesh,Male,41,0
MSME100948,1441000.0,36,11.74,6382000.0,0.85,741,Construction,2582000.0,1,7.2,Emergency funds after delayed receivables from buyers,Maharashtra,Male,54,0
MSME100949,1705000.0,48,16.64,9458000.0,0.88,691,IT Services,1519000.0,0,5.0,Open a second retail outlet in the district,Punjab,Male,10,0
MSME100950,418000.0,24,17.01,2007000.0,3.23,753,Textiles,744000.0,0,3.6,Purchase of new machinery to expand production capacity,Maharashtra,Female,11,0
MSME100951,441000.0,24,14.57,714000.0,0.82,702,Construction,613000.0,1,25.4,Upgrade delivery fleet and cold-storage units,Kerala,Male,57,1
MSME100952,599000.0,12,12.79,2697000.0,0.79,761,Manufacturing,796000.0,0,3.0,Working capital for raw material procurement,West Bengal,Male,43,0
MSME100953,1599000.0,36,15.94,3841000.0,0.76,705,Logistics,2632000.0,1,3.4,Working capital for raw material procurement,Tamil Nadu,Male,53,0
MSME100954,757000.0,24,14.2,3708000.0,0.59,640,Construction,1235000.0,1,6.3,Bridge a seasonal cash crunch ahead of festival demand,Punjab,Male,20,0
MSME100955,430000.0,48,14.6,1830000.0,3.5,660,IT Services,717000.0,1,1.8,Expand textile weaving unit with additional looms,Karnataka,Male,26,0
MSME100956,1029000.0,24,12.48,4715000.0,0.48,750,Manufacturing,370000.0,1,3.8,Upgrade delivery fleet and cold-storage units,Kerala,Female,13,1
MSME100957,863000.0,12,11.44,3574000.0,1.79,616,Manufacturing,613000.0,0,8.9,Emergency funds after delayed receivables from buyers,Uttar Pradesh,Female,14,0
MSME100958,595000.0,24,15.93,2251000.0,1.72,774,Food Processing,331000.0,0,8.8,Working capital for raw material procurement,Kerala,Male,56,0
MSME100959,316000.0,48,15.66,575000.0,0.69,722,Manufacturing,267000.0,0,10.9,Purchase of new machinery to expand production capacity,West Bengal,Male,26,1
MSME100960,187000.0,48,9.61,346000.0,1.47,823,Food Processing,173000.0,2,3.2,Refinance existing high-interest debt and consolidate dues,Karnataka,Male,10,0
MSME100961,1052000.0,48,16.8,3403000.0,0.99,719,Logistics,1681000.0,1,6.8,Upgrade delivery fleet and cold-storage units,Punjab,Male,40,0
MSME100962,1011000.0,12,14.66,6029000.0,0.81,747,Manufacturing,1582000.0,0,6.5,Working capital for raw material procurement,Gujarat,Male,21,0
MSME100963,502000.0,36,8.0,2365000.0,0.87,613,Manufacturing,460000.0,1,8.0,Bridge a seasonal cash crunch ahead of festival demand,Maharashtra,Male,39,0
MSME100964,370000.0,12,16.98,1936000.0,0.67,745,Textiles,179000.0,0,7.3,Open a second retail outlet in the district,Punjab,Male,48,1
MSME100965,793000.0,24,12.28,1582000.0,1.17,689,Food Processing,863000.0,1,11.1,Refinance existing high-interest debt and consolidate dues,Maharashtra,Female,55,0
MSME100966,1086000.0,48,14.13,1786000.0,1.61,663,Retail Trade,1320000.0,0,3.6,Bridge a seasonal cash crunch ahead of festival demand,West Bengal,Male,37,1
MSME100967,954000.0,24,15.61,4391000.0,1.96,616,Retail Trade,1480000.0,0,2.2,Working capital for raw material procurement,Kerala,Male,19,0
MSME100968,1050000.0,12,9.94,3831000.0,3.27,717,Manufacturing,934000.0,0,1.7,Upgrade delivery fleet and cold-storage units,Tamil Nadu,Male,50,0
MSME100969,300000.0,24,12.1,1397000.0,2.34,697,Logistics,107000.0,1,5.2,Bridge a seasonal cash crunch ahead of festival demand,Tamil Nadu,Male,20,1
MSME100970,738000.0,24,14.81,4092000.0,0.77,693,Retail Trade,407000.0,1,1.6,Purchase of new machinery to expand production capacity,Uttar Pradesh,Male,54,1
MSME100971,1337000.0,60,15.88,2238000.0,3.09,690,Retail Trade,1525000.0,0,2.8,Emergency funds after delayed receivables from buyers,Tamil Nadu,Female,29,0
MSME100972,264000.0,48,10.85,625000.0,1.73,728,Agriculture,417000.0,0,9.8,Working capital for raw material procurement,West Bengal,Male,37,0
MSME100973,417000.0,36,16.98,1692000.0,1.12,724,Construction,627000.0,0,1.4,Open a second retail outlet in the district,Maharashtra,Male,51,1
MSME100974,229000.0,36,16.3,454000.0,1.9,610,Textiles,394000.0,1,1.2,Refinance existing high-interest debt and consolidate dues,Maharashtra,Male,59,0
MSME100975,424000.0,36,10.94,2053000.0,0.95,727,Retail Trade,465000.0,0,14.1,Expand textile weaving unit with additional looms,Uttar Pradesh,Male,23,0
MSME100976,705000.0,24,11.52,3263000.0,1.77,646,Retail Trade,372000.0,1,2.6,Expand textile weaving unit with additional looms,Uttar Pradesh,Male,58,1
MSME100977,227000.0,24,15.53,1192000.0,1.34,748,Construction,248000.0,1,5.9,Working capital for raw material procurement,West Bengal,Male,21,0
MSME100978,569000.0,24,15.47,2366000.0,1.14,743,Logistics,122000.0,0,2.3,Upgrade delivery fleet and cold-storage units,Karnataka,Male,46,0
MSME100979,268000.0,12,13.37,589000.0,2.57,745,Logistics,289000.0,0,2.6,Open a second retail outlet in the district,West Bengal,Female,3,0
MSME100980,598000.0,12,13.23,2917000.0,0.62,761,Logistics,163000.0,0,1.8,Refinance existing high-interest debt and consolidate dues,Tamil Nadu,Female,53,1
MSME100981,918000.0,36,9.97,4922000.0,1.81,743,Logistics,762000.0,0,1.2,Emergency funds after delayed receivables from buyers,West Bengal,Female,15,0
MSME100982,572000.0,48,15.5,1978000.0,0.77,606,Manufacturing,124000.0,0,6.6,Working capital for raw material procurement,Punjab,Female,20,0
MSME100983,677000.0,60,14.06,2412000.0,1.01,752,Manufacturing,998000.0,0,1.0,Open a second retail outlet in the district,Punjab,Female,54,0
MSME100984,538000.0,24,13.76,3207000.0,1.02,607,Manufacturing,253000.0,1,7.1,Upgrade delivery fleet and cold-storage units,Tamil Nadu,Female,48,1
MSME100985,951000.0,24,12.56,5704000.0,1.47,691,Manufacturing,1051000.0,0,3.5,Upgrade delivery fleet and cold-storage units,Gujarat,Male,43,0
MSME100986,535000.0,36,15.21,2115000.0,3.12,549,Food Processing,737000.0,2,7.3,Open a second retail outlet in the district,Punjab,Male,55,0
MSME100987,4666000.0,48,11.9,18959000.0,2.03,629,Construction,6122000.0,0,2.8,Upgrade delivery fleet and cold-storage units,Gujarat,Female,33,0
MSME100988,730000.0,12,11.55,2677000.0,2.09,631,Retail Trade,146000.0,0,3.6,Emergency funds after delayed receivables from buyers,West Bengal,Male,21,0
MSME100989,199000.0,48,13.68,988000.0,0.95,704,IT Services,341000.0,0,1.8,Emergency funds after delayed receivables from buyers,Punjab,Male,41,0
MSME100990,248000.0,24,16.59,1085000.0,1.9,736,Food Processing,228000.0,0,0.4,Refinance existing high-interest debt and consolidate dues,Punjab,Male,57,0
MSME100991,271000.0,48,15.43,1200000.0,1.61,757,Retail Trade,443000.0,1,2.3,Refinance existing high-interest debt and consolidate dues,Karnataka,Male,3,0
MSME100992,841000.0,60,16.91,3619000.0,1.69,625,Food Processing,559000.0,0,4.3,Bridge a seasonal cash crunch ahead of festival demand,Gujarat,Female,45,0
MSME100993,286000.0,24,16.85,1270000.0,2.84,781,Logistics,448000.0,1,5.9,Emergency funds after delayed receivables from buyers,West Bengal,Male,58,0
MSME100994,435000.0,48,17.29,1255000.0,2.35,783,Manufacturing,643000.0,1,8.8,Emergency funds after delayed receivables from buyers,Maharashtra,Male,10,0
MSME100995,604000.0,36,17.37,3553000.0,1.9,564,Textiles,834000.0,1,6.4,Working capital for raw material procurement,Punjab,Female,49,1
MSME100996,1376000.0,60,12.74,3064000.0,1.48,720,IT Services,906000.0,1,2.0,Emergency funds after delayed receivables from buyers,Gujarat,Male,1,1
MSME100997,351000.0,60,14.61,838000.0,1.97,673,Retail Trade,273000.0,1,4.7,Emergency funds after delayed receivables from buyers,Gujarat,Male,44,0
MSME100998,1702000.0,48,11.98,2924000.0,2.73,614,Construction,1606000.0,0,9.4,Refinance existing high-interest debt and consolidate dues,Tamil Nadu,Male,9,0
MSME100999,342000.0,60,10.96,864000.0,1.44,680,Manufacturing,410000.0,1,3.8,Refinance existing high-interest debt and consolidate dues,Uttar Pradesh,Male,26,0
MSME101000,922000.0,48,18.51,3413000.0,1.42,759,IT Services,315000.0,0,4.0,Purchase of new machinery to expand production capacity,Kerala,Male,50,0
MSME101001,223000.0,60,13.79,751000.0,1.05,732,Food Processing,351000.0,0,9.3,Bridge a seasonal cash crunch ahead of festival demand,Maharashtra,Female,52,0
MSME101002,628000.0,48,15.36,1935000.0,0.4,613,IT Services,986000.0,1,5.7,Refinance existing high-interest debt and consolidate dues,Tamil Nadu,Female,26,1
MSME101003,309000.0,36,13.6,465000.0,1.16,732,Agriculture,315000.0,0,2.8,Open a second retail outlet in the district,Karnataka,Male,59,0
MSME101004,927000.0,36,11.67,4988000.0,1.53,671,Construction,1331000.0,1,7.6,Emergency funds after delayed receivables from buyers,Tamil Nadu,Male,21,0
MSME101005,376000.0,84,14.19,1105000.0,0.82,644,IT Services,384000.0,2,1.7,Upgrade delivery fleet and cold-storage units,Uttar Pradesh,Male,28,1
MSME101006,748000.0,36,19.37,2976000.0,1.34,670,Manufacturing,1232000.0,1,7.4,Working capital for raw material procurement,Kerala,Female,3,0
MSME101007,213000.0,36,14.67,428000.0,0.87,726,Retail Trade,49000.0,1,4.8,Expand textile weaving unit with additional looms,Kerala,Male,2,0
MSME101008,372000.0,48,12.81,1208000.0,0.49,632,Textiles,95000.0,0,14.4,Emergency funds after delayed receivables from buyers,Gujarat,Female,5,0
MSME101009,1941000.0,48,14.04,5139000.0,0.43,814,IT Services,2807000.0,0,0.7,Bridge a seasonal cash crunch ahead of festival demand,West Bengal,Female,43,0
MSME101010,617000.0,12,9.11,1064000.0,0.91,798,Textiles,1091000.0,0,1.7,Working capital for raw material procurement,Kerala,Male,28,0
MSME101011,1244000.0,36,13.76,5882000.0,1.71,751,Retail Trade,1171000.0,0,8.4,Upgrade delivery fleet and cold-storage units,West Bengal,Male,50,0
MSME101012,2528000.0,24,14.04,8708000.0,0.89,684,Logistics,3439000.0,1,13.4,Bridge a seasonal cash crunch ahead of festival demand,West Bengal,Female,48,0
MSME101013,528000.0,60,18.47,814000.0,0.94,731,Textiles,170000.0,0,4.2,Bridge a seasonal cash crunch ahead of festival demand,Gujarat,Female,48,1
MSME101014,598000.0,24,13.19,1308000.0,0.79,644,Construction,800000.0,0,8.2,Emergency funds after delayed receivables from buyers,Punjab,Male,20,1
MSME101015,1449000.0,48,13.19,4747000.0,1.04,609,Retail Trade,776000.0,0,2.2,Expand textile weaving unit with additional looms,Punjab,Female,32,0
MSME101016,219000.0,36,11.26,347000.0,1.02,723,Manufacturing,346000.0,1,7.1,Bridge a seasonal cash crunch ahead of festival demand,Karnataka,Male,10,0
MSME101017,1000000.0,48,14.03,2400000.0,1.41,783,Retail Trade,938000.0,0,6.8,Upgrade delivery fleet and cold-storage units,Maharashtra,Female,26,0
MSME101018,918000.0,36,9.3,2854000.0,0.69,668,Textiles,1446000.0,2,3.0,Purchase of new machinery to expand production capacity,West Bengal,Male,44,0
MSME101019,933000.0,60,14.86,3255000.0,2.1,754,Manufacturing,210000.0,0,1.2,Open a second retail outlet in the district,Kerala,Male,15,0
MSME101020,244000.0,84,16.04,922000.0,2.96,542,Food Processing,370000.0,1,3.0,Refinance existing high-interest debt and consolidate dues,Punjab,Male,15,0
MSME101021,533000.0,48,13.99,1726000.0,2.61,699,Retail Trade,557000.0,1,17.4,Upgrade delivery fleet and cold-storage units,Kerala,Male,20,0
MSME101022,812000.0,60,13.88,4813000.0,1.91,601,Retail Trade,490000.0,2,4.7,Expand textile weaving unit with additional looms,Uttar Pradesh,Male,30,0
MSME101023,409000.0,24,16.37,1230000.0,1.47,808,Retail Trade,548000.0,3,2.6,Expand textile weaving unit with additional looms,Gujarat,Male,2,0
MSME101024,776000.0,84,12.29,2318000.0,2.31,714,Retail Trade,295000.0,1,9.1,Refinance existing high-interest debt and consolidate dues,Karnataka,Female,21,0
MSME101025,495000.0,48,13.36,2278000.0,2.68,686,Logistics,708000.0,0,5.4,Open a second retail outlet in the district,Karnataka,Male,43,0
MSME101026,342000.0,36,10.75,805000.0,1.58,672,IT Services,319000.0,0,7.9,Bridge a seasonal cash crunch ahead of festival demand,West Bengal,Female,22,0
MSME101027,580000.0,48,12.9,2352000.0,2.09,613,Food Processing,384000.0,1,4.7,Expand textile weaving unit with additional looms,Karnataka,Male,3,0
MSME101028,369000.0,48,14.23,1654000.0,0.86,727,Food Processing,461000.0,0,0.7,Refinance existing high-interest debt and consolidate dues,Kerala,Female,46,0
MSME101029,1360000.0,36,12.48,6810000.0,0.79,747,Logistics,2108000.0,3,23.4,Open a second retail outlet in the district,Maharashtra,Female,27,0
MSME101030,1947000.0,48,10.81,11202000.0,1.86,531,Logistics,3427000.0,1,1.1,Upgrade delivery fleet and cold-storage units,Punjab,Male,13,0
MSME101031,223000.0,36,12.22,727000.0,1.87,740,Textiles,353000.0,0,3.3,Purchase of new machinery to expand production capacity,Kerala,Male,17,0
MSME101032,227000.0,84,13.51,837000.0,2.21,696,Construction,106000.0,0,8.6,Bridge a seasonal cash crunch ahead of festival demand,Kerala,Male,44,0
MSME101033,311000.0,24,8.0,630000.0,1.93,753,Manufacturing,252000.0,3,0.6,Upgrade delivery fleet and cold-storage units,Uttar Pradesh,Female,58,0
MSME101034,725000.0,36,13.14,3279000.0,0.78,746,Construction,436000.0,0,5.2,Bridge a seasonal cash crunch ahead of festival demand,Kerala,Male,23,1
MSME101035,661000.0,48,12.58,1805000.0,1.66,744,IT Services,208000.0,0,11.3,Refinance existing high-interest debt and consolidate dues,Uttar Pradesh,Female,25,0
MSME101036,670000.0,48,13.06,1684000.0,1.27,790,Manufacturing,486000.0,1,15.8,Expand textile weaving unit with additional looms,Punjab,Male,24,0
MSME101037,407000.0,12,14.87,2299000.0,0.78,553,Textiles,302000.0,2,2.7,Bridge a seasonal cash crunch ahead of festival demand,Gujarat,Female,57,1
MSME101038,985000.0,36,9.9,5873000.0,3.13,638,Construction,595000.0,0,0.6,Purchase of new machinery to expand production capacity,Karnataka,Male,24,0
MSME101039,566000.0,48,13.62,3217000.0,1.42,725,IT Services,924000.0,0,1.9,Purchase of new machinery to expand production capacity,West Bengal,Male,38,0
MSME101040,314000.0,48,16.6,907000.0,2.68,694,IT Services,142000.0,1,6.2,Open a second retail outlet in the district,Uttar Pradesh,Male,55,0
MSME101041,1423000.0,24,17.73,6151000.0,2.36,813,Manufacturing,1966000.0,0,2.8,Open a second retail outlet in the district,Maharashtra,Female,18,0
MSME101042,1317000.0,24,9.79,5626000.0,1.26,539,Textiles,1347000.0,0,11.1,Refinance existing high-interest debt and consolidate dues,West Bengal,Female,6,0
MSME101043,320000.0,24,15.56,1030000.0,1.77,530,Textiles,281000.0,2,4.6,Upgrade delivery fleet and cold-storage units,Maharashtra,Male,54,1
MSME101044,572000.0,60,15.62,3402000.0,1.32,854,Retail Trade,182000.0,2,6.0,Open a second retail outlet in the district,West Bengal,Male,42,0
MSME101045,424000.0,24,12.6,2377000.0,1.11,729,Textiles,302000.0,0,3.7,Bridge a seasonal cash crunch ahead of festival demand,Punjab,Male,34,0
MSME101046,1015000.0,12,8.68,3974000.0,0.65,764,Retail Trade,1739000.0,1,7.7,Working capital for raw material procurement,Karnataka,Male,45,0
MSME101047,324000.0,48,11.44,981000.0,0.87,759,IT Services,221000.0,0,4.4,Purchase of new machinery to expand production capacity,Tamil Nadu,Male,52,0
MSME101048,146000.0,24,12.97,499000.0,0.61,714,Retail Trade,45000.0,0,7.6,Purchase of new machinery to expand production capacity,Tamil Nadu,Male,25,0
MSME101049,325000.0,12,11.86,862000.0,0.38,658,Logistics,509000.0,1,3.0,Bridge a seasonal cash crunch ahead of festival demand,Kerala,Male,35,1
MSME101050,239000.0,12,11.25,387000.0,1.15,732,Retail Trade,421000.0,0,3.3,Expand textile weaving unit with additional looms,Tamil Nadu,Female,10,0
MSME101051,178000.0,24,15.56,948000.0,1.38,599,IT Services,224000.0,0,4.9,Bridge a seasonal cash crunch ahead of festival demand,Tamil Nadu,Male,30,1
MSME101052,842000.0,84,15.69,2368000.0,0.68,724,Retail Trade,419000.0,2,4.5,Refinance existing high-interest debt and consolidate dues,Punjab,Male,56,1
MSME101053,1820000.0,48,17.1,5421000.0,2.55,720,IT Services,1139000.0,0,6.1,Purchase of new machinery to expand production capacity,Uttar Pradesh,Female,8,0
MSME101054,227000.0,48,14.79,889000.0,1.83,679,Textiles,356000.0,0,7.1,Purchase of new machinery to expand production capacity,Kerala,Male,25,0
MSME101055,287000.0,60,12.72,1146000.0,1.01,834,Manufacturing,440000.0,1,3.8,Expand textile weaving unit with additional looms,Uttar Pradesh,Male,23,0
MSME101056,425000.0,36,12.93,2167000.0,0.97,680,IT Services,261000.0,0,4.5,Open a second retail outlet in the district,Tamil Nadu,Male,37,0
MSME101057,597000.0,48,13.5,1686000.0,1.34,688,Agriculture,161000.0,0,12.5,Open a second retail outlet in the district,Kerala,Female,34,1
MSME101058,151000.0,84,15.26,797000.0,0.64,689,Retail Trade,269000.0,0,3.7,Bridge a seasonal cash crunch ahead of festival demand,Gujarat,Male,39,0
MSME101059,256000.0,60,12.55,1013000.0,0.89,624,Construction,185000.0,1,14.3,Refinance existing high-interest debt and consolidate dues,Maharashtra,Male,21,1
MSME101060,545000.0,60,12.21,3224000.0,0.43,747,Textiles,573000.0,0,6.3,Emergency funds after delayed receivables from buyers,Kerala,Female,2,1
MSME101061,233000.0,48,10.81,755000.0,1.8,662,Retail Trade,220000.0,1,0.7,Refinance existing high-interest debt and consolidate dues,Maharashtra,Male,7,0
MSME101062,305000.0,12,18.01,1739000.0,1.55,588,Manufacturing,489000.0,1,3.4,Open a second retail outlet in the district,Kerala,Male,2,0
MSME101063,756000.0,36,17.65,1272000.0,1.03,688,Logistics,1157000.0,0,5.8,Emergency funds after delayed receivables from buyers,West Bengal,Male,7,0
MSME101064,448000.0,36,12.52,2435000.0,0.72,694,Textiles,755000.0,0,3.2,Upgrade delivery fleet and cold-storage units,Kerala,Male,20,1
MSME101065,421000.0,24,13.87,1186000.0,2.9,695,Textiles,155000.0,2,4.2,Upgrade delivery fleet and cold-storage units,Uttar Pradesh,Male,10,0
MSME101066,193000.0,24,13.1,1158000.0,1.16,639,Retail Trade,75000.0,0,1.6,Purchase of new machinery to expand production capacity,Punjab,Female,1,0
MSME101067,274000.0,36,14.1,1470000.0,1.33,682,Logistics,351000.0,0,1.1,Refinance existing high-interest debt and consolidate dues,Karnataka,Male,5,1
MSME101068,397000.0,60,9.1,1815000.0,3.12,632,Logistics,120000.0,0,7.6,Open a second retail outlet in the district,Karnataka,Female,54,0
MSME101069,350000.0,24,12.98,715000.0,0.85,819,Manufacturing,473000.0,0,1.6,Working capital for raw material procurement,Uttar Pradesh,Male,23,0
MSME101070,459000.0,36,14.6,1930000.0,1.97,680,Logistics,626000.0,0,5.8,Working capital for raw material procurement,West Bengal,Female,59,1
MSME101071,437000.0,36,13.27,1157000.0,1.42,627,Retail Trade,192000.0,0,9.6,Upgrade delivery fleet and cold-storage units,Punjab,Male,5,0
MSME101072,729000.0,48,14.41,3666000.0,1.6,729,Agriculture,1037000.0,0,7.5,Open a second retail outlet in the district,Karnataka,Male,54,0
MSME101073,1377000.0,36,14.88,5669000.0,0.88,642,Textiles,2134000.0,3,14.4,Bridge a seasonal cash crunch ahead of festival demand,Punjab,Male,21,1
MSME101074,243000.0,48,15.57,750000.0,1.08,644,Food Processing,251000.0,1,6.9,Upgrade delivery fleet and cold-storage units,Maharashtra,Female,16,0
MSME101075,457000.0,24,17.41,1626000.0,1.23,706,Logistics,630000.0,0,10.3,Purchase of new machinery to expand production capacity,Maharashtra,Male,19,0
MSME101076,533000.0,48,16.81,1591000.0,0.5,688,Logistics,562000.0,0,7.0,Working capital for raw material procurement,Maharashtra,Female,42,1
MSME101077,873000.0,24,10.87,4113000.0,0.74,753,Retail Trade,447000.0,0,1.7,Open a second retail outlet in the district,Kerala,Male,53,1
MSME101078,327000.0,24,12.52,1246000.0,0.51,557,Logistics,435000.0,1,6.6,Purchase of new machinery to expand production capacity,Karnataka,Male,20,1
MSME101079,340000.0,60,14.65,1832000.0,1.22,606,Agriculture,132000.0,1,5.5,Upgrade delivery fleet and cold-storage units,Gujarat,Male,9,1
MSME101080,424000.0,48,17.08,1944000.0,1.0,784,Food Processing,544000.0,0,10.6,Open a second retail outlet in the district,Tamil Nadu,Female,11,0
MSME101081,253000.0,24,15.94,1371000.0,1.85,708,Logistics,147000.0,1,1.8,Refinance existing high-interest debt and consolidate dues,Maharashtra,Female,33,0
MSME101082,811000.0,36,15.95,3527000.0,1.17,785,Retail Trade,1002000.0,1,3.8,Bridge a seasonal cash crunch ahead of festival demand,Maharashtra,Male,59,0
MSME101083,115000.0,12,8.0,173000.0,0.85,795,Construction,149000.0,0,13.7,Working capital for raw material procurement,Gujarat,Female,54,0
MSME101084,499000.0,84,10.73,2461000.0,3.5,675,Textiles,537000.0,0,3.5,Purchase of new machinery to expand production capacity,Maharashtra,Female,4,0
MSME101085,166000.0,36,16.98,549000.0,0.8,552,Manufacturing,274000.0,0,2.3,Open a second retail outlet in the district,Uttar Pradesh,Male,22,1
MSME101086,705000.0,36,14.66,1212000.0,1.82,706,Textiles,1128000.0,0,6.4,Bridge a seasonal cash crunch ahead of festival demand,West Bengal,Female,27,0
MSME101087,128000.0,48,19.95,277000.0,1.64,741,Retail Trade,149000.0,0,12.4,Emergency funds after delayed receivables from buyers,Punjab,Female,28,0
MSME101088,345000.0,36,12.44,1979000.0,1.34,750,Logistics,557000.0,1,3.8,Refinance existing high-interest debt and consolidate dues,Uttar Pradesh,Male,16,1
MSME101089,1219000.0,36,15.02,3189000.0,2.96,847,IT Services,1214000.0,0,5.6,Refinance existing high-interest debt and consolidate dues,Gujarat,Male,42,0
MSME101090,1019000.0,60,15.27,4752000.0,1.38,826,IT Services,243000.0,0,2.7,Bridge a seasonal cash crunch ahead of festival demand,Punjab,Female,30,0
MSME101091,676000.0,48,14.11,3741000.0,0.95,665,Retail Trade,983000.0,2,1.8,Expand textile weaving unit with additional looms,Karnataka,Male,53,0
MSME101092,518000.0,24,14.04,1195000.0,1.2,707,Textiles,651000.0,0,9.8,Emergency funds after delayed receivables from buyers,Kerala,Female,53,0
MSME101093,603000.0,60,15.59,3514000.0,1.54,672,Retail Trade,394000.0,0,13.1,Working capital for raw material procurement,Punjab,Male,7,1
MSME101094,355000.0,48,13.31,1264000.0,0.82,633,Construction,139000.0,0,7.1,Expand textile weaving unit with additional looms,Gujarat,Male,9,0
MSME101095,114000.0,60,12.66,368000.0,1.85,805,Food Processing,76000.0,0,9.5,Purchase of new machinery to expand production capacity,Tamil Nadu,Male,13,0
MSME101096,305000.0,36,13.22,636000.0,2.46,602,Food Processing,540000.0,0,2.7,Upgrade delivery fleet and cold-storage units,Karnataka,Female,18,0
MSME101097,300000.0,48,10.79,1405000.0,1.38,714,Construction,75000.0,0,7.8,Bridge a seasonal cash crunch ahead of festival demand,Gujarat,Male,32,1
MSME101098,282000.0,24,13.58,1264000.0,1.1,757,Textiles,337000.0,1,7.1,Open a second retail outlet in the district,Punjab,Male,50,0
MSME101099,683000.0,12,11.37,3858000.0,1.71,645,Manufacturing,584000.0,0,3.3,Expand textile weaving unit with additional looms,West Bengal,Male,2,0
MSME101100,1945000.0,60,12.23,9987000.0,0.54,579,Food Processing,3181000.0,1,2.4,Working capital for raw material procurement,Maharashtra,Female,17,1
MSME101101,519000.0,36,14.09,2903000.0,2.1,853,IT Services,151000.0,0,4.5,Working capital for raw material procurement,Karnataka,Female,38,0
MSME101102,892000.0,60,18.88,3876000.0,0.72,659,Textiles,1105000.0,1,10.0,Working capital for raw material procurement,Maharashtra,Male,29,1
MSME101103,1292000.0,60,13.09,4668000.0,1.39,671,Textiles,1397000.0,1,7.6,Emergency funds after delayed receivables from buyers,Maharashtra,Female,52,0
MSME101104,402000.0,84,14.2,675000.0,0.53,614,Construction,631000.0,0,5.3,Expand textile weaving unit with additional looms,Uttar Pradesh,Female,17,0
MSME101105,197000.0,60,13.08,623000.0,1.65,589,IT Services,293000.0,1,9.9,Emergency funds after delayed receivables from buyers,Maharashtra,Male,3,0
MSME101106,510000.0,12,11.98,2955000.0,0.93,798,Logistics,637000.0,0,2.0,Upgrade delivery fleet and cold-storage units,West Bengal,Female,39,0
MSME101107,126000.0,48,11.94,597000.0,1.22,594,Construction,142000.0,2,3.6,Open a second retail outlet in the district,Karnataka,Male,10,1
MSME101108,442000.0,12,9.63,1284000.0,0.94,675,Food Processing,141000.0,0,14.1,Expand textile weaving unit with additional looms,Maharashtra,Female,27,0
MSME101109,677000.0,36,12.36,3121000.0,1.16,661,Food Processing,977000.0,0,7.2,Expand textile weaving unit with additional looms,Karnataka,Male,8,0
MSME101110,685000.0,24,10.72,2138000.0,0.63,753,Logistics,145000.0,0,2.9,Refinance existing high-interest debt and consolidate dues,Tamil Nadu,Male,50,0
MSME101111,341000.0,36,11.85,1017000.0,0.8,786,Textiles,343000.0,1,4.9,Bridge a seasonal cash crunch ahead of festival demand,Karnataka,Female,37,0
MSME101112,432000.0,60,16.46,1753000.0,0.97,609,Manufacturing,108000.0,1,2.6,Working capital for raw material procurement,Gujarat,Male,29,0
MSME101113,1253000.0,24,13.44,6627000.0,1.12,655,IT Services,1717000.0,0,9.9,Expand textile weaving unit with additional looms,Karnataka,Male,58,0
MSME101114,254000.0,24,12.69,417000.0,1.22,617,Construction,87000.0,1,5.7,Expand textile weaving unit with additional looms,West Bengal,Male,14,1
MSME101115,462000.0,84,19.69,1126000.0,1.06,594,Construction,434000.0,0,15.4,Working capital for raw material procurement,Tamil Nadu,Male,19,1
MSME101116,460000.0,36,18.44,1168000.0,2.06,732,Retail Trade,502000.0,0,2.9,Open a second retail outlet in the district,Tamil Nadu,Male,47,0
MSME101117,428000.0,12,9.37,1841000.0,0.81,686,IT Services,530000.0,0,2.6,Expand textile weaving unit with additional looms,Gujarat,Female,56,0
MSME101118,617000.0,24,8.0,2917000.0,0.83,603,IT Services,939000.0,1,1.5,Expand textile weaving unit with additional looms,Punjab,Male,40,0
MSME101119,704000.0,24,12.67,3773000.0,2.3,701,Retail Trade,162000.0,0,3.6,Expand textile weaving unit with additional looms,Karnataka,Female,45,0
MSME101120,128000.0,24,10.74,254000.0,1.32,693,Textiles,184000.0,1,6.0,Purchase of new machinery to expand production capacity,Maharashtra,Female,16,0
MSME101121,418000.0,60,11.13,837000.0,0.54,771,Retail Trade,445000.0,0,1.0,Open a second retail outlet in the district,Punjab,Female,41,0
MSME101122,1249000.0,60,10.52,6596000.0,1.31,734,Logistics,1674000.0,0,6.1,Open a second retail outlet in the district,Karnataka,Male,13,0
MSME101123,281000.0,48,13.02,1606000.0,0.3,681,Retail Trade,331000.0,0,6.9,Upgrade delivery fleet and cold-storage units,Maharashtra,Female,42,1
MSME101124,904000.0,36,8.93,3507000.0,0.72,723,Manufacturing,480000.0,2,3.9,Working capital for raw material procurement,West Bengal,Male,17,1
MSME101125,919000.0,48,14.49,2993000.0,0.59,703,Retail Trade,397000.0,0,2.7,Working capital for raw material procurement,Gujarat,Female,22,0
MSME101126,266000.0,48,9.32,1458000.0,0.83,638,Manufacturing,328000.0,0,2.3,Refinance existing high-interest debt and consolidate dues,Punjab,Male,27,0
MSME101127,615000.0,24,14.4,3502000.0,1.36,696,Manufacturing,470000.0,0,6.2,Expand textile weaving unit with additional looms,Gujarat,Male,5,0
MSME101128,438000.0,48,18.06,1616000.0,1.19,599,Construction,762000.0,1,5.8,Open a second retail outlet in the district,Uttar Pradesh,Male,24,0
MSME101129,382000.0,12,13.98,2187000.0,1.18,699,IT Services,265000.0,1,8.0,Purchase of new machinery to expand production capacity,Uttar Pradesh,Male,29,0
MSME101130,534000.0,60,13.31,2431000.0,1.18,700,Textiles,175000.0,1,2.0,Working capital for raw material procurement,Uttar Pradesh,Female,3,0
MSME101131,2688000.0,36,14.3,4426000.0,0.78,588,Retail Trade,2686000.0,2,9.5,Purchase of new machinery to expand production capacity,Gujarat,Female,25,1
MSME101132,548000.0,36,13.61,1728000.0,1.78,725,Textiles,299000.0,0,3.1,Refinance existing high-interest debt and consolidate dues,Karnataka,Female,56,0
MSME101133,1508000.0,12,12.94,4714000.0,0.89,826,IT Services,2650000.0,0,3.9,Open a second retail outlet in the district,Maharashtra,Male,39,0
MSME101134,428000.0,24,13.3,1117000.0,0.59,655,Retail Trade,534000.0,1,3.5,Emergency funds after delayed receivables from buyers,Karnataka,Male,49,1
MSME101135,6654000.0,48,8.27,15684000.0,1.62,770,IT Services,11040000.0,1,7.9,Open a second retail outlet in the district,Tamil Nadu,Male,46,0
MSME101136,408000.0,36,13.51,1119000.0,2.2,741,Textiles,619000.0,0,7.4,Expand textile weaving unit with additional looms,Gujarat,Male,58,0
MSME101137,400000.0,12,13.24,1663000.0,1.08,649,Food Processing,232000.0,0,13.4,Working capital for raw material procurement,Gujarat,Male,1,0
MSME101138,130000.0,48,15.85,318000.0,0.88,533,Construction,128000.0,1,5.1,Open a second retail outlet in the district,Karnataka,Male,53,1
MSME101139,1909000.0,36,12.85,7008000.0,0.99,706,IT Services,2292000.0,0,7.0,Expand textile weaving unit with additional looms,Uttar Pradesh,Male,22,0
MSME101140,122000.0,12,8.94,294000.0,1.42,683,Retail Trade,210000.0,0,7.3,Emergency funds after delayed receivables from buyers,West Bengal,Male,37,0
MSME101141,191000.0,36,12.84,633000.0,1.77,717,Retail Trade,110000.0,0,12.8,Bridge a seasonal cash crunch ahead of festival demand,Kerala,Male,12,0
MSME101142,352000.0,12,14.08,1361000.0,2.62,800,Textiles,258000.0,0,3.5,Emergency funds after delayed receivables from buyers,Gujarat,Female,8,0
MSME101143,658000.0,48,14.77,3488000.0,1.95,643,Food Processing,291000.0,0,18.9,Bridge a seasonal cash crunch ahead of festival demand,Punjab,Male,17,0
MSME101144,341000.0,12,15.28,1095000.0,1.26,758,Retail Trade,318000.0,1,5.6,Working capital for raw material procurement,Karnataka,Female,13,0
MSME101145,396000.0,36,15.01,1723000.0,1.55,682,Retail Trade,110000.0,0,3.3,Upgrade delivery fleet and cold-storage units,Maharashtra,Female,16,0
MSME101146,1919000.0,60,12.63,6484000.0,3.03,667,Manufacturing,988000.0,0,1.6,Expand textile weaving unit with additional looms,Maharashtra,Male,7,0
MSME101147,730000.0,36,15.0,3424000.0,0.59,677,IT Services,982000.0,0,4.4,Expand textile weaving unit with additional looms,Kerala,Male,44,0
MSME101148,1277000.0,48,13.75,6988000.0,1.59,656,IT Services,1626000.0,2,3.1,Refinance existing high-interest debt and consolidate dues,Kerala,Female,56,1
MSME101149,932000.0,84,15.04,3070000.0,0.92,594,Retail Trade,1498000.0,1,6.1,Refinance existing high-interest debt and consolidate dues,Maharashtra,Male,28,0
MSME101150,1071000.0,24,8.0,3653000.0,1.25,654,Construction,1222000.0,1,6.6,Bridge a seasonal cash crunch ahead of festival demand,Punjab,Male,9,0
MSME101151,585000.0,24,15.39,2113000.0,0.9,726,Construction,1007000.0,0,6.7,Refinance existing high-interest debt and consolidate dues,Uttar Pradesh,Male,12,0
MSME101152,543000.0,36,12.34,2681000.0,0.52,641,Food Processing,352000.0,2,9.2,Open a second retail outlet in the district,Uttar Pradesh,Female,44,0
MSME101153,610000.0,24,10.98,3401000.0,1.16,757,Agriculture,595000.0,0,2.2,Upgrade delivery fleet and cold-storage units,Maharashtra,Male,43,0
MSME101154,204000.0,36,13.12,1056000.0,0.45,643,Textiles,169000.0,0,4.7,Upgrade delivery fleet and cold-storage units,Punjab,Male,50,1
MSME101155,618000.0,48,16.58,1545000.0,2.94,620,IT Services,213000.0,0,8.2,Upgrade delivery fleet and cold-storage units,Kerala,Male,28,0
MSME101156,934000.0,48,10.57,3697000.0,1.88,810,Textiles,682000.0,0,5.8,Refinance existing high-interest debt and consolidate dues,Uttar Pradesh,Male,22,0
MSME101157,353000.0,12,15.42,621000.0,0.41,685,Agriculture,503000.0,0,3.7,Upgrade delivery fleet and cold-storage units,Tamil Nadu,Male,36,0
MSME101158,235000.0,24,13.74,983000.0,0.64,686,Logistics,161000.0,0,12.5,Bridge a seasonal cash crunch ahead of festival demand,Karnataka,Male,42,0
MSME101159,257000.0,24,13.98,507000.0,0.89,680,IT Services,242000.0,0,7.3,Open a second retail outlet in the district,West Bengal,Female,33,0
MSME101160,285000.0,36,14.88,1351000.0,0.7,689,Textiles,500000.0,0,4.3,Bridge a seasonal cash crunch ahead of festival demand,West Bengal,Female,41,1
MSME101161,730000.0,12,13.16,3787000.0,1.48,645,IT Services,934000.0,1,24.6,Purchase of new machinery to expand production capacity,Tamil Nadu,Female,19,0
MSME101162,345000.0,12,13.37,2047000.0,1.2,826,Retail Trade,449000.0,1,2.1,Refinance existing high-interest debt and consolidate dues,Maharashtra,Male,25,0
MSME101163,618000.0,48,12.38,3136000.0,1.23,856,Retail Trade,353000.0,2,2.8,Open a second retail outlet in the district,Tamil Nadu,Male,9,0
MSME101164,232000.0,36,15.51,1075000.0,1.8,606,Retail Trade,268000.0,1,2.1,Bridge a seasonal cash crunch ahead of festival demand,West Bengal,Female,19,0
MSME101165,2344000.0,60,13.79,8027000.0,1.7,523,Food Processing,4037000.0,0,12.8,Expand textile weaving unit with additional looms,Karnataka,Female,33,0
MSME101166,1069000.0,36,13.56,3093000.0,0.63,704,Manufacturing,1045000.0,0,4.5,Refinance existing high-interest debt and consolidate dues,West Bengal,Male,9,0
MSME101167,406000.0,24,13.67,1346000.0,1.84,744,Manufacturing,166000.0,1,5.3,Working capital for raw material procurement,Punjab,Male,22,0
MSME101168,146000.0,12,16.27,340000.0,1.45,732,Food Processing,163000.0,1,8.2,Open a second retail outlet in the district,Karnataka,Female,34,0
MSME101169,5875000.0,36,10.88,20467000.0,0.56,774,Manufacturing,6347000.0,0,1.3,Open a second retail outlet in the district,Punjab,Female,29,0
MSME101170,324000.0,24,15.45,781000.0,0.62,765,Agriculture,146000.0,0,8.2,Working capital for raw material procurement,Uttar Pradesh,Male,57,0
MSME101171,1156000.0,24,14.56,3627000.0,1.49,634,Food Processing,516000.0,1,4.6,Bridge a seasonal cash crunch ahead of festival demand,Punjab,Male,41,1
MSME101172,667000.0,24,10.54,1130000.0,1.32,774,Logistics,342000.0,1,5.9,Open a second retail outlet in the district,Punjab,Male,48,0
MSME101173,706000.0,24,12.11,1344000.0,1.15,704,IT Services,914000.0,0,5.0,Expand textile weaving unit with additional looms,West Bengal,Female,11,0
MSME101174,414000.0,48,12.7,1184000.0,2.14,704,Retail Trade,678000.0,1,1.9,Emergency funds after delayed receivables from buyers,Karnataka,Male,22,0
MSME101175,716000.0,60,11.83,3418000.0,1.43,799,Textiles,907000.0,0,5.9,Purchase of new machinery to expand production capacity,Karnataka,Male,13,0
MSME101176,414000.0,36,14.03,716000.0,1.61,639,Agriculture,300000.0,1,7.6,Refinance existing high-interest debt and consolidate dues,Uttar Pradesh,Male,31,0
MSME101177,1485000.0,36,10.44,3410000.0,3.25,693,Retail Trade,2558000.0,0,3.3,Working capital for raw material procurement,Tamil Nadu,Male,40,0
MSME101178,423000.0,24,15.34,2238000.0,1.31,822,Textiles,105000.0,0,9.6,Upgrade delivery fleet and cold-storage units,Maharashtra,Male,26,0
MSME101179,317000.0,24,13.94,1889000.0,1.35,734,Construction,174000.0,0,5.7,Purchase of new machinery to expand production capacity,West Bengal,Male,33,0
MSME101180,421000.0,36,13.52,1733000.0,2.48,764,Food Processing,576000.0,3,2.2,Upgrade delivery fleet and cold-storage units,Maharashtra,Female,40,0
MSME101181,749000.0,48,14.71,3130000.0,0.72,744,Retail Trade,539000.0,0,11.3,Open a second retail outlet in the district,Karnataka,Male,13,1
MSME101182,803000.0,48,14.3,2557000.0,1.3,792,Manufacturing,834000.0,1,9.1,Purchase of new machinery to expand production capacity,Uttar Pradesh,Male,27,0
MSME101183,419000.0,48,12.43,2086000.0,2.09,497,Construction,289000.0,1,2.7,Expand textile weaving unit with additional looms,Punjab,Female,28,1
MSME101184,236000.0,12,15.67,1405000.0,1.38,747,Manufacturing,381000.0,1,2.4,Purchase of new machinery to expand production capacity,Tamil Nadu,Male,40,0
MSME101185,525000.0,36,13.22,1523000.0,0.49,585,Agriculture,387000.0,2,7.8,Refinance existing high-interest debt and consolidate dues,Uttar Pradesh,Male,29,1
MSME101186,584000.0,60,12.34,1171000.0,2.15,823,Construction,211000.0,0,5.6,Working capital for raw material procurement,Tamil Nadu,Male,6,0
MSME101187,1311000.0,24,11.42,7321000.0,1.29,660,Logistics,433000.0,0,5.9,Refinance existing high-interest debt and consolidate dues,Punjab,Male,4,0
MSME101188,428000.0,24,13.62,2253000.0,0.99,551,Agriculture,688000.0,1,8.7,Purchase of new machinery to expand production capacity,Gujarat,Female,28,1
MSME101189,1709000.0,36,17.12,4036000.0,2.78,643,Retail Trade,1586000.0,0,13.3,Refinance existing high-interest debt and consolidate dues,Maharashtra,Male,39,0
MSME101190,665000.0,36,8.89,3222000.0,1.45,578,Logistics,634000.0,0,13.6,Working capital for raw material procurement,West Bengal,Female,12,0
MSME101191,392000.0,24,13.45,656000.0,1.91,731,Logistics,296000.0,1,4.0,Working capital for raw material procurement,West Bengal,Female,26,0
MSME101192,313000.0,24,8.15,1556000.0,1.85,693,Manufacturing,115000.0,1,1.5,Emergency funds after delayed receivables from buyers,Uttar Pradesh,Male,15,0
MSME101193,1546000.0,48,17.85,5279000.0,1.69,638,Agriculture,1996000.0,0,1.5,Expand textile weaving unit with additional looms,Gujarat,Male,4,1
MSME101194,487000.0,48,15.1,735000.0,1.11,672,Construction,586000.0,2,16.3,Purchase of new machinery to expand production capacity,Karnataka,Male,53,1
MSME101195,126000.0,84,12.98,601000.0,1.16,717,Retail Trade,85000.0,2,3.7,Emergency funds after delayed receivables from buyers,Kerala,Male,56,1
MSME101196,961000.0,36,10.38,2658000.0,0.32,576,Retail Trade,750000.0,1,10.8,Expand textile weaving unit with additional looms,Maharashtra,Male,40,1
MSME101197,434000.0,36,14.27,1977000.0,0.85,690,Textiles,525000.0,2,4.0,Purchase of new machinery to expand production capacity,West Bengal,Female,26,1
MSME101198,629000.0,48,10.76,2492000.0,2.79,689,Retail Trade,1071000.0,0,0.9,Emergency funds after delayed receivables from buyers,Maharashtra,Male,34,0
MSME101199,801000.0,36,12.75,1950000.0,1.37,671,Textiles,1228000.0,1,4.9,Expand textile weaving unit with additional looms,Kerala,Female,49,0
MSME101200,191000.0,24,11.89,783000.0,2.79,661,Agriculture,193000.0,0,14.7,Working capital for raw material procurement,Maharashtra,Male,43,0
MSME101201,310000.0,84,13.37,933000.0,0.62,674,Construction,527000.0,0,8.2,Purchase of new machinery to expand production capacity,Punjab,Male,18,0
MSME101202,255000.0,24,12.42,1510000.0,2.01,680,IT Services,163000.0,1,1.2,Bridge a seasonal cash crunch ahead of festival demand,Tamil Nadu,Male,47,0
MSME101203,1633000.0,48,13.84,4461000.0,1.06,691,Logistics,1394000.0,1,2.6,Working capital for raw material procurement,Karnataka,Male,15,1
MSME101204,733000.0,24,11.77,1775000.0,1.02,690,Food Processing,997000.0,0,3.9,Open a second retail outlet in the district,West Bengal,Female,39,0
MSME101205,926000.0,84,12.42,1845000.0,2.01,700,Textiles,1391000.0,1,1.3,Refinance existing high-interest debt and consolidate dues,Tamil Nadu,Male,44,0
MSME101206,658000.0,24,12.98,1001000.0,0.98,745,Construction,1176000.0,0,2.1,Upgrade delivery fleet and cold-storage units,Uttar Pradesh,Male,18,0
MSME101207,720000.0,12,13.51,1153000.0,2.02,704,Retail Trade,157000.0,2,4.8,Open a second retail outlet in the district,Kerala,Female,48,1
MSME101208,1479000.0,48,13.31,5745000.0,0.81,746,Construction,1451000.0,3,9.3,Open a second retail outlet in the district,Kerala,Male,41,1
MSME101209,743000.0,48,14.87,2615000.0,2.18,799,Retail Trade,907000.0,1,7.6,Working capital for raw material procurement,Maharashtra,Male,14,0
MSME101210,2191000.0,24,12.72,11031000.0,1.28,726,Food Processing,3780000.0,0,8.7,Emergency funds after delayed receivables from buyers,Uttar Pradesh,Female,19,0
MSME101211,633000.0,60,10.69,1587000.0,1.82,708,Manufacturing,654000.0,0,3.5,Bridge a seasonal cash crunch ahead of festival demand,Uttar Pradesh,Male,45,0
MSME101212,209000.0,12,11.07,1012000.0,0.72,784,Retail Trade,210000.0,0,2.6,Upgrade delivery fleet and cold-storage units,Uttar Pradesh,Female,48,0
MSME101213,1307000.0,24,15.57,7832000.0,0.81,556,Food Processing,2034000.0,1,6.6,Open a second retail outlet in the district,Punjab,Male,52,1
MSME101214,855000.0,36,15.27,3255000.0,1.64,558,Retail Trade,798000.0,1,5.5,Upgrade delivery fleet and cold-storage units,Uttar Pradesh,Female,12,1
MSME101215,242000.0,24,14.59,725000.0,0.5,684,Retail Trade,407000.0,0,4.5,Expand textile weaving unit with additional looms,Tamil Nadu,Male,19,1
MSME101216,241000.0,24,15.57,857000.0,1.18,658,Retail Trade,198000.0,0,5.1,Expand textile weaving unit with additional looms,Karnataka,Female,39,1
MSME101217,1065000.0,36,13.72,3205000.0,1.89,624,Manufacturing,225000.0,0,1.8,Upgrade delivery fleet and cold-storage units,Kerala,Male,44,0
MSME101218,251000.0,24,9.78,1255000.0,0.82,547,Agriculture,57000.0,0,3.7,Upgrade delivery fleet and cold-storage units,Gujarat,Female,47,1
MSME101219,546000.0,60,14.48,2542000.0,1.67,653,Food Processing,654000.0,1,15.4,Expand textile weaving unit with additional looms,Kerala,Male,38,0
MSME101220,1547000.0,84,16.19,8998000.0,0.9,656,Textiles,475000.0,1,1.3,Open a second retail outlet in the district,Maharashtra,Male,10,1
MSME101221,580000.0,60,15.38,1633000.0,0.57,735,Construction,234000.0,0,2.8,Bridge a seasonal cash crunch ahead of festival demand,West Bengal,Male,12,1
MSME101222,512000.0,48,12.01,1086000.0,1.49,660,Manufacturing,874000.0,1,2.3,Expand textile weaving unit with additional looms,Maharashtra,Female,18,0
MSME101223,829000.0,84,9.67,1597000.0,1.94,745,IT Services,1369000.0,0,7.4,Refinance existing high-interest debt and consolidate dues,Maharashtra,Female,55,0
MSME101224,247000.0,36,11.42,1220000.0,1.44,769,Textiles,122000.0,1,3.6,Working capital for raw material procurement,Tamil Nadu,Female,50,0
MSME101225,696000.0,48,14.86,2641000.0,1.19,608,Retail Trade,494000.0,0,0.3,Bridge a seasonal cash crunch ahead of festival demand,Maharashtra,Male,18,1
MSME101226,557000.0,84,14.12,941000.0,1.26,751,Retail Trade,194000.0,0,8.9,Emergency funds after delayed receivables from buyers,Tamil Nadu,Male,7,0
MSME101227,899000.0,48,15.81,5209000.0,1.6,776,IT Services,1200000.0,1,3.5,Expand textile weaving unit with additional looms,Maharashtra,Male,5,0
MSME101228,737000.0,36,14.91,2772000.0,1.76,676,Agriculture,913000.0,1,5.4,Bridge a seasonal cash crunch ahead of festival demand,Punjab,Male,4,0
MSME101229,1436000.0,48,15.47,6799000.0,1.76,771,Food Processing,2455000.0,1,7.6,Working capital for raw material procurement,West Bengal,Male,25,0
MSME101230,166000.0,36,13.75,909000.0,1.11,765,Retail Trade,221000.0,1,17.5,Working capital for raw material procurement,West Bengal,Female,54,0
MSME101231,2325000.0,36,14.95,12307000.0,1.43,652,Logistics,2112000.0,0,11.9,Open a second retail outlet in the district,Tamil Nadu,Female,50,0
MSME101232,1141000.0,48,13.18,4293000.0,1.65,743,Agriculture,1910000.0,2,3.0,Refinance existing high-interest debt and consolidate dues,Tamil Nadu,Male,18,0
MSME101233,820000.0,36,17.44,1327000.0,1.17,712,Retail Trade,197000.0,0,3.3,Open a second retail outlet in the district,Maharashtra,Male,9,0
MSME101234,562000.0,60,15.03,1188000.0,1.2,737,Textiles,124000.0,0,0.9,Open a second retail outlet in the district,Tamil Nadu,Female,11,1
MSME101235,581000.0,36,14.33,1660000.0,1.33,621,Manufacturing,290000.0,1,5.9,Working capital for raw material procurement,Uttar Pradesh,Male,13,0
MSME101236,444000.0,48,14.36,2497000.0,2.06,695,IT Services,155000.0,0,6.2,Open a second retail outlet in the district,Punjab,Male,1,0
MSME101237,384000.0,36,9.85,1959000.0,1.07,635,Textiles,262000.0,2,2.7,Bridge a seasonal cash crunch ahead of festival demand,Punjab,Female,45,1
MSME101238,403000.0,24,11.03,1291000.0,1.05,634,Manufacturing,405000.0,0,16.1,Purchase of new machinery to expand production capacity,Kerala,Male,40,0
MSME101239,1407000.0,48,14.78,6106000.0,0.43,689,IT Services,352000.0,1,7.2,Purchase of new machinery to expand production capacity,Punjab,Male,38,1
MSME101240,325000.0,60,15.24,1091000.0,1.55,553,Textiles,519000.0,0,8.3,Bridge a seasonal cash crunch ahead of festival demand,Kerala,Male,56,1
MSME101241,790000.0,24,12.45,2815000.0,1.11,524,Construction,549000.0,2,3.3,Emergency funds after delayed receivables from buyers,Punjab,Male,30,1
MSME101242,3578000.0,24,11.61,20663000.0,1.27,721,Food Processing,5238000.0,2,8.2,Emergency funds after delayed receivables from buyers,Maharashtra,Female,44,0
MSME101243,262000.0,36,12.3,1035000.0,1.74,762,Textiles,289000.0,2,6.9,Expand textile weaving unit with additional looms,West Bengal,Female,7,0
MSME101244,143000.0,36,14.2,738000.0,1.38,643,Retail Trade,67000.0,1,4.2,Open a second retail outlet in the district,Gujarat,Male,9,1
MSME101245,507000.0,24,14.49,830000.0,0.41,692,IT Services,569000.0,2,4.9,Purchase of new machinery to expand production capacity,Kerala,Female,33,1
MSME101246,211000.0,60,13.89,982000.0,2.12,694,Manufacturing,268000.0,1,2.7,Upgrade delivery fleet and cold-storage units,Karnataka,Female,23,0
MSME101247,1924000.0,48,12.54,11529000.0,2.28,605,Textiles,2709000.0,1,4.4,Working capital for raw material procurement,Gujarat,Male,21,0
MSME101248,617000.0,12,12.01,2003000.0,1.05,582,Agriculture,933000.0,1,4.8,Open a second retail outlet in the district,West Bengal,Male,52,1
MSME101249,288000.0,12,10.6,495000.0,1.14,756,IT Services,206000.0,0,11.8,Purchase of new machinery to expand production capacity,Gujarat,Male,59,0
MSME101250,1132000.0,84,14.29,1823000.0,0.91,679,Retail Trade,567000.0,0,4.0,Expand textile weaving unit with additional looms,West Bengal,Male,46,0
MSME101251,191000.0,36,13.91,400000.0,1.14,704,Logistics,309000.0,1,6.2,Expand textile weaving unit with additional looms,Gujarat,Male,47,0
MSME101252,539000.0,84,13.65,3028000.0,1.59,833,Construction,934000.0,0,3.0,Purchase of new machinery to expand production capacity,Karnataka,Male,42,0
MSME101253,672000.0,48,10.44,2296000.0,1.25,670,Agriculture,227000.0,1,2.0,Refinance existing high-interest debt and consolidate dues,West Bengal,Male,59,0
MSME101254,613000.0,12,12.24,2545000.0,0.96,737,Logistics,1026000.0,1,3.9,Expand textile weaving unit with additional looms,West Bengal,Male,18,0
MSME101255,1203000.0,12,10.41,2031000.0,0.84,800,Food Processing,1916000.0,1,3.6,Bridge a seasonal cash crunch ahead of festival demand,West Bengal,Male,13,0
MSME101256,429000.0,24,13.95,1143000.0,1.29,544,Textiles,271000.0,0,5.4,Working capital for raw material procurement,Tamil Nadu,Male,48,0
MSME101257,309000.0,48,10.9,1139000.0,0.89,752,Manufacturing,375000.0,0,0.5,Emergency funds after delayed receivables from buyers,West Bengal,Male,39,0
MSME101258,954000.0,36,9.53,2627000.0,1.38,691,Retail Trade,741000.0,1,7.6,Working capital for raw material procurement,Karnataka,Female,51,0
MSME101259,250000.0,60,10.43,1027000.0,1.4,825,Manufacturing,131000.0,0,5.6,Open a second retail outlet in the district,Uttar Pradesh,Male,2,0
MSME101260,431000.0,36,14.46,701000.0,1.04,731,Construction,609000.0,0,3.6,Open a second retail outlet in the district,Punjab,Male,25,0
MSME101261,599000.0,60,14.05,1179000.0,1.33,605,Textiles,167000.0,0,9.0,Working capital for raw material procurement,Gujarat,Male,39,0
MSME101262,204000.0,48,18.07,998000.0,1.68,738,Logistics,57000.0,0,4.8,Upgrade delivery fleet and cold-storage units,Kerala,Male,55,0
MSME101263,199000.0,48,14.73,627000.0,0.69,711,Retail Trade,89000.0,2,5.2,Purchase of new machinery to expand production capacity,Gujarat,Female,43,1
MSME101264,407000.0,24,13.92,623000.0,1.23,674,Food Processing,641000.0,0,6.8,Upgrade delivery fleet and cold-storage units,Kerala,Male,34,0
MSME101265,296000.0,24,11.13,1147000.0,0.32,655,Retail Trade,170000.0,2,3.1,Emergency funds after delayed receivables from buyers,Uttar Pradesh,Male,21,1
MSME101266,1564000.0,36,12.3,3210000.0,2.05,607,IT Services,353000.0,2,8.3,Expand textile weaving unit with additional looms,Karnataka,Female,55,0
MSME101267,987000.0,12,12.12,1871000.0,1.98,710,IT Services,1344000.0,3,7.5,Purchase of new machinery to expand production capacity,Karnataka,Male,16,0
MSME101268,592000.0,12,12.91,1123000.0,0.57,671,Textiles,343000.0,2,3.2,Upgrade delivery fleet and cold-storage units,Tamil Nadu,Male,16,1
MSME101269,575000.0,24,14.22,1813000.0,0.75,590,IT Services,373000.0,1,7.0,Expand textile weaving unit with additional looms,Gujarat,Male,4,1
MSME101270,374000.0,36,12.32,1645000.0,1.04,710,Manufacturing,117000.0,0,1.3,Open a second retail outlet in the district,Maharashtra,Male,4,0
MSME101271,954000.0,48,12.06,4284000.0,1.29,705,Food Processing,1081000.0,0,3.1,Purchase of new machinery to expand production capacity,Karnataka,Female,30,0
MSME101272,2093000.0,60,15.51,4806000.0,1.91,836,Manufacturing,2140000.0,0,1.7,Working capital for raw material procurement,Uttar Pradesh,Male,56,0
MSME101273,1040000.0,12,12.56,1798000.0,0.41,595,Retail Trade,703000.0,1,2.8,Bridge a seasonal cash crunch ahead of festival demand,Kerala,Female,38,1
MSME101274,259000.0,36,16.77,1393000.0,0.3,685,Retail Trade,386000.0,1,2.4,Expand textile weaving unit with additional looms,Tamil Nadu,Male,28,1
MSME101275,616000.0,84,16.28,2427000.0,0.93,681,IT Services,569000.0,0,17.7,Upgrade delivery fleet and cold-storage units,Kerala,Male,25,0
MSME101276,111000.0,36,15.26,178000.0,0.59,762,IT Services,174000.0,1,1.7,Bridge a seasonal cash crunch ahead of festival demand,West Bengal,Male,43,0
MSME101277,516000.0,36,15.26,2810000.0,1.27,764,Retail Trade,131000.0,1,7.5,Open a second retail outlet in the district,Kerala,Male,53,0
MSME101278,707000.0,48,14.63,3668000.0,1.1,795,Manufacturing,1244000.0,2,13.2,Upgrade delivery fleet and cold-storage units,Punjab,Female,35,0
MSME101279,300000.0,36,13.54,1694000.0,1.73,734,Manufacturing,498000.0,0,3.8,Bridge a seasonal cash crunch ahead of festival demand,Uttar Pradesh,Female,11,0
MSME101280,526000.0,24,13.12,2082000.0,1.3,665,Retail Trade,202000.0,0,10.7,Bridge a seasonal cash crunch ahead of festival demand,Tamil Nadu,Male,3,1
MSME101281,771000.0,36,12.51,2327000.0,2.36,544,Retail Trade,1337000.0,0,3.7,Upgrade delivery fleet and cold-storage units,Punjab,Male,43,1
MSME101282,1318000.0,24,10.93,7500000.0,0.52,749,Food Processing,1193000.0,1,1.1,Purchase of new machinery to expand production capacity,West Bengal,Female,56,0
MSME101283,491000.0,36,21.16,2142000.0,2.21,658,Construction,790000.0,0,4.7,Open a second retail outlet in the district,Tamil Nadu,Female,4,0
MSME101284,490000.0,24,8.23,1903000.0,0.35,574,IT Services,118000.0,1,1.5,Bridge a seasonal cash crunch ahead of festival demand,Karnataka,Male,42,0
MSME101285,1566000.0,48,10.79,4661000.0,0.49,708,Retail Trade,1860000.0,1,0.6,Expand textile weaving unit with additional looms,Tamil Nadu,Female,45,1
MSME101286,1279000.0,36,15.76,3771000.0,1.78,693,Construction,854000.0,0,9.9,Upgrade delivery fleet and cold-storage units,Maharashtra,Male,50,0
MSME101287,1299000.0,60,13.0,4085000.0,1.48,735,Retail Trade,1757000.0,1,2.9,Purchase of new machinery to expand production capacity,Karnataka,Male,18,0
MSME101288,328000.0,48,18.08,1848000.0,0.93,631,Retail Trade,516000.0,0,3.4,Emergency funds after delayed receivables from buyers,Maharashtra,Male,16,1
MSME101289,248000.0,60,10.31,1190000.0,1.65,679,Retail Trade,339000.0,1,4.5,Open a second retail outlet in the district,Gujarat,Female,31,0
MSME101290,482000.0,36,20.33,854000.0,1.5,671,Food Processing,645000.0,2,6.9,Bridge a seasonal cash crunch ahead of festival demand,Maharashtra,Female,7,1
MSME101291,258000.0,84,12.68,608000.0,1.05,681,Construction,400000.0,0,11.8,Purchase of new machinery to expand production capacity,Maharashtra,Male,15,0
MSME101292,1017000.0,36,16.5,3460000.0,0.62,711,IT Services,1595000.0,0,0.9,Working capital for raw material procurement,Tamil Nadu,Female,4,0
MSME101293,667000.0,24,14.18,2158000.0,1.49,669,Textiles,1015000.0,0,0.7,Upgrade delivery fleet and cold-storage units,Gujarat,Male,50,0
MSME101294,509000.0,12,12.53,1234000.0,2.11,651,Logistics,536000.0,1,19.7,Bridge a seasonal cash crunch ahead of festival demand,Maharashtra,Male,16,0
MSME101295,931000.0,12,12.62,4641000.0,1.31,692,Logistics,1401000.0,0,2.6,Bridge a seasonal cash crunch ahead of festival demand,Uttar Pradesh,Male,2,0
MSME101296,91000.0,48,11.84,517000.0,1.45,655,IT Services,56000.0,2,4.2,Working capital for raw material procurement,West Bengal,Male,33,0
MSME101297,513000.0,84,15.25,2497000.0,0.93,730,Manufacturing,532000.0,0,7.7,Bridge a seasonal cash crunch ahead of festival demand,Gujarat,Female,18,0
MSME101298,1045000.0,36,13.56,1609000.0,0.86,859,Retail Trade,1476000.0,1,2.9,Expand textile weaving unit with additional looms,Maharashtra,Male,28,0
MSME101299,287000.0,12,8.54,961000.0,1.07,746,Logistics,222000.0,0,0.7,Upgrade delivery fleet and cold-storage units,Maharashtra,Male,59,0
MSME101300,529000.0,36,11.99,3076000.0,1.55,747,Food Processing,839000.0,0,7.5,Refinance existing high-interest debt and consolidate dues,Maharashtra,Male,40,0
MSME101301,850000.0,84,13.82,3084000.0,1.87,737,Manufacturing,850000.0,0,0.8,Purchase of new machinery to expand production capacity,Gujarat,Female,26,0
MSME101302,589000.0,60,13.04,3401000.0,3.11,752,Retail Trade,742000.0,2,4.7,Emergency funds after delayed receivables from buyers,Karnataka,Male,53,0
MSME101303,499000.0,60,16.15,1279000.0,1.03,628,Retail Trade,346000.0,0,4.4,Bridge a seasonal cash crunch ahead of festival demand,Tamil Nadu,Female,52,1
MSME101304,443000.0,12,15.42,2640000.0,0.8,718,Construction,717000.0,2,6.7,Upgrade delivery fleet and cold-storage units,Tamil Nadu,Female,46,1
MSME101305,412000.0,24,11.14,954000.0,1.58,745,Retail Trade,700000.0,0,8.0,Refinance existing high-interest debt and consolidate dues,Gujarat,Female,2,0
MSME101306,359000.0,24,14.65,1757000.0,0.95,713,Textiles,549000.0,1,3.6,Upgrade delivery fleet and cold-storage units,Punjab,Female,52,1
MSME101307,1249000.0,48,11.72,7062000.0,2.5,625,Textiles,1517000.0,0,2.7,Working capital for raw material procurement,Uttar Pradesh,Female,15,0
MSME101308,673000.0,24,8.86,2718000.0,2.52,609,Construction,426000.0,1,7.8,Working capital for raw material procurement,Tamil Nadu,Male,47,1
MSME101309,329000.0,48,12.66,843000.0,1.49,718,Food Processing,114000.0,2,5.3,Bridge a seasonal cash crunch ahead of festival demand,Karnataka,Male,21,0
MSME101310,378000.0,24,11.0,1504000.0,0.93,610,Textiles,510000.0,1,5.0,Purchase of new machinery to expand production capacity,Punjab,Female,27,1
MSME101311,1216000.0,60,13.53,2632000.0,0.98,654,Logistics,1421000.0,1,4.2,Working capital for raw material procurement,West Bengal,Male,59,1
MSME101312,347000.0,12,13.15,1879000.0,2.54,691,IT Services,247000.0,0,6.2,Emergency funds after delayed receivables from buyers,West Bengal,Female,51,0
MSME101313,851000.0,48,12.74,2857000.0,0.72,631,Logistics,1160000.0,0,6.4,Working capital for raw material procurement,Karnataka,Male,56,0
MSME101314,383000.0,48,12.23,625000.0,1.1,725,Retail Trade,145000.0,2,1.0,Working capital for raw material procurement,Tamil Nadu,Male,26,1
MSME101315,958000.0,84,11.3,2655000.0,1.57,562,IT Services,1622000.0,0,1.6,Open a second retail outlet in the district,Kerala,Female,19,0
MSME101316,1615000.0,24,10.48,8547000.0,0.76,662,Retail Trade,1914000.0,1,5.0,Upgrade delivery fleet and cold-storage units,Gujarat,Male,17,0
MSME101317,355000.0,48,14.72,1930000.0,0.79,724,Textiles,612000.0,0,4.3,Purchase of new machinery to expand production capacity,Uttar Pradesh,Male,51,1
MSME101318,1892000.0,48,15.01,5554000.0,1.04,628,Food Processing,2768000.0,0,2.0,Working capital for raw material procurement,Maharashtra,Female,53,1
MSME101319,644000.0,84,10.63,1605000.0,1.37,649,Retail Trade,855000.0,2,2.4,Upgrade delivery fleet and cold-storage units,West Bengal,Male,35,0
MSME101320,1534000.0,48,16.15,8188000.0,1.54,671,Manufacturing,2554000.0,0,11.8,Open a second retail outlet in the district,West Bengal,Male,39,0
MSME101321,1150000.0,48,8.14,3273000.0,3.5,663,Construction,1851000.0,0,2.1,Bridge a seasonal cash crunch ahead of festival demand,West Bengal,Female,3,0
MSME101322,859000.0,12,19.8,3482000.0,1.08,679,Textiles,1430000.0,0,5.8,Emergency funds after delayed receivables from buyers,Uttar Pradesh,Female,22,0
MSME101323,800000.0,84,12.88,2792000.0,1.08,641,Textiles,440000.0,1,3.7,Upgrade delivery fleet and cold-storage units,West Bengal,Male,22,1
MSME101324,205000.0,12,12.16,1215000.0,0.82,715,Manufacturing,358000.0,1,6.2,Expand textile weaving unit with additional looms,Karnataka,Male,35,0
MSME101325,718000.0,12,16.15,1311000.0,0.93,837,Construction,1078000.0,0,5.2,Bridge a seasonal cash crunch ahead of festival demand,Gujarat,Male,21,0
MSME101326,1709000.0,24,17.43,9348000.0,0.73,602,Construction,660000.0,2,3.2,Working capital for raw material procurement,Kerala,Male,44,1
MSME101327,1222000.0,24,11.13,6613000.0,0.8,667,Textiles,1988000.0,0,18.6,Working capital for raw material procurement,Karnataka,Male,41,0
MSME101328,2899000.0,24,12.79,11284000.0,2.2,612,IT Services,3633000.0,0,7.9,Purchase of new machinery to expand production capacity,Uttar Pradesh,Male,19,0
MSME101329,1813000.0,24,8.36,7474000.0,1.34,589,Retail Trade,1856000.0,2,3.7,Bridge a seasonal cash crunch ahead of festival demand,Karnataka,Female,23,0
MSME101330,1365000.0,36,15.4,4011000.0,0.69,748,Food Processing,918000.0,0,5.0,Open a second retail outlet in the district,Kerala,Male,38,0
MSME101331,778000.0,60,13.73,4108000.0,1.63,704,Construction,655000.0,1,3.8,Purchase of new machinery to expand production capacity,West Bengal,Male,46,0
MSME101332,576000.0,36,9.24,2413000.0,0.73,739,Logistics,210000.0,0,9.9,Purchase of new machinery to expand production capacity,Kerala,Male,48,0
MSME101333,611000.0,24,16.99,2457000.0,0.78,673,IT Services,991000.0,1,5.6,Emergency funds after delayed receivables from buyers,Tamil Nadu,Male,30,0
MSME101334,654000.0,36,10.57,1468000.0,2.58,754,Food Processing,177000.0,0,7.7,Working capital for raw material procurement,Maharashtra,Male,53,0
MSME101335,408000.0,60,12.32,2374000.0,0.77,755,Construction,298000.0,2,3.5,Purchase of new machinery to expand production capacity,Karnataka,Male,13,1
MSME101336,637000.0,36,18.8,3173000.0,0.65,681,Food Processing,525000.0,1,6.0,Open a second retail outlet in the district,Uttar Pradesh,Male,44,0
MSME101337,218000.0,24,14.08,553000.0,1.7,780,Logistics,74000.0,0,2.1,Working capital for raw material procurement,Karnataka,Male,10,0
MSME101338,167000.0,24,10.58,967000.0,1.12,633,Food Processing,293000.0,1,1.4,Purchase of new machinery to expand production capacity,Karnataka,Male,33,1
MSME101339,265000.0,48,13.75,544000.0,1.74,598,IT Services,474000.0,0,1.5,Expand textile weaving unit with additional looms,Uttar Pradesh,Male,29,0
MSME101340,250000.0,60,14.01,977000.0,1.96,630,Construction,233000.0,0,7.9,Open a second retail outlet in the district,Punjab,Male,45,0
MSME101341,1523000.0,48,14.4,3479000.0,2.98,728,Textiles,2675000.0,0,1.5,Bridge a seasonal cash crunch ahead of festival demand,Punjab,Male,11,0
MSME101342,212000.0,24,15.11,1042000.0,0.69,647,Food Processing,202000.0,1,13.2,Open a second retail outlet in the district,Kerala,Female,34,0
MSME101343,615000.0,24,14.53,1054000.0,2.05,738,Manufacturing,1036000.0,1,11.5,Open a second retail outlet in the district,Tamil Nadu,Female,30,0
MSME101344,656000.0,84,13.13,2896000.0,1.87,750,Food Processing,646000.0,2,4.1,Refinance existing high-interest debt and consolidate dues,Uttar Pradesh,Female,47,0
MSME101345,270000.0,24,14.74,548000.0,1.3,604,Retail Trade,277000.0,0,2.3,Open a second retail outlet in the district,Maharashtra,Female,34,1
MSME101346,351000.0,36,12.21,1721000.0,2.36,722,Textiles,326000.0,1,4.3,Emergency funds after delayed receivables from buyers,Gujarat,Female,34,0
MSME101347,302000.0,24,12.47,903000.0,0.89,718,Retail Trade,520000.0,0,5.3,Open a second retail outlet in the district,West Bengal,Male,5,0
MSME101348,94000.0,24,13.42,535000.0,1.59,689,IT Services,39000.0,0,11.8,Bridge a seasonal cash crunch ahead of festival demand,Karnataka,Male,34,0
MSME101349,531000.0,60,14.27,2477000.0,3.25,691,Retail Trade,662000.0,1,7.9,Open a second retail outlet in the district,Punjab,Female,54,0
MSME101350,1861000.0,48,10.87,4638000.0,1.22,672,Textiles,1595000.0,1,4.3,Working capital for raw material procurement,West Bengal,Male,50,1
MSME101351,750000.0,36,15.44,3079000.0,1.22,647,Manufacturing,1139000.0,2,3.1,Purchase of new machinery to expand production capacity,Maharashtra,Female,26,0
MSME101352,729000.0,12,8.0,1857000.0,0.63,727,Retail Trade,595000.0,0,4.0,Emergency funds after delayed receivables from buyers,Maharashtra,Male,2,0
MSME101353,270000.0,36,10.71,1370000.0,1.63,682,Food Processing,439000.0,1,3.9,Refinance existing high-interest debt and consolidate dues,Uttar Pradesh,Male,34,0
MSME101354,306000.0,36,14.8,903000.0,1.85,696,Logistics,477000.0,1,5.8,Upgrade delivery fleet and cold-storage units,Uttar Pradesh,Female,58,0
MSME101355,286000.0,36,13.16,575000.0,1.08,612,Retail Trade,202000.0,0,4.5,Emergency funds after delayed receivables from buyers,Maharashtra,Male,37,1
MSME101356,689000.0,36,14.51,3157000.0,2.77,665,Construction,1196000.0,0,5.8,Upgrade delivery fleet and cold-storage units,Uttar Pradesh,Male,12,0
MSME101357,566000.0,12,17.89,3119000.0,2.18,702,Logistics,279000.0,0,2.9,Working capital for raw material procurement,Punjab,Male,30,0
MSME101358,938000.0,36,16.13,1722000.0,2.1,656,Retail Trade,298000.0,0,6.2,Refinance existing high-interest debt and consolidate dues,Uttar Pradesh,Male,7,0
MSME101359,809000.0,24,14.36,2935000.0,1.46,615,Logistics,637000.0,0,5.4,Expand textile weaving unit with additional looms,Maharashtra,Male,33,0
MSME101360,1995000.0,84,14.49,11546000.0,1.07,638,Logistics,1930000.0,1,12.2,Refinance existing high-interest debt and consolidate dues,Karnataka,Male,14,1
MSME101361,1473000.0,60,11.39,3465000.0,0.6,793,Food Processing,2094000.0,2,3.7,Emergency funds after delayed receivables from buyers,Punjab,Female,15,0
MSME101362,516000.0,48,13.62,996000.0,1.32,645,Textiles,621000.0,2,2.6,Upgrade delivery fleet and cold-storage units,Kerala,Female,56,0
MSME101363,524000.0,24,18.1,1747000.0,1.24,791,Retail Trade,250000.0,1,3.3,Bridge a seasonal cash crunch ahead of festival demand,Tamil Nadu,Male,59,0
MSME101364,1130000.0,48,10.76,3015000.0,1.23,629,Agriculture,913000.0,0,1.2,Working capital for raw material procurement,Gujarat,Male,58,1
MSME101365,206000.0,84,11.09,452000.0,0.64,678,IT Services,269000.0,1,6.4,Purchase of new machinery to expand production capacity,Punjab,Male,49,1
MSME101366,569000.0,12,12.13,2217000.0,1.55,588,Manufacturing,1016000.0,1,3.9,Purchase of new machinery to expand production capacity,Karnataka,Male,52,0
MSME101367,388000.0,36,8.65,1894000.0,2.13,626,IT Services,615000.0,1,6.9,Expand textile weaving unit with additional looms,Kerala,Male,45,0
MSME101368,251000.0,24,14.5,399000.0,1.67,608,Food Processing,385000.0,2,1.0,Open a second retail outlet in the district,West Bengal,Male,9,0
MSME101369,471000.0,12,18.78,2269000.0,2.35,705,Food Processing,152000.0,1,2.6,Working capital for raw material procurement,Maharashtra,Male,40,0
MSME101370,248000.0,36,13.97,936000.0,0.66,632,Textiles,171000.0,0,5.4,Working capital for raw material procurement,Gujarat,Male,19,0
MSME101371,1950000.0,36,17.15,6886000.0,0.87,876,Agriculture,629000.0,0,9.6,Emergency funds after delayed receivables from buyers,Uttar Pradesh,Male,31,1
MSME101372,686000.0,24,14.18,2922000.0,0.83,698,Retail Trade,358000.0,1,5.2,Expand textile weaving unit with additional looms,Tamil Nadu,Male,43,0
MSME101373,733000.0,60,12.96,1976000.0,1.72,631,Manufacturing,1099000.0,2,2.6,Refinance existing high-interest debt and consolidate dues,Karnataka,Male,23,0
MSME101374,765000.0,24,12.04,4321000.0,0.76,630,Retail Trade,1333000.0,0,4.9,Upgrade delivery fleet and cold-storage units,Kerala,Male,37,0
MSME101375,685000.0,84,10.28,3152000.0,0.9,721,Retail Trade,510000.0,1,8.7,Bridge a seasonal cash crunch ahead of festival demand,Uttar Pradesh,Male,54,0
MSME101376,565000.0,24,14.66,3151000.0,1.11,754,Food Processing,807000.0,0,7.9,Purchase of new machinery to expand production capacity,Karnataka,Male,17,0
MSME101377,170000.0,24,16.85,455000.0,0.83,737,Agriculture,291000.0,0,8.7,Working capital for raw material procurement,Gujarat,Female,55,0
MSME101378,813000.0,24,14.38,3924000.0,2.84,718,IT Services,724000.0,0,10.4,Upgrade delivery fleet and cold-storage units,Maharashtra,Male,17,0
MSME101379,239000.0,24,15.2,1372000.0,1.89,718,Food Processing,159000.0,0,5.0,Purchase of new machinery to expand production capacity,Karnataka,Male,12,0
MSME101380,316000.0,84,16.86,898000.0,2.06,780,Agriculture,365000.0,0,5.8,Upgrade delivery fleet and cold-storage units,Maharashtra,Male,22,0
MSME101381,980000.0,84,14.99,4695000.0,1.35,750,IT Services,955000.0,0,0.8,Working capital for raw material procurement,Punjab,Male,25,0
MSME101382,2642000.0,48,15.68,8927000.0,0.43,630,Logistics,4230000.0,2,3.1,Purchase of new machinery to expand production capacity,Punjab,Female,45,0
MSME101383,565000.0,48,14.54,1049000.0,1.81,700,Textiles,946000.0,0,4.0,Open a second retail outlet in the district,West Bengal,Female,42,0
MSME101384,59000.0,36,8.5,254000.0,1.42,691,Food Processing,32000.0,0,4.0,Emergency funds after delayed receivables from buyers,Kerala,Male,15,0
MSME101385,1762000.0,24,14.03,4845000.0,1.03,818,Retail Trade,2997000.0,0,4.0,Upgrade delivery fleet and cold-storage units,Maharashtra,Female,33,0
MSME101386,828000.0,24,14.27,3397000.0,1.42,706,Retail Trade,1047000.0,0,1.9,Working capital for raw material procurement,Maharashtra,Male,15,0
MSME101387,539000.0,12,9.68,1084000.0,1.44,666,Manufacturing,438000.0,1,4.4,Open a second retail outlet in the district,Tamil Nadu,Female,18,0
MSME101388,295000.0,24,11.5,1378000.0,2.74,630,Textiles,115000.0,0,9.4,Upgrade delivery fleet and cold-storage units,Punjab,Male,26,0
MSME101389,215000.0,36,16.84,1086000.0,0.94,721,Retail Trade,303000.0,0,4.6,Purchase of new machinery to expand production capacity,Karnataka,Male,5,0
MSME101390,663000.0,36,13.02,1823000.0,2.3,657,Manufacturing,436000.0,0,7.5,Open a second retail outlet in the district,Uttar Pradesh,Male,35,0
MSME101391,279000.0,24,12.35,641000.0,2.08,669,Textiles,465000.0,2,13.5,Open a second retail outlet in the district,Punjab,Male,23,0
MSME101392,515000.0,24,10.88,1739000.0,2.56,745,Textiles,913000.0,0,5.0,Open a second retail outlet in the district,Maharashtra,Female,42,0
MSME101393,664000.0,60,13.09,3571000.0,0.9,693,Logistics,711000.0,0,8.0,Expand textile weaving unit with additional looms,Maharashtra,Male,50,0
MSME101394,244000.0,36,11.09,1149000.0,1.02,747,Textiles,268000.0,0,6.5,Open a second retail outlet in the district,Maharashtra,Female,57,0
MSME101395,542000.0,48,13.66,2737000.0,1.7,596,Retail Trade,243000.0,1,3.3,Refinance existing high-interest debt and consolidate dues,Uttar Pradesh,Female,16,1
MSME101396,297000.0,36,15.34,1714000.0,1.81,633,Manufacturing,393000.0,1,6.9,Emergency funds after delayed receivables from buyers,West Bengal,Male,36,0
MSME101397,453000.0,60,15.29,915000.0,1.29,645,Food Processing,533000.0,0,10.8,Emergency funds after delayed receivables from buyers,Gujarat,Female,37,0
MSME101398,205000.0,36,14.01,531000.0,1.33,669,Agriculture,114000.0,0,3.9,Purchase of new machinery to expand production capacity,Gujarat,Male,42,0
MSME101399,279000.0,36,10.01,1669000.0,1.52,708,IT Services,229000.0,0,7.5,Working capital for raw material procurement,Gujarat,Male,3,0
MSME101400,479000.0,36,11.86,1070000.0,1.96,625,Food Processing,331000.0,0,6.6,Purchase of new machinery to expand production capacity,Kerala,Female,58,0
MSME101401,817000.0,36,14.47,4047000.0,1.37,690,Retail Trade,1405000.0,0,17.0,Bridge a seasonal cash crunch ahead of festival demand,West Bengal,Male,34,0
MSME101402,571000.0,48,13.93,3411000.0,2.1,707,Retail Trade,773000.0,0,7.6,Expand textile weaving unit with additional looms,Karnataka,Male,51,0
MSME101403,672000.0,12,12.78,2253000.0,1.84,705,Construction,419000.0,3,2.9,Emergency funds after delayed receivables from buyers,Punjab,Male,41,1
MSME101404,383000.0,36,14.89,882000.0,0.42,675,Manufacturing,276000.0,1,3.3,Emergency funds after delayed receivables from buyers,Kerala,Male,56,1
MSME101405,404000.0,60,12.7,2392000.0,1.48,662,Manufacturing,580000.0,0,7.5,Upgrade delivery fleet and cold-storage units,Punjab,Male,24,1
MSME101406,638000.0,24,10.94,1847000.0,0.92,633,Retail Trade,261000.0,2,4.5,Working capital for raw material procurement,Uttar Pradesh,Male,59,1
MSME101407,1636000.0,24,14.48,6488000.0,1.36,587,Retail Trade,1058000.0,0,1.4,Bridge a seasonal cash crunch ahead of festival demand,Uttar Pradesh,Male,41,0
MSME101408,376000.0,24,17.51,1442000.0,0.75,761,Retail Trade,394000.0,0,3.1,Bridge a seasonal cash crunch ahead of festival demand,Punjab,Female,22,1
MSME101409,1444000.0,12,11.53,3597000.0,0.92,669,Retail Trade,2211000.0,1,1.8,Working capital for raw material procurement,Kerala,Male,17,1
MSME101410,411000.0,60,11.74,1834000.0,0.93,900,Manufacturing,714000.0,0,1.2,Emergency funds after delayed receivables from buyers,West Bengal,Male,4,0
MSME101411,1493000.0,36,10.44,3157000.0,1.56,627,Food Processing,869000.0,0,6.7,Purchase of new machinery to expand production capacity,Uttar Pradesh,Female,51,0
MSME101412,430000.0,12,9.0,2156000.0,1.96,750,Textiles,511000.0,0,8.4,Expand textile weaving unit with additional looms,Kerala,Female,14,0
MSME101413,1376000.0,24,14.47,3042000.0,2.38,772,IT Services,2331000.0,1,12.1,Working capital for raw material procurement,Gujarat,Male,26,0
MSME101414,806000.0,24,12.28,4692000.0,1.48,735,Agriculture,923000.0,0,3.4,Upgrade delivery fleet and cold-storage units,Karnataka,Female,45,0
MSME101415,352000.0,48,8.89,1547000.0,0.77,717,Retail Trade,383000.0,0,3.0,Open a second retail outlet in the district,Maharashtra,Male,31,0
MSME101416,725000.0,36,10.98,1127000.0,2.46,724,Agriculture,1072000.0,1,2.9,Purchase of new machinery to expand production capacity,West Bengal,Male,33,0
MSME101417,449000.0,24,11.7,2291000.0,1.14,554,Retail Trade,284000.0,0,5.7,Upgrade delivery fleet and cold-storage units,Punjab,Male,2,1
MSME101418,260000.0,24,16.4,1530000.0,1.31,630,Logistics,188000.0,0,4.1,Purchase of new machinery to expand production capacity,Maharashtra,Male,58,1
MSME101419,558000.0,12,18.58,1824000.0,1.33,790,Retail Trade,378000.0,0,2.9,Emergency funds after delayed receivables from buyers,Punjab,Female,16,1
MSME101420,669000.0,36,15.96,2547000.0,1.15,619,Textiles,324000.0,0,1.6,Refinance existing high-interest debt and consolidate dues,West Bengal,Male,23,1
MSME101421,720000.0,12,16.09,1625000.0,1.35,467,Food Processing,863000.0,0,5.1,Open a second retail outlet in the district,Kerala,Female,23,1
MSME101422,682000.0,48,14.21,1937000.0,1.1,633,IT Services,700000.0,1,3.7,Expand textile weaving unit with additional looms,Maharashtra,Male,26,0
MSME101423,1366000.0,60,14.67,5283000.0,2.24,781,Retail Trade,1672000.0,1,4.6,Emergency funds after delayed receivables from buyers,West Bengal,Male,24,0
MSME101424,224000.0,12,12.91,572000.0,1.45,646,Logistics,64000.0,1,14.0,Emergency funds after delayed receivables from buyers,Tamil Nadu,Female,23,1
MSME101425,710000.0,36,18.62,3048000.0,1.33,755,Construction,455000.0,1,5.0,Expand textile weaving unit with additional looms,Tamil Nadu,Female,9,0
MSME101426,501000.0,36,12.52,2244000.0,1.15,736,Manufacturing,713000.0,0,2.3,Upgrade delivery fleet and cold-storage units,Uttar Pradesh,Male,35,0
MSME101427,843000.0,24,12.1,4763000.0,2.42,648,Retail Trade,1315000.0,2,4.8,Open a second retail outlet in the district,Maharashtra,Female,8,0
MSME101428,575000.0,48,10.43,1099000.0,1.02,688,Logistics,665000.0,0,9.2,Open a second retail outlet in the district,Maharashtra,Male,54,0
MSME101429,249000.0,24,16.3,1423000.0,0.72,698,IT Services,208000.0,0,0.5,Working capital for raw material procurement,Karnataka,Female,53,1
MSME101430,524000.0,48,13.9,1747000.0,1.28,563,Agriculture,183000.0,0,4.1,Open a second retail outlet in the district,Maharashtra,Male,22,0
MSME101431,600000.0,12,13.4,2265000.0,2.09,717,Manufacturing,524000.0,3,9.5,Emergency funds after delayed receivables from buyers,Karnataka,Male,55,0
MSME101432,492000.0,60,17.66,1857000.0,2.63,721,Retail Trade,416000.0,0,2.3,Emergency funds after delayed receivables from buyers,Karnataka,Female,44,0
MSME101433,188000.0,36,14.66,1004000.0,2.55,660,Food Processing,261000.0,0,3.8,Open a second retail outlet in the district,Gujarat,Male,17,0
MSME101434,1272000.0,12,16.67,6038000.0,1.66,681,Logistics,1576000.0,1,4.5,Open a second retail outlet in the district,Punjab,Female,1,0
MSME101435,1490000.0,12,16.49,3832000.0,1.59,762,Textiles,1801000.0,1,6.1,Emergency funds after delayed receivables from buyers,Tamil Nadu,Male,57,0
MSME101436,173000.0,48,14.78,403000.0,1.63,701,Construction,153000.0,0,3.6,Emergency funds after delayed receivables from buyers,Karnataka,Male,37,0
MSME101437,191000.0,84,11.88,373000.0,2.56,797,Manufacturing,39000.0,0,11.4,Working capital for raw material procurement,Kerala,Male,19,0
MSME101438,566000.0,48,15.38,2164000.0,1.19,736,Logistics,498000.0,0,19.1,Purchase of new machinery to expand production capacity,Tamil Nadu,Male,58,0
MSME101439,491000.0,36,15.6,1964000.0,1.01,691,Manufacturing,698000.0,0,12.5,Bridge a seasonal cash crunch ahead of festival demand,Maharashtra,Male,31,0
MSME101440,681000.0,48,13.58,3725000.0,1.02,733,Retail Trade,651000.0,3,4.8,Working capital for raw material procurement,Punjab,Male,7,0
MSME101441,321000.0,24,16.05,1526000.0,1.23,747,Food Processing,159000.0,0,1.0,Expand textile weaving unit with additional looms,Punjab,Male,51,0
MSME101442,376000.0,24,11.96,1233000.0,0.96,800,Construction,631000.0,0,4.2,Working capital for raw material procurement,Gujarat,Male,58,1
MSME101443,618000.0,60,17.09,1222000.0,1.4,679,Agriculture,864000.0,1,3.5,Bridge a seasonal cash crunch ahead of festival demand,Tamil Nadu,Female,47,1
MSME101444,531000.0,48,15.53,801000.0,0.6,630,Textiles,826000.0,0,10.3,Expand textile weaving unit with additional looms,Kerala,Female,37,1
MSME101445,431000.0,36,14.59,910000.0,2.26,734,Construction,571000.0,2,2.4,Open a second retail outlet in the district,Kerala,Male,41,0
MSME101446,440000.0,48,14.23,1195000.0,1.02,682,Manufacturing,98000.0,0,16.1,Refinance existing high-interest debt and consolidate dues,Maharashtra,Female,3,1
MSME101447,645000.0,24,13.79,2586000.0,0.32,671,Retail Trade,596000.0,0,8.3,Open a second retail outlet in the district,Gujarat,Male,13,1
MSME101448,1016000.0,24,10.16,2771000.0,0.72,630,Retail Trade,234000.0,1,8.6,Expand textile weaving unit with additional looms,Punjab,Female,30,1
MSME101449,616000.0,24,16.1,2947000.0,2.0,762,Retail Trade,747000.0,0,7.6,Refinance existing high-interest debt and consolidate dues,Kerala,Male,26,0
MSME101450,529000.0,48,10.75,3137000.0,1.43,637,Logistics,274000.0,0,1.8,Expand textile weaving unit with additional looms,Kerala,Male,20,1
MSME101451,1298000.0,36,8.95,4956000.0,2.64,687,Retail Trade,2197000.0,0,8.2,Open a second retail outlet in the district,Kerala,Female,4,0
MSME101452,216000.0,60,12.09,881000.0,0.97,780,Construction,151000.0,0,2.3,Emergency funds after delayed receivables from buyers,Punjab,Male,7,1
MSME101453,453000.0,84,8.99,772000.0,3.02,768,Agriculture,467000.0,1,6.6,Expand textile weaving unit with additional looms,Gujarat,Male,11,0
MSME101454,633000.0,60,16.59,1802000.0,2.18,580,Food Processing,1073000.0,0,1.2,Working capital for raw material procurement,Uttar Pradesh,Male,57,0
MSME101455,540000.0,60,12.79,1091000.0,0.74,560,Food Processing,288000.0,2,8.2,Bridge a seasonal cash crunch ahead of festival demand,Gujarat,Male,8,1
MSME101456,1257000.0,60,17.76,4782000.0,0.95,685,IT Services,1693000.0,0,6.0,Working capital for raw material procurement,Kerala,Male,40,0
MSME101457,630000.0,60,17.73,1892000.0,2.94,647,Food Processing,505000.0,0,7.1,Bridge a seasonal cash crunch ahead of festival demand,Tamil Nadu,Male,52,0
MSME101458,727000.0,48,14.24,3087000.0,1.41,595,Logistics,705000.0,0,1.7,Purchase of new machinery to expand production capacity,Punjab,Male,56,0
MSME101459,1174000.0,60,13.41,2322000.0,1.47,735,IT Services,2005000.0,2,6.0,Working capital for raw material procurement,Karnataka,Male,2,0
MSME101460,221000.0,24,13.84,1186000.0,1.16,723,Retail Trade,315000.0,0,1.7,Emergency funds after delayed receivables from buyers,Karnataka,Female,51,0
MSME101461,240000.0,12,17.81,1296000.0,1.26,548,Construction,60000.0,0,3.0,Upgrade delivery fleet and cold-storage units,Uttar Pradesh,Male,53,0
MSME101462,954000.0,36,16.26,3103000.0,0.96,644,Retail Trade,1287000.0,0,2.5,Expand textile weaving unit with additional looms,Tamil Nadu,Male,26,0
MSME101463,193000.0,84,14.34,659000.0,1.44,741,Textiles,143000.0,1,0.6,Open a second retail outlet in the district,Gujarat,Female,11,1
MSME101464,480000.0,12,8.73,1935000.0,1.19,726,Retail Trade,742000.0,2,1.0,Emergency funds after delayed receivables from buyers,Gujarat,Female,6,1
MSME101465,1026000.0,48,14.1,2120000.0,1.26,661,Food Processing,1805000.0,0,2.7,Open a second retail outlet in the district,Gujarat,Female,32,0
MSME101466,462000.0,36,15.32,912000.0,1.59,682,Construction,595000.0,0,5.7,Emergency funds after delayed receivables from buyers,Punjab,Female,53,0
MSME101467,1007000.0,48,19.11,3233000.0,0.86,594,Food Processing,1626000.0,1,5.9,Open a second retail outlet in the district,Kerala,Male,37,1
MSME101468,349000.0,48,15.37,951000.0,1.55,749,Manufacturing,316000.0,1,9.4,Upgrade delivery fleet and cold-storage units,Uttar Pradesh,Male,21,0
MSME101469,611000.0,60,15.38,2445000.0,1.96,566,Retail Trade,623000.0,0,3.0,Bridge a seasonal cash crunch ahead of festival demand,Tamil Nadu,Male,35,0
MSME101470,483000.0,84,14.92,2522000.0,1.71,897,Retail Trade,738000.0,0,2.7,Emergency funds after delayed receivables from buyers,Punjab,Male,21,0
MSME101471,2028000.0,48,8.91,11975000.0,0.3,663,Logistics,2217000.0,0,7.5,Expand textile weaving unit with additional looms,Tamil Nadu,Female,50,0
MSME101472,319000.0,36,12.34,1784000.0,1.11,690,Retail Trade,187000.0,1,5.8,Purchase of new machinery to expand production capacity,Gujarat,Male,9,0
MSME101473,1008000.0,12,8.0,5057000.0,1.52,699,Manufacturing,1695000.0,2,5.6,Bridge a seasonal cash crunch ahead of festival demand,Punjab,Male,38,0
MSME101474,546000.0,24,13.14,905000.0,1.37,788,Logistics,578000.0,0,5.0,Bridge a seasonal cash crunch ahead of festival demand,Kerala,Male,2,0
MSME101475,2816000.0,36,14.17,10202000.0,1.79,759,Retail Trade,2882000.0,0,6.7,Bridge a seasonal cash crunch ahead of festival demand,Kerala,Female,42,0
MSME101476,135000.0,12,14.95,766000.0,0.85,735,Retail Trade,220000.0,2,6.1,Open a second retail outlet in the district,Karnataka,Female,19,0
MSME101477,154000.0,24,13.66,427000.0,0.7,801,Agriculture,214000.0,0,4.2,Expand textile weaving unit with additional looms,Karnataka,Male,30,0
MSME101478,133000.0,36,12.46,205000.0,0.99,677,Agriculture,63000.0,0,1.5,Refinance existing high-interest debt and consolidate dues,Gujarat,Male,32,0
MSME101479,509000.0,12,14.43,2052000.0,0.61,860,Manufacturing,752000.0,0,1.7,Purchase of new machinery to expand production capacity,Karnataka,Male,10,0
MSME101480,673000.0,24,14.24,3162000.0,1.06,656,Retail Trade,1015000.0,0,4.8,Emergency funds after delayed receivables from buyers,Tamil Nadu,Male,20,0
MSME101481,325000.0,48,15.85,1794000.0,1.63,683,Textiles,125000.0,0,3.8,Upgrade delivery fleet and cold-storage units,Gujarat,Female,39,0
MSME101482,894000.0,24,10.64,3649000.0,0.98,634,Construction,1283000.0,0,4.2,Emergency funds after delayed receivables from buyers,Karnataka,Male,36,1
MSME101483,714000.0,84,13.67,2019000.0,3.5,733,Retail Trade,383000.0,0,7.5,Upgrade delivery fleet and cold-storage units,Kerala,Male,17,0
MSME101484,697000.0,60,14.09,2153000.0,1.1,665,Textiles,1084000.0,0,4.4,Upgrade delivery fleet and cold-storage units,West Bengal,Female,53,0
MSME101485,483000.0,36,13.65,2464000.0,0.35,562,Retail Trade,648000.0,0,3.1,Refinance existing high-interest debt and consolidate dues,Karnataka,Female,57,1
MSME101486,247000.0,24,14.18,581000.0,2.51,660,Agriculture,136000.0,1,10.2,Working capital for raw material procurement,Maharashtra,Male,18,0
MSME101487,621000.0,24,14.11,1634000.0,1.16,670,IT Services,751000.0,1,1.4,Expand textile weaving unit with additional looms,Karnataka,Male,16,0
MSME101488,755000.0,24,15.0,1240000.0,0.51,764,IT Services,795000.0,0,0.4,Emergency funds after delayed receivables from buyers,Karnataka,Female,21,0
MSME101489,624000.0,36,16.15,2708000.0,1.18,693,Construction,752000.0,0,17.1,Expand textile weaving unit with additional looms,Karnataka,Male,7,0
MSME101490,377000.0,36,18.09,864000.0,0.31,676,Manufacturing,101000.0,0,9.1,Upgrade delivery fleet and cold-storage units,Gujarat,Female,33,1
MSME101491,743000.0,48,11.4,2569000.0,3.1,697,Retail Trade,319000.0,0,7.7,Working capital for raw material procurement,Karnataka,Female,12,0
MSME101492,2668000.0,12,15.53,6241000.0,1.81,658,Food Processing,2435000.0,0,7.4,Upgrade delivery fleet and cold-storage units,West Bengal,Female,32,0
MSME101493,1190000.0,48,10.01,3264000.0,2.4,667,Agriculture,2026000.0,0,2.9,Expand textile weaving unit with additional looms,Maharashtra,Female,30,0
MSME101494,302000.0,60,15.1,1446000.0,0.99,688,Logistics,346000.0,2,2.8,Upgrade delivery fleet and cold-storage units,Maharashtra,Female,2,0
MSME101495,584000.0,36,17.65,3173000.0,2.02,682,Retail Trade,401000.0,0,1.5,Refinance existing high-interest debt and consolidate dues,Maharashtra,Male,58,0
MSME101496,607000.0,36,11.61,2503000.0,1.15,747,Manufacturing,251000.0,0,4.8,Expand textile weaving unit with additional looms,Kerala,Male,54,0
MSME101497,838000.0,36,16.81,2677000.0,0.83,736,Construction,1470000.0,0,1.8,Expand textile weaving unit with additional looms,West Bengal,Male,34,0
MSME101498,789000.0,48,12.23,2214000.0,1.24,690,Manufacturing,1077000.0,2,4.2,Working capital for raw material procurement,Maharashtra,Male,59,0
MSME101499,387000.0,36,11.03,2318000.0,0.41,670,Manufacturing,396000.0,0,4.5,Working capital for raw material procurement,Punjab,Male,21,0
MSME101500,152000.0,48,14.77,410000.0,0.58,707,Retail Trade,107000.0,0,4.5,Bridge a seasonal cash crunch ahead of festival demand,Uttar Pradesh,Male,36,0
MSME101501,937000.0,48,16.86,1457000.0,0.91,614,Textiles,412000.0,1,5.9,Emergency funds after delayed receivables from buyers,Tamil Nadu,Male,58,1
MSME101502,457000.0,12,15.15,727000.0,1.87,662,Agriculture,147000.0,0,1.8,Purchase of new machinery to expand production capacity,Punjab,Female,52,1
MSME101503,647000.0,48,10.23,1869000.0,0.77,840,Logistics,676000.0,0,6.7,Bridge a seasonal cash crunch ahead of festival demand,Karnataka,Male,28,0
MSME101504,1245000.0,48,13.62,3724000.0,2.29,632,Logistics,1360000.0,0,2.3,Purchase of new machinery to expand production capacity,Punjab,Male,19,0
MSME101505,580000.0,36,15.9,2806000.0,1.4,610,Textiles,761000.0,1,2.0,Open a second retail outlet in the district,Karnataka,Female,12,1
MSME101506,556000.0,60,12.72,1378000.0,1.32,703,Agriculture,143000.0,3,8.0,Emergency funds after delayed receivables from buyers,West Bengal,Female,49,0
MSME101507,1007000.0,36,13.82,5193000.0,1.45,673,Agriculture,476000.0,0,5.2,Bridge a seasonal cash crunch ahead of festival demand,Karnataka,Male,45,0
MSME101508,317000.0,60,17.02,1660000.0,1.46,746,Food Processing,92000.0,0,8.7,Purchase of new machinery to expand production capacity,Uttar Pradesh,Female,17,0
MSME101509,1045000.0,84,16.36,1964000.0,0.82,709,Manufacturing,1672000.0,1,4.3,Working capital for raw material procurement,Punjab,Male,14,1
MSME101510,187000.0,36,13.64,534000.0,1.13,612,Food Processing,49000.0,0,1.8,Upgrade delivery fleet and cold-storage units,Tamil Nadu,Male,15,1
MSME101511,1294000.0,48,9.91,5846000.0,3.5,617,Retail Trade,2142000.0,0,3.9,Working capital for raw material procurement,Punjab,Male,31,0
MSME101512,617000.0,24,10.59,2717000.0,1.16,718,Manufacturing,594000.0,0,7.0,Working capital for raw material procurement,Maharashtra,Male,13,0
MSME101513,415000.0,48,10.02,1662000.0,1.91,683,Textiles,586000.0,1,12.6,Working capital for raw material procurement,West Bengal,Male,56,0
MSME101514,669000.0,24,12.68,3583000.0,0.75,698,Logistics,212000.0,1,6.3,Upgrade delivery fleet and cold-storage units,Kerala,Male,57,1
MSME101515,79000.0,24,13.8,221000.0,0.64,618,IT Services,114000.0,0,5.5,Emergency funds after delayed receivables from buyers,Maharashtra,Male,57,0
MSME101516,870000.0,48,14.42,2380000.0,1.83,606,Retail Trade,1126000.0,0,5.0,Expand textile weaving unit with additional looms,Tamil Nadu,Male,1,0
MSME101517,1457000.0,60,13.29,4099000.0,1.42,759,Retail Trade,676000.0,0,9.5,Working capital for raw material procurement,West Bengal,Male,35,0
MSME101518,339000.0,84,16.65,931000.0,1.07,623,Construction,420000.0,1,7.2,Bridge a seasonal cash crunch ahead of festival demand,Maharashtra,Female,44,1
MSME101519,620000.0,24,11.27,1024000.0,0.96,750,IT Services,597000.0,0,1.9,Open a second retail outlet in the district,Maharashtra,Male,41,0
MSME101520,236000.0,36,14.06,1262000.0,2.15,735,Food Processing,82000.0,1,2.2,Open a second retail outlet in the district,Kerala,Male,53,0
MSME101521,457000.0,12,15.48,870000.0,1.87,605,Construction,421000.0,0,4.3,Purchase of new machinery to expand production capacity,Karnataka,Male,27,0
MSME101522,320000.0,60,12.56,922000.0,1.19,620,Retail Trade,481000.0,0,0.4,Bridge a seasonal cash crunch ahead of festival demand,Uttar Pradesh,Male,26,1
MSME101523,377000.0,84,15.74,1000000.0,1.78,788,IT Services,242000.0,1,9.8,Expand textile weaving unit with additional looms,Kerala,Female,27,0
MSME101524,428000.0,36,11.13,2538000.0,0.49,762,Retail Trade,647000.0,0,3.4,Bridge a seasonal cash crunch ahead of festival demand,Maharashtra,Male,12,0
MSME101525,540000.0,24,18.56,2464000.0,3.5,695,Manufacturing,876000.0,0,5.9,Upgrade delivery fleet and cold-storage units,Karnataka,Male,56,0
MSME101526,227000.0,24,15.41,896000.0,2.63,644,Retail Trade,87000.0,1,4.1,Working capital for raw material procurement,West Bengal,Male,55,0
MSME101527,64000.0,60,15.15,267000.0,0.95,653,Retail Trade,83000.0,0,14.7,Emergency funds after delayed receivables from buyers,West Bengal,Male,17,0
MSME101528,610000.0,12,13.44,3593000.0,1.5,525,Logistics,540000.0,0,3.0,Refinance existing high-interest debt and consolidate dues,Karnataka,Female,18,0
MSME101529,95000.0,48,16.85,418000.0,2.16,590,Manufacturing,158000.0,0,1.7,Purchase of new machinery to expand production capacity,West Bengal,Male,51,0
MSME101530,428000.0,48,14.06,878000.0,1.43,755,Retail Trade,230000.0,0,6.3,Refinance existing high-interest debt and consolidate dues,Karnataka,Female,44,0
MSME101531,195000.0,36,11.68,460000.0,2.05,752,Logistics,63000.0,2,7.2,Expand textile weaving unit with additional looms,West Bengal,Male,39,0
MSME101532,1225000.0,48,10.85,4672000.0,0.92,804,Logistics,718000.0,1,6.3,Open a second retail outlet in the district,Maharashtra,Male,38,0
MSME101533,391000.0,36,11.2,1132000.0,1.49,652,IT Services,424000.0,1,2.5,Bridge a seasonal cash crunch ahead of festival demand,Karnataka,Male,45,0
MSME101534,431000.0,84,12.87,2341000.0,1.46,662,Agriculture,594000.0,0,1.6,Working capital for raw material procurement,Karnataka,Male,55,0
MSME101535,591000.0,60,11.75,2233000.0,0.76,617,Textiles,120000.0,0,2.1,Emergency funds after delayed receivables from buyers,Karnataka,Male,41,0
MSME101536,493000.0,24,8.0,2159000.0,1.71,662,Retail Trade,580000.0,3,2.1,Refinance existing high-interest debt and consolidate dues,West Bengal,Male,39,0
MSME101537,661000.0,48,14.58,1819000.0,1.28,776,Logistics,858000.0,2,3.2,Emergency funds after delayed receivables from buyers,Karnataka,Male,30,0
MSME101538,1460000.0,48,10.71,8275000.0,0.67,705,Retail Trade,2239000.0,0,1.0,Refinance existing high-interest debt and consolidate dues,Karnataka,Male,21,0
MSME101539,1291000.0,48,17.75,7158000.0,0.78,595,Retail Trade,1429000.0,1,3.5,Emergency funds after delayed receivables from buyers,Karnataka,Male,1,1
MSME101540,975000.0,48,14.77,2164000.0,0.94,603,Food Processing,325000.0,1,4.0,Working capital for raw material procurement,Karnataka,Female,38,1
MSME101541,434000.0,36,14.7,1382000.0,0.71,712,Retail Trade,109000.0,2,4.1,Expand textile weaving unit with additional looms,Kerala,Male,23,1
MSME101542,410000.0,24,13.21,1753000.0,1.12,792,Retail Trade,92000.0,2,4.3,Open a second retail outlet in the district,Uttar Pradesh,Male,17,1
MSME101543,423000.0,12,8.41,1141000.0,1.56,736,Food Processing,558000.0,1,1.5,Open a second retail outlet in the district,Gujarat,Male,49,0
MSME101544,246000.0,84,11.59,1411000.0,1.35,768,Retail Trade,388000.0,1,4.3,Refinance existing high-interest debt and consolidate dues,Karnataka,Male,19,0
MSME101545,2884000.0,36,13.78,16519000.0,2.07,710,Retail Trade,918000.0,1,2.5,Emergency funds after delayed receivables from buyers,Punjab,Female,56,1
MSME101546,658000.0,36,15.12,1275000.0,0.42,816,Textiles,812000.0,3,10.1,Working capital for raw material procurement,Kerala,Female,2,0
MSME101547,1628000.0,36,14.2,6307000.0,0.3,743,Food Processing,652000.0,1,12.3,Bridge a seasonal cash crunch ahead of festival demand,Tamil Nadu,Female,1,1
MSME101548,905000.0,36,13.68,2179000.0,2.27,790,Manufacturing,1070000.0,2,13.3,Expand textile weaving unit with additional looms,Uttar Pradesh,Male,47,0
MSME101549,964000.0,36,10.79,1749000.0,1.17,728,Retail Trade,492000.0,1,4.1,Expand textile weaving unit with additional looms,Uttar Pradesh,Male,43,0
MSME101550,665000.0,48,16.22,1996000.0,1.59,636,IT Services,452000.0,0,4.7,Upgrade delivery fleet and cold-storage units,Tamil Nadu,Female,5,0
MSME101551,1376000.0,36,14.18,2129000.0,1.13,675,IT Services,1048000.0,3,4.4,Refinance existing high-interest debt and consolidate dues,Kerala,Male,54,1
MSME101552,265000.0,48,14.92,1017000.0,0.68,593,Manufacturing,93000.0,0,1.9,Expand textile weaving unit with additional looms,West Bengal,Male,43,1
MSME101553,537000.0,36,13.16,1130000.0,1.65,591,IT Services,134000.0,1,10.6,Purchase of new machinery to expand production capacity,Gujarat,Male,34,0
MSME101554,661000.0,84,13.63,2778000.0,0.67,700,Food Processing,669000.0,0,5.3,Upgrade delivery fleet and cold-storage units,Punjab,Female,43,0
MSME101555,1611000.0,12,13.41,9617000.0,2.79,707,Manufacturing,2150000.0,0,6.1,Purchase of new machinery to expand production capacity,Karnataka,Male,4,0
MSME101556,322000.0,24,9.4,1247000.0,1.39,616,IT Services,355000.0,0,16.5,Working capital for raw material procurement,West Bengal,Male,40,0
MSME101557,451000.0,36,10.7,1098000.0,1.57,686,Retail Trade,231000.0,1,1.4,Refinance existing high-interest debt and consolidate dues,Maharashtra,Male,14,0
MSME101558,3412000.0,24,14.4,12800000.0,0.92,615,Textiles,4048000.0,0,6.1,Upgrade delivery fleet and cold-storage units,Gujarat,Male,51,1
MSME101559,632000.0,36,10.4,1185000.0,0.68,745,Construction,712000.0,3,4.2,Working capital for raw material procurement,Punjab,Male,35,1
MSME101560,787000.0,36,15.19,3129000.0,1.03,671,Retail Trade,202000.0,0,12.9,Open a second retail outlet in the district,Tamil Nadu,Female,26,0
MSME101561,441000.0,48,13.39,911000.0,1.21,844,Construction,331000.0,1,0.8,Emergency funds after delayed receivables from buyers,Tamil Nadu,Male,35,0
MSME101562,85000.0,36,11.93,248000.0,1.16,649,Retail Trade,61000.0,0,3.2,Working capital for raw material procurement,Punjab,Female,40,0
MSME101563,761000.0,48,15.56,2652000.0,1.65,666,Textiles,223000.0,0,3.3,Bridge a seasonal cash crunch ahead of festival demand,Maharashtra,Female,19,1
MSME101564,307000.0,12,12.52,473000.0,2.4,631,Construction,63000.0,0,4.7,Open a second retail outlet in the district,Maharashtra,Female,58,0
MSME101565,523000.0,60,14.11,975000.0,1.83,773,Logistics,581000.0,0,7.3,Open a second retail outlet in the district,Karnataka,Male,33,0
MSME101566,1387000.0,84,11.0,5230000.0,2.43,702,Manufacturing,996000.0,0,3.2,Upgrade delivery fleet and cold-storage units,Kerala,Male,12,0
MSME101567,487000.0,36,14.62,964000.0,0.71,718,Logistics,648000.0,3,3.9,Emergency funds after delayed receivables from buyers,Maharashtra,Male,42,0
MSME101568,382000.0,48,12.45,1631000.0,2.8,730,Retail Trade,306000.0,1,13.7,Bridge a seasonal cash crunch ahead of festival demand,West Bengal,Male,27,0
MSME101569,404000.0,84,14.13,1829000.0,0.98,736,Construction,458000.0,2,10.9,Refinance existing high-interest debt and consolidate dues,Gujarat,Male,51,0
MSME101570,1550000.0,12,14.25,4007000.0,0.95,740,Food Processing,396000.0,1,6.6,Open a second retail outlet in the district,West Bengal,Female,36,0
MSME101571,396000.0,60,13.86,930000.0,3.5,715,Food Processing,436000.0,0,6.7,Expand textile weaving unit with additional looms,Maharashtra,Male,7,0
MSME101572,1411000.0,36,14.95,7360000.0,1.42,729,Retail Trade,2077000.0,2,3.7,Emergency funds after delayed receivables from buyers,Uttar Pradesh,Female,33,0
MSME101573,484000.0,24,15.71,1866000.0,2.15,705,Logistics,256000.0,0,4.9,Emergency funds after delayed receivables from buyers,Tamil Nadu,Female,33,0
MSME101574,610000.0,36,14.29,2349000.0,0.6,633,Textiles,1081000.0,2,3.0,Bridge a seasonal cash crunch ahead of festival demand,Karnataka,Female,40,1
MSME101575,47000.0,24,12.09,93000.0,1.94,663,Retail Trade,32000.0,1,7.9,Upgrade delivery fleet and cold-storage units,West Bengal,Female,57,0
MSME101576,350000.0,36,15.14,1199000.0,0.89,617,IT Services,107000.0,0,7.4,Bridge a seasonal cash crunch ahead of festival demand,Kerala,Male,13,0
MSME101577,1767000.0,60,12.58,6759000.0,2.3,743,Manufacturing,466000.0,1,8.0,Bridge a seasonal cash crunch ahead of festival demand,Uttar Pradesh,Female,44,0
MSME101578,939000.0,36,12.01,4626000.0,1.12,756,Food Processing,1343000.0,1,4.7,Refinance existing high-interest debt and consolidate dues,Kerala,Female,32,0
MSME101579,5030000.0,48,15.26,15845000.0,1.9,664,Manufacturing,1904000.0,0,5.2,Bridge a seasonal cash crunch ahead of festival demand,Karnataka,Male,23,0
MSME101580,144000.0,24,9.49,374000.0,1.23,706,Construction,181000.0,0,10.6,Refinance existing high-interest debt and consolidate dues,Tamil Nadu,Male,47,1
MSME101581,742000.0,24,9.7,3030000.0,1.26,621,Agriculture,419000.0,1,7.0,Working capital for raw material procurement,West Bengal,Male,5,0
MSME101582,340000.0,24,12.55,795000.0,2.02,742,Textiles,474000.0,1,18.1,Upgrade delivery fleet and cold-storage units,Punjab,Female,12,0
MSME101583,172000.0,24,14.95,261000.0,0.32,848,Agriculture,51000.0,3,7.1,Open a second retail outlet in the district,Kerala,Female,1,0
MSME101584,1284000.0,36,15.21,5056000.0,1.79,643,Agriculture,1050000.0,0,11.5,Refinance existing high-interest debt and consolidate dues,Maharashtra,Male,54,0
MSME101585,236000.0,24,13.21,395000.0,2.37,607,Food Processing,339000.0,1,2.9,Refinance existing high-interest debt and consolidate dues,Kerala,Male,55,1
MSME101586,354000.0,24,8.0,1983000.0,2.17,784,Retail Trade,124000.0,1,1.9,Expand textile weaving unit with additional looms,Uttar Pradesh,Male,53,0
MSME101587,376000.0,36,10.62,1827000.0,0.6,677,Manufacturing,550000.0,0,10.2,Bridge a seasonal cash crunch ahead of festival demand,Tamil Nadu,Male,25,1
MSME101588,502000.0,12,10.87,1892000.0,0.96,845,Food Processing,842000.0,0,6.2,Upgrade delivery fleet and cold-storage units,Tamil Nadu,Male,28,0
MSME101589,601000.0,48,8.1,2620000.0,1.44,594,Logistics,591000.0,1,10.7,Refinance existing high-interest debt and consolidate dues,Karnataka,Female,38,1
MSME101590,1191000.0,24,14.43,5518000.0,1.31,729,Construction,1094000.0,0,3.3,Purchase of new machinery to expand production capacity,Gujarat,Male,49,0
MSME101591,277000.0,36,12.56,1300000.0,0.94,587,Retail Trade,75000.0,1,0.4,Upgrade delivery fleet and cold-storage units,Uttar Pradesh,Female,46,0
MSME101592,1394000.0,24,14.56,6775000.0,1.56,732,Construction,1432000.0,2,4.4,Expand textile weaving unit with additional looms,Karnataka,Female,54,0
MSME101593,538000.0,48,14.27,3111000.0,0.47,691,Retail Trade,265000.0,1,5.8,Working capital for raw material procurement,Punjab,Male,2,0
MSME101594,351000.0,36,14.54,1427000.0,1.04,776,Retail Trade,392000.0,2,6.6,Working capital for raw material procurement,West Bengal,Male,21,0
MSME101595,531000.0,60,10.69,1406000.0,1.35,839,Construction,113000.0,1,3.6,Purchase of new machinery to expand production capacity,Uttar Pradesh,Male,3,0
MSME101596,314000.0,60,13.14,883000.0,1.1,707,Food Processing,223000.0,1,4.1,Upgrade delivery fleet and cold-storage units,Kerala,Male,50,0
MSME101597,819000.0,36,13.76,3971000.0,0.87,687,Retail Trade,1038000.0,1,3.5,Refinance existing high-interest debt and consolidate dues,Gujarat,Male,9,1
MSME101598,250000.0,60,12.54,586000.0,1.07,509,Retail Trade,319000.0,2,2.4,Working capital for raw material procurement,Kerala,Male,13,1
MSME101599,1114000.0,36,13.27,4443000.0,0.53,761,Retail Trade,1552000.0,0,2.1,Expand textile weaving unit with additional looms,Uttar Pradesh,Male,30,0
MSME101600,147000.0,36,12.09,528000.0,0.94,554,Agriculture,83000.0,1,1.9,Upgrade delivery fleet and cold-storage units,West Bengal,Male,32,1
MSME101601,532000.0,24,9.19,1902000.0,1.19,652,Manufacturing,328000.0,1,2.5,Refinance existing high-interest debt and consolidate dues,Uttar Pradesh,Male,2,1
MSME101602,584000.0,84,15.21,2161000.0,2.38,691,IT Services,482000.0,1,4.4,Bridge a seasonal cash crunch ahead of festival demand,Karnataka,Male,25,0
MSME101603,182000.0,36,13.31,1073000.0,3.5,720,Retail Trade,270000.0,0,2.8,Upgrade delivery fleet and cold-storage units,Tamil Nadu,Female,3,0
MSME101604,283000.0,24,19.0,1183000.0,1.89,711,Retail Trade,505000.0,0,9.3,Upgrade delivery fleet and cold-storage units,Uttar Pradesh,Male,55,0
MSME101605,1096000.0,24,12.62,3277000.0,0.32,675,Retail Trade,1853000.0,0,5.0,Refinance existing high-interest debt and consolidate dues,Uttar Pradesh,Male,48,0
MSME101606,630000.0,48,15.28,1429000.0,0.93,797,Retail Trade,215000.0,0,3.5,Upgrade delivery fleet and cold-storage units,Karnataka,Female,30,0
MSME101607,1408000.0,36,9.12,2430000.0,0.77,576,Logistics,1718000.0,2,8.1,Expand textile weaving unit with additional looms,Tamil Nadu,Male,33,0
MSME101608,355000.0,24,9.6,948000.0,1.88,725,Retail Trade,468000.0,0,3.6,Refinance existing high-interest debt and consolidate dues,Karnataka,Male,38,0
MSME101609,445000.0,48,15.76,2298000.0,1.24,700,Textiles,462000.0,0,11.6,Expand textile weaving unit with additional looms,Kerala,Female,39,1
MSME101610,370000.0,12,15.1,2134000.0,1.78,720,Logistics,183000.0,1,12.3,Bridge a seasonal cash crunch ahead of festival demand,Maharashtra,Male,15,0
MSME101611,518000.0,60,11.97,1686000.0,2.93,658,Retail Trade,911000.0,1,15.0,Working capital for raw material procurement,Gujarat,Female,26,0
MSME101612,323000.0,36,17.82,701000.0,1.58,684,Textiles,357000.0,1,4.0,Open a second retail outlet in the district,Uttar Pradesh,Female,7,1
MSME101613,996000.0,60,13.16,5573000.0,0.93,647,Textiles,961000.0,2,7.0,Working capital for raw material procurement,Maharashtra,Female,48,1
MSME101614,940000.0,12,13.69,2715000.0,1.53,709,Retail Trade,606000.0,1,3.6,Upgrade delivery fleet and cold-storage units,Uttar Pradesh,Male,9,0
MSME101615,689000.0,84,10.78,1433000.0,0.63,669,Food Processing,627000.0,1,8.5,Expand textile weaving unit with additional looms,Uttar Pradesh,Female,23,1
MSME101616,1320000.0,48,12.65,3808000.0,1.31,637,Textiles,1188000.0,0,1.4,Refinance existing high-interest debt and consolidate dues,Punjab,Female,16,1
MSME101617,1412000.0,24,16.69,6153000.0,1.16,765,Food Processing,1840000.0,2,3.6,Expand textile weaving unit with additional looms,Gujarat,Female,15,0
MSME101618,495000.0,36,15.15,1237000.0,1.35,617,Textiles,684000.0,1,5.7,Expand textile weaving unit with additional looms,Gujarat,Male,57,0
MSME101619,926000.0,48,15.37,3823000.0,0.3,628,Manufacturing,1382000.0,0,9.2,Refinance existing high-interest debt and consolidate dues,Gujarat,Male,37,0
MSME101620,1990000.0,60,13.55,8530000.0,0.96,639,Manufacturing,3016000.0,0,10.5,Purchase of new machinery to expand production capacity,Punjab,Male,25,0
MSME101621,480000.0,12,9.89,827000.0,1.09,697,Construction,650000.0,1,6.5,Open a second retail outlet in the district,Kerala,Male,53,0
MSME101622,344000.0,84,13.62,1197000.0,0.67,687,Textiles,386000.0,1,17.2,Purchase of new machinery to expand production capacity,Gujarat,Male,51,1
MSME101623,1437000.0,48,12.54,2243000.0,2.15,747,Food Processing,1359000.0,1,8.8,Open a second retail outlet in the district,Gujarat,Male,35,0
MSME101624,761000.0,48,13.9,2936000.0,1.27,735,Retail Trade,671000.0,0,5.0,Bridge a seasonal cash crunch ahead of festival demand,Karnataka,Female,24,0
MSME101625,1613000.0,36,18.32,2520000.0,0.71,730,Manufacturing,1834000.0,1,14.2,Open a second retail outlet in the district,Uttar Pradesh,Male,4,0
MSME101626,436000.0,36,16.81,879000.0,3.31,657,Food Processing,492000.0,1,5.9,Emergency funds after delayed receivables from buyers,Punjab,Female,22,0
MSME101627,269000.0,24,15.88,656000.0,2.25,705,Food Processing,299000.0,1,1.4,Working capital for raw material procurement,Punjab,Male,41,0
MSME101628,136000.0,36,15.19,661000.0,2.12,736,Food Processing,95000.0,1,2.9,Open a second retail outlet in the district,West Bengal,Female,53,0
MSME101629,1283000.0,60,10.68,3714000.0,0.67,729,Food Processing,2271000.0,0,9.0,Bridge a seasonal cash crunch ahead of festival demand,Karnataka,Female,17,0
MSME101630,122000.0,36,9.85,657000.0,0.51,564,Manufacturing,31000.0,0,11.9,Purchase of new machinery to expand production capacity,Karnataka,Female,10,0
MSME101631,336000.0,60,19.9,603000.0,1.1,656,IT Services,410000.0,3,6.9,Open a second retail outlet in the district,Maharashtra,Male,31,1
MSME101632,232000.0,12,14.75,1169000.0,1.79,745,Textiles,321000.0,0,11.1,Purchase of new machinery to expand production capacity,Karnataka,Female,48,0
MSME101633,494000.0,36,11.32,2039000.0,0.96,577,Food Processing,729000.0,2,6.6,Emergency funds after delayed receivables from buyers,Maharashtra,Female,46,0
MSME101634,418000.0,48,14.38,2172000.0,0.6,755,Retail Trade,655000.0,0,14.6,Open a second retail outlet in the district,West Bengal,Female,13,0
MSME101635,69000.0,36,13.02,327000.0,1.49,581,Manufacturing,57000.0,0,2.3,Working capital for raw material procurement,Uttar Pradesh,Male,41,1
MSME101636,2195000.0,48,11.74,6908000.0,1.13,696,Logistics,452000.0,0,7.4,Working capital for raw material procurement,Punjab,Male,21,0
MSME101637,952000.0,48,12.98,5448000.0,0.78,760,Logistics,678000.0,1,3.6,Working capital for raw material procurement,Kerala,Male,3,0
MSME101638,1156000.0,60,16.87,5432000.0,0.66,725,IT Services,1487000.0,0,1.2,Expand textile weaving unit with additional looms,Kerala,Male,57,0
MSME101639,523000.0,48,16.36,1382000.0,1.49,712,Construction,653000.0,0,2.9,Refinance existing high-interest debt and consolidate dues,Punjab,Male,50,0
MSME101640,911000.0,24,16.1,3398000.0,0.57,654,Food Processing,1589000.0,0,8.5,Refinance existing high-interest debt and consolidate dues,Maharashtra,Male,37,1
MSME101641,728000.0,24,16.68,3119000.0,1.49,621,Retail Trade,617000.0,0,5.3,Working capital for raw material procurement,Tamil Nadu,Male,46,1
MSME101642,720000.0,24,19.44,4074000.0,2.22,670,Manufacturing,1064000.0,0,4.7,Open a second retail outlet in the district,Gujarat,Male,44,1
MSME101643,1023000.0,36,15.67,1886000.0,1.86,741,Logistics,1451000.0,1,8.6,Purchase of new machinery to expand production capacity,Maharashtra,Male,42,0
MSME101644,851000.0,36,18.05,4931000.0,0.81,669,Textiles,1467000.0,1,2.7,Purchase of new machinery to expand production capacity,Maharashtra,Male,45,1
MSME101645,260000.0,12,13.39,1290000.0,1.4,705,Logistics,171000.0,0,0.6,Refinance existing high-interest debt and consolidate dues,Tamil Nadu,Male,34,0
MSME101646,434000.0,36,14.07,963000.0,1.45,644,Textiles,777000.0,0,4.9,Expand textile weaving unit with additional looms,Uttar Pradesh,Female,32,0
MSME101647,464000.0,24,16.35,2261000.0,1.34,606,Manufacturing,480000.0,0,13.1,Emergency funds after delayed receivables from buyers,Punjab,Female,53,0
MSME101648,542000.0,36,14.19,987000.0,1.32,704,Textiles,844000.0,0,6.3,Working capital for raw material procurement,Maharashtra,Female,53,0
MSME101649,836000.0,48,10.81,1762000.0,1.05,623,Retail Trade,558000.0,1,0.8,Purchase of new machinery to expand production capacity,Gujarat,Male,37,1
MSME101650,1645000.0,60,16.28,6595000.0,2.01,710,Food Processing,1027000.0,1,3.8,Purchase of new machinery to expand production capacity,Tamil Nadu,Male,31,1
MSME101651,2515000.0,24,9.36,10664000.0,1.38,478,Retail Trade,2036000.0,0,9.3,Expand textile weaving unit with additional looms,Karnataka,Male,37,1
MSME101652,1039000.0,24,18.53,2743000.0,0.76,643,Retail Trade,354000.0,0,3.6,Purchase of new machinery to expand production capacity,Tamil Nadu,Male,32,1
MSME101653,424000.0,48,14.58,880000.0,1.98,662,Construction,276000.0,2,7.9,Upgrade delivery fleet and cold-storage units,Karnataka,Female,28,0
MSME101654,258000.0,24,11.8,438000.0,0.78,635,Construction,182000.0,0,8.6,Expand textile weaving unit with additional looms,Maharashtra,Male,58,1
MSME101655,522000.0,24,10.41,1765000.0,0.66,616,Agriculture,714000.0,1,4.2,Emergency funds after delayed receivables from buyers,Tamil Nadu,Male,35,1
MSME101656,352000.0,36,16.93,611000.0,0.9,696,Retail Trade,212000.0,1,6.9,Open a second retail outlet in the district,Punjab,Female,37,0
MSME101657,466000.0,60,14.61,1823000.0,1.92,719,IT Services,413000.0,0,10.0,Refinance existing high-interest debt and consolidate dues,Punjab,Male,32,0
MSME101658,746000.0,60,8.46,2335000.0,3.37,669,Construction,1272000.0,0,12.2,Purchase of new machinery to expand production capacity,Tamil Nadu,Male,57,0
MSME101659,1002000.0,36,15.46,3772000.0,0.7,624,Retail Trade,1279000.0,0,4.2,Upgrade delivery fleet and cold-storage units,Karnataka,Male,31,0
MSME101660,538000.0,36,12.55,1412000.0,0.52,691,Food Processing,737000.0,0,11.0,Refinance existing high-interest debt and consolidate dues,Kerala,Male,5,0
MSME101661,292000.0,24,8.0,633000.0,1.24,599,Manufacturing,126000.0,0,2.4,Working capital for raw material procurement,Gujarat,Male,45,0
MSME101662,280000.0,36,14.62,1122000.0,0.31,694,Textiles,259000.0,0,5.1,Upgrade delivery fleet and cold-storage units,Punjab,Female,30,1
MSME101663,681000.0,24,15.11,2112000.0,1.06,785,Retail Trade,543000.0,1,8.3,Emergency funds after delayed receivables from buyers,Tamil Nadu,Male,39,0
MSME101664,699000.0,48,14.03,4051000.0,1.85,734,Food Processing,863000.0,0,6.9,Purchase of new machinery to expand production capacity,Punjab,Female,18,0
MSME101665,262000.0,24,13.79,1410000.0,1.35,650,Retail Trade,315000.0,2,5.6,Refinance existing high-interest debt and consolidate dues,Uttar Pradesh,Male,48,0
MSME101666,351000.0,36,10.44,2030000.0,0.4,652,Manufacturing,74000.0,0,4.7,Working capital for raw material procurement,Tamil Nadu,Female,58,0
MSME101667,175000.0,12,13.15,467000.0,0.95,629,Logistics,132000.0,1,0.8,Bridge a seasonal cash crunch ahead of festival demand,Kerala,Female,29,0
MSME101668,203000.0,12,15.97,735000.0,1.33,759,Agriculture,310000.0,2,12.8,Emergency funds after delayed receivables from buyers,Maharashtra,Female,54,0
MSME101669,438000.0,60,13.29,1655000.0,2.95,755,Food Processing,261000.0,1,6.2,Expand textile weaving unit with additional looms,Karnataka,Male,51,0
MSME101670,4099000.0,36,17.36,23547000.0,1.49,636,Retail Trade,3614000.0,1,5.5,Working capital for raw material procurement,Punjab,Male,59,0
MSME101671,482000.0,12,14.24,2350000.0,0.62,771,Manufacturing,236000.0,1,6.5,Refinance existing high-interest debt and consolidate dues,Gujarat,Female,37,1
MSME101672,1093000.0,48,8.0,2538000.0,1.04,642,Textiles,1763000.0,0,9.2,Bridge a seasonal cash crunch ahead of festival demand,Tamil Nadu,Male,58,0
MSME101673,326000.0,48,11.97,1735000.0,2.07,785,Retail Trade,510000.0,0,16.3,Purchase of new machinery to expand production capacity,Punjab,Male,19,0
MSME101674,339000.0,36,11.72,1897000.0,2.1,646,Food Processing,459000.0,0,6.0,Bridge a seasonal cash crunch ahead of festival demand,Gujarat,Female,40,0
MSME101675,413000.0,12,16.81,2114000.0,0.95,599,Textiles,187000.0,0,11.4,Purchase of new machinery to expand production capacity,Tamil Nadu,Female,50,0
MSME101676,261000.0,48,12.05,895000.0,2.25,686,IT Services,163000.0,0,2.6,Open a second retail outlet in the district,Gujarat,Male,42,0
MSME101677,870000.0,24,13.45,3144000.0,0.41,567,Logistics,953000.0,0,3.0,Upgrade delivery fleet and cold-storage units,Karnataka,Female,42,1
MSME101678,437000.0,48,13.42,995000.0,2.06,704,Food Processing,570000.0,0,3.7,Bridge a seasonal cash crunch ahead of festival demand,Gujarat,Female,46,0
MSME101679,311000.0,48,8.87,1135000.0,0.91,697,Logistics,534000.0,1,1.6,Working capital for raw material procurement,Karnataka,Male,13,1
MSME101680,843000.0,48,12.13,1497000.0,1.44,712,IT Services,821000.0,1,8.4,Purchase of new machinery to expand production capacity,Uttar Pradesh,Male,36,0
MSME101681,292000.0,24,13.71,1030000.0,2.45,621,Construction,398000.0,0,0.8,Emergency funds after delayed receivables from buyers,Tamil Nadu,Male,16,0
MSME101682,693000.0,36,11.57,1892000.0,0.67,618,Logistics,489000.0,2,1.8,Upgrade delivery fleet and cold-storage units,Gujarat,Male,55,1
MSME101683,592000.0,84,9.8,1386000.0,1.13,788,Manufacturing,369000.0,0,5.6,Upgrade delivery fleet and cold-storage units,Tamil Nadu,Male,9,0
MSME101684,101000.0,84,14.74,548000.0,0.86,536,Retail Trade,76000.0,2,9.2,Refinance existing high-interest debt and consolidate dues,Uttar Pradesh,Male,59,1
MSME101685,1740000.0,24,16.11,7274000.0,0.33,582,Retail Trade,2401000.0,0,3.0,Working capital for raw material procurement,Maharashtra,Female,22,1
MSME101686,314000.0,24,12.03,1812000.0,1.41,657,Manufacturing,160000.0,0,5.4,Purchase of new machinery to expand production capacity,Kerala,Male,34,0
MSME101687,948000.0,48,14.6,3422000.0,0.5,643,Logistics,818000.0,0,4.3,Purchase of new machinery to expand production capacity,Tamil Nadu,Male,50,1
MSME101688,1061000.0,12,15.68,3427000.0,0.92,787,Construction,672000.0,0,8.1,Emergency funds after delayed receivables from buyers,Karnataka,Male,36,0
MSME101689,714000.0,24,18.63,1590000.0,0.48,666,Logistics,702000.0,1,3.0,Bridge a seasonal cash crunch ahead of festival demand,Maharashtra,Male,56,1
MSME101690,514000.0,24,15.49,1315000.0,1.14,586,Textiles,828000.0,1,4.6,Bridge a seasonal cash crunch ahead of festival demand,Gujarat,Female,43,1
MSME101691,187000.0,84,14.59,641000.0,1.13,653,IT Services,209000.0,0,5.3,Purchase of new machinery to expand production capacity,Uttar Pradesh,Male,12,1
MSME101692,787000.0,36,17.63,1304000.0,2.02,667,Retail Trade,173000.0,0,1.3,Working capital for raw material procurement,Punjab,Female,22,0
MSME101693,1502000.0,60,12.89,4752000.0,1.7,656,Textiles,903000.0,1,2.1,Refinance existing high-interest debt and consolidate dues,Karnataka,Female,32,1
MSME101694,1188000.0,84,12.36,5541000.0,1.92,598,IT Services,1387000.0,2,6.8,Expand textile weaving unit with additional looms,Gujarat,Male,13,1
MSME101695,276000.0,24,12.14,1438000.0,1.1,760,Logistics,348000.0,0,7.5,Bridge a seasonal cash crunch ahead of festival demand,Maharashtra,Male,48,0
MSME101696,693000.0,36,19.49,1819000.0,1.4,762,IT Services,209000.0,0,5.0,Open a second retail outlet in the district,Tamil Nadu,Male,10,0
MSME101697,676000.0,12,14.52,3577000.0,0.66,773,Retail Trade,351000.0,2,8.0,Working capital for raw material procurement,Uttar Pradesh,Female,36,0
MSME101698,971000.0,48,17.45,2186000.0,2.34,700,Retail Trade,1612000.0,1,3.3,Purchase of new machinery to expand production capacity,Kerala,Male,19,0
MSME101699,1128000.0,36,10.98,4308000.0,1.48,668,Construction,1597000.0,2,1.2,Emergency funds after delayed receivables from buyers,Kerala,Female,10,0
MSME101700,268000.0,36,12.2,823000.0,1.93,733,Logistics,372000.0,0,3.3,Expand textile weaving unit with additional looms,Punjab,Male,56,0
MSME101701,657000.0,60,12.19,1412000.0,0.59,560,Manufacturing,778000.0,0,7.8,Expand textile weaving unit with additional looms,West Bengal,Female,29,1
MSME101702,1756000.0,48,13.0,5023000.0,1.35,644,Food Processing,2366000.0,0,2.7,Purchase of new machinery to expand production capacity,Punjab,Female,44,1
MSME101703,462000.0,48,13.39,2167000.0,1.16,555,Textiles,398000.0,1,1.3,Upgrade delivery fleet and cold-storage units,Gujarat,Male,44,0
MSME101704,360000.0,60,13.88,975000.0,1.63,673,IT Services,315000.0,0,3.7,Bridge a seasonal cash crunch ahead of festival demand,Punjab,Female,4,1
MSME101705,390000.0,36,8.23,1876000.0,0.54,745,Textiles,133000.0,0,5.4,Open a second retail outlet in the district,Maharashtra,Female,48,1
MSME101706,547000.0,36,13.73,1534000.0,2.46,652,Textiles,684000.0,1,1.2,Refinance existing high-interest debt and consolidate dues,Gujarat,Male,23,0
MSME101707,748000.0,48,16.04,1489000.0,0.85,829,Retail Trade,711000.0,2,5.6,Working capital for raw material procurement,Uttar Pradesh,Male,33,1
MSME101708,458000.0,60,10.5,2084000.0,1.31,626,Manufacturing,737000.0,2,7.5,Upgrade delivery fleet and cold-storage units,Gujarat,Male,6,0
MSME101709,321000.0,24,15.08,641000.0,1.91,591,Manufacturing,449000.0,0,7.2,Refinance existing high-interest debt and consolidate dues,West Bengal,Male,40,0
MSME101710,519000.0,24,10.68,2091000.0,1.12,692,Construction,673000.0,2,1.9,Emergency funds after delayed receivables from buyers,Uttar Pradesh,Male,31,0
MSME101711,205000.0,84,11.49,537000.0,1.39,712,Retail Trade,314000.0,1,3.4,Working capital for raw material procurement,West Bengal,Male,23,0
MSME101712,854000.0,60,11.77,3784000.0,0.87,656,Retail Trade,1270000.0,0,4.7,Refinance existing high-interest debt and consolidate dues,Tamil Nadu,Female,17,1
MSME101713,877000.0,24,11.75,2687000.0,1.83,624,Retail Trade,1175000.0,1,1.6,Open a second retail outlet in the district,Punjab,Female,19,0
MSME101714,753000.0,12,17.96,4409000.0,1.24,682,Agriculture,217000.0,1,4.9,Open a second retail outlet in the district,Tamil Nadu,Male,36,0
MSME101715,273000.0,36,13.74,1265000.0,1.21,702,Manufacturing,459000.0,0,3.5,Bridge a seasonal cash crunch ahead of festival demand,West Bengal,Female,54,0
MSME101716,1216000.0,36,14.45,6231000.0,0.62,811,Food Processing,244000.0,1,6.5,Refinance existing high-interest debt and consolidate dues,Kerala,Female,53,0
MSME101717,456000.0,36,14.9,2117000.0,0.6,597,Food Processing,230000.0,0,5.6,Emergency funds after delayed receivables from buyers,Punjab,Female,5,1
MSME101718,749000.0,48,10.55,3094000.0,1.31,714,Manufacturing,990000.0,2,3.7,Upgrade delivery fleet and cold-storage units,Kerala,Male,22,0
MSME101719,208000.0,60,15.56,1000000.0,2.32,709,Food Processing,144000.0,1,3.4,Expand textile weaving unit with additional looms,Karnataka,Male,46,0
MSME101720,330000.0,48,9.7,1020000.0,1.44,729,Construction,157000.0,1,2.2,Bridge a seasonal cash crunch ahead of festival demand,Punjab,Female,5,0
MSME101721,310000.0,60,16.06,1230000.0,1.42,656,Agriculture,203000.0,1,2.4,Purchase of new machinery to expand production capacity,Kerala,Male,32,0
MSME101722,813000.0,36,14.12,1459000.0,0.73,680,Retail Trade,897000.0,0,12.4,Purchase of new machinery to expand production capacity,Tamil Nadu,Female,30,1
MSME101723,193000.0,48,17.26,894000.0,1.38,660,Retail Trade,164000.0,2,3.6,Working capital for raw material procurement,Karnataka,Male,3,0
MSME101724,409000.0,24,10.17,732000.0,0.56,704,Agriculture,504000.0,1,3.6,Open a second retail outlet in the district,Uttar Pradesh,Male,31,1
MSME101725,456000.0,48,17.58,2314000.0,0.79,754,Retail Trade,460000.0,1,10.4,Bridge a seasonal cash crunch ahead of festival demand,West Bengal,Male,55,0
MSME101726,1851000.0,36,17.07,10510000.0,2.95,731,Agriculture,3280000.0,1,1.4,Expand textile weaving unit with additional looms,Uttar Pradesh,Male,6,0
MSME101727,697000.0,24,8.43,1238000.0,0.77,655,Logistics,761000.0,1,7.2,Working capital for raw material procurement,Uttar Pradesh,Female,34,1
MSME101728,799000.0,36,10.95,4108000.0,1.61,744,Food Processing,1026000.0,0,2.3,Refinance existing high-interest debt and consolidate dues,Maharashtra,Female,42,0
MSME101729,417000.0,60,8.0,790000.0,1.33,656,Retail Trade,256000.0,1,6.3,Upgrade delivery fleet and cold-storage units,Maharashtra,Male,36,0
MSME101730,2258000.0,12,15.92,4679000.0,0.76,631,Construction,2388000.0,0,9.1,Bridge a seasonal cash crunch ahead of festival demand,Gujarat,Female,53,1
MSME101731,1141000.0,36,14.19,5202000.0,1.42,724,Retail Trade,1808000.0,0,4.7,Working capital for raw material procurement,Uttar Pradesh,Female,33,0
MSME101732,1728000.0,48,14.25,9621000.0,2.05,756,IT Services,670000.0,0,1.1,Refinance existing high-interest debt and consolidate dues,Maharashtra,Female,46,1
MSME101733,370000.0,48,13.71,776000.0,2.4,618,Textiles,592000.0,0,2.9,Working capital for raw material procurement,Maharashtra,Male,8,1
MSME101734,1016000.0,12,13.24,2885000.0,0.87,660,Manufacturing,759000.0,1,5.6,Upgrade delivery fleet and cold-storage units,Kerala,Male,10,1
MSME101735,806000.0,48,14.16,2244000.0,1.41,615,Retail Trade,367000.0,0,1.9,Working capital for raw material procurement,Uttar Pradesh,Female,6,0
MSME101736,916000.0,84,14.78,3805000.0,1.3,678,Construction,997000.0,0,4.0,Open a second retail outlet in the district,Punjab,Female,47,0
MSME101737,629000.0,12,20.82,3757000.0,1.47,736,Retail Trade,637000.0,0,6.0,Expand textile weaving unit with additional looms,Gujarat,Female,16,0
MSME101738,867000.0,48,13.41,3754000.0,2.43,758,Textiles,709000.0,1,6.5,Bridge a seasonal cash crunch ahead of festival demand,West Bengal,Female,28,0
MSME101739,633000.0,84,12.45,2458000.0,2.13,680,Textiles,424000.0,1,1.4,Purchase of new machinery to expand production capacity,Gujarat,Male,39,0
MSME101740,688000.0,36,12.39,1674000.0,1.19,779,Construction,978000.0,0,2.1,Bridge a seasonal cash crunch ahead of festival demand,Tamil Nadu,Male,11,0
MSME101741,264000.0,48,15.13,1363000.0,1.74,704,Logistics,321000.0,1,8.3,Upgrade delivery fleet and cold-storage units,Tamil Nadu,Male,23,0
MSME101742,951000.0,24,12.62,3812000.0,1.38,728,Logistics,331000.0,0,18.4,Open a second retail outlet in the district,Kerala,Male,39,0
MSME101743,479000.0,36,10.09,781000.0,2.99,795,Food Processing,226000.0,2,2.2,Emergency funds after delayed receivables from buyers,Karnataka,Female,55,0
MSME101744,502000.0,12,21.26,2506000.0,1.15,668,Logistics,685000.0,4,4.7,Emergency funds after delayed receivables from buyers,West Bengal,Male,38,1
MSME101745,751000.0,48,14.34,2365000.0,1.56,687,Food Processing,943000.0,0,3.3,Emergency funds after delayed receivables from buyers,Gujarat,Male,5,0
MSME101746,504000.0,48,11.05,1059000.0,1.93,702,Logistics,108000.0,0,1.5,Bridge a seasonal cash crunch ahead of festival demand,Maharashtra,Male,33,0
MSME101747,295000.0,36,11.72,1008000.0,1.05,757,Retail Trade,508000.0,2,3.1,Emergency funds after delayed receivables from buyers,Uttar Pradesh,Male,7,1
MSME101748,166000.0,36,8.0,541000.0,1.91,718,Textiles,137000.0,1,4.6,Open a second retail outlet in the district,Tamil Nadu,Female,25,0
MSME101749,957000.0,24,14.07,4437000.0,1.1,644,Retail Trade,345000.0,1,2.1,Upgrade delivery fleet and cold-storage units,Karnataka,Male,4,1
MSME101750,561000.0,60,12.76,3003000.0,0.97,629,Retail Trade,456000.0,0,1.9,Upgrade delivery fleet and cold-storage units,Gujarat,Male,45,0
MSME101751,207000.0,60,15.92,834000.0,1.31,673,Logistics,288000.0,2,1.9,Expand textile weaving unit with additional looms,Tamil Nadu,Male,7,0
MSME101752,1185000.0,60,11.21,3559000.0,1.74,576,Logistics,1704000.0,0,4.4,Working capital for raw material procurement,Punjab,Male,34,0
MSME101753,246000.0,24,18.95,487000.0,1.29,670,Food Processing,313000.0,0,5.5,Refinance existing high-interest debt and consolidate dues,Uttar Pradesh,Male,44,0
MSME101754,854000.0,84,17.8,3446000.0,1.39,734,Manufacturing,560000.0,1,6.4,Working capital for raw material procurement,Kerala,Male,56,0
MSME101755,1390000.0,12,10.88,3931000.0,0.98,718,Food Processing,2194000.0,0,8.0,Working capital for raw material procurement,Uttar Pradesh,Male,8,0
MSME101756,310000.0,24,11.6,1330000.0,2.52,786,Textiles,189000.0,0,5.9,Expand textile weaving unit with additional looms,Uttar Pradesh,Female,3,0
MSME101757,632000.0,36,13.82,2248000.0,1.79,783,Food Processing,466000.0,3,2.7,Working capital for raw material procurement,Uttar Pradesh,Female,2,0
MSME101758,689000.0,24,12.32,1235000.0,3.03,677,Manufacturing,1027000.0,2,10.3,Purchase of new machinery to expand production capacity,West Bengal,Male,14,0
MSME101759,957000.0,48,13.31,5489000.0,0.73,653,Construction,798000.0,0,6.2,Working capital for raw material procurement,Punjab,Male,36,1
MSME101760,1044000.0,12,12.19,2870000.0,2.29,652,Food Processing,790000.0,2,8.1,Refinance existing high-interest debt and consolidate dues,Gujarat,Female,12,0
MSME101761,349000.0,60,13.33,770000.0,1.38,635,Logistics,509000.0,1,19.4,Purchase of new machinery to expand production capacity,Maharashtra,Female,32,0
MSME101762,211000.0,24,13.72,348000.0,2.79,843,Construction,57000.0,3,4.3,Working capital for raw material procurement,Kerala,Male,6,0
MSME101763,324000.0,48,14.75,1011000.0,1.31,671,IT Services,496000.0,1,6.9,Emergency funds after delayed receivables from buyers,Punjab,Male,33,1
MSME101764,964000.0,60,12.5,2709000.0,1.08,660,Retail Trade,1570000.0,0,3.2,Expand textile weaving unit with additional looms,Maharashtra,Male,32,0
MSME101765,962000.0,12,15.8,4397000.0,1.62,612,Textiles,1603000.0,1,11.3,Bridge a seasonal cash crunch ahead of festival demand,Kerala,Female,8,1
MSME101766,238000.0,36,13.76,926000.0,1.97,643,Textiles,191000.0,0,7.0,Purchase of new machinery to expand production capacity,Kerala,Female,39,0
MSME101767,776000.0,24,12.41,3846000.0,0.54,807,Textiles,852000.0,0,14.0,Refinance existing high-interest debt and consolidate dues,Punjab,Female,36,0
MSME101768,429000.0,48,12.83,2109000.0,2.33,778,Manufacturing,423000.0,0,3.0,Emergency funds after delayed receivables from buyers,Punjab,Male,52,0
MSME101769,714000.0,84,13.63,2397000.0,1.67,643,Manufacturing,227000.0,0,3.8,Expand textile weaving unit with additional looms,Tamil Nadu,Male,24,0
MSME101770,100000.0,36,12.53,293000.0,0.67,716,Retail Trade,117000.0,0,6.2,Emergency funds after delayed receivables from buyers,Karnataka,Male,40,1
MSME101771,234000.0,48,11.89,452000.0,3.33,726,Retail Trade,331000.0,0,5.7,Emergency funds after delayed receivables from buyers,Maharashtra,Male,9,0
MSME101772,810000.0,84,10.74,1658000.0,0.6,621,IT Services,334000.0,5,6.4,Working capital for raw material procurement,Karnataka,Female,24,1
MSME101773,442000.0,48,12.88,2305000.0,0.94,719,Manufacturing,576000.0,0,6.6,Working capital for raw material procurement,Karnataka,Male,17,0
MSME101774,513000.0,24,15.4,897000.0,1.27,609,Manufacturing,794000.0,1,5.6,Expand textile weaving unit with additional looms,Tamil Nadu,Female,42,0
MSME101775,389000.0,12,16.44,2116000.0,0.68,778,Logistics,645000.0,0,2.6,Purchase of new machinery to expand production capacity,West Bengal,Male,8,0
MSME101776,613000.0,84,14.19,1324000.0,1.31,653,Retail Trade,755000.0,2,6.2,Refinance existing high-interest debt and consolidate dues,Karnataka,Male,42,1
MSME101777,324000.0,36,11.31,1040000.0,0.54,744,Construction,408000.0,1,7.2,Open a second retail outlet in the district,Punjab,Male,30,0
MSME101778,850000.0,12,15.24,2695000.0,0.81,590,Agriculture,1416000.0,0,10.0,Working capital for raw material procurement,Uttar Pradesh,Male,5,0
MSME101779,1381000.0,36,12.29,8070000.0,2.42,709,Retail Trade,1514000.0,1,4.7,Working capital for raw material procurement,Maharashtra,Female,36,0
MSME101780,1259000.0,24,13.84,2186000.0,0.97,568,Retail Trade,2067000.0,0,1.9,Working capital for raw material procurement,West Bengal,Female,3,0
MSME101781,284000.0,36,11.42,798000.0,2.24,713,Retail Trade,269000.0,1,4.2,Refinance existing high-interest debt and consolidate dues,Karnataka,Male,15,0
MSME101782,850000.0,36,14.03,1302000.0,2.33,702,Construction,1364000.0,0,3.1,Working capital for raw material procurement,Uttar Pradesh,Male,16,0
MSME101783,366000.0,24,9.68,783000.0,1.99,698,Logistics,591000.0,0,4.4,Bridge a seasonal cash crunch ahead of festival demand,Karnataka,Male,25,0
MSME101784,521000.0,36,11.79,2746000.0,0.85,638,Retail Trade,898000.0,1,2.3,Emergency funds after delayed receivables from buyers,Karnataka,Female,6,0
MSME101785,1247000.0,12,14.65,6203000.0,0.82,715,Food Processing,444000.0,1,6.6,Open a second retail outlet in the district,Kerala,Female,30,1
MSME101786,435000.0,12,13.78,1446000.0,3.24,764,Textiles,719000.0,1,0.2,Bridge a seasonal cash crunch ahead of festival demand,Kerala,Male,10,0
MSME101787,377000.0,36,16.27,921000.0,1.06,806,Retail Trade,628000.0,0,1.3,Open a second retail outlet in the district,Punjab,Female,14,0
MSME101788,220000.0,24,13.73,837000.0,0.44,900,Logistics,294000.0,0,2.4,Working capital for raw material procurement,Punjab,Male,51,0
MSME101789,363000.0,84,12.12,905000.0,3.5,752,Retail Trade,567000.0,1,2.0,Expand textile weaving unit with additional looms,Tamil Nadu,Male,11,0
MSME101790,648000.0,48,13.22,1833000.0,2.45,752,Manufacturing,829000.0,1,5.6,Refinance existing high-interest debt and consolidate dues,Gujarat,Female,19,0
MSME101791,504000.0,36,12.61,1964000.0,0.38,762,IT Services,455000.0,0,4.8,Purchase of new machinery to expand production capacity,Maharashtra,Male,46,0
MSME101792,425000.0,12,14.88,1461000.0,2.07,601,Logistics,637000.0,0,3.2,Open a second retail outlet in the district,Kerala,Female,7,0
MSME101793,486000.0,60,9.37,2653000.0,1.31,722,Retail Trade,559000.0,1,10.5,Refinance existing high-interest debt and consolidate dues,Uttar Pradesh,Male,50,0
MSME101794,1169000.0,12,12.91,4183000.0,1.7,595,IT Services,1504000.0,0,12.8,Working capital for raw material procurement,Maharashtra,Female,29,0
MSME101795,681000.0,12,16.43,3619000.0,0.92,818,Logistics,1010000.0,1,9.1,Upgrade delivery fleet and cold-storage units,Kerala,Male,31,0
MSME101796,923000.0,24,13.8,1503000.0,1.45,617,IT Services,735000.0,0,3.4,Bridge a seasonal cash crunch ahead of festival demand,Maharashtra,Male,33,1
MSME101797,608000.0,48,11.16,989000.0,3.5,728,Construction,1079000.0,0,6.0,Upgrade delivery fleet and cold-storage units,Gujarat,Male,2,0
MSME101798,351000.0,24,14.45,1377000.0,1.78,738,Retail Trade,231000.0,0,8.2,Emergency funds after delayed receivables from buyers,West Bengal,Male,42,0
MSME101799,779000.0,24,12.49,1197000.0,1.89,780,Retail Trade,1113000.0,0,8.6,Open a second retail outlet in the district,Maharashtra,Female,49,0
MSME101800,1352000.0,36,14.31,7058000.0,0.73,707,Logistics,2213000.0,1,5.5,Working capital for raw material procurement,Uttar Pradesh,Male,25,0
MSME101801,478000.0,12,9.55,1695000.0,2.67,750,IT Services,463000.0,1,10.5,Open a second retail outlet in the district,Uttar Pradesh,Female,3,0
MSME101802,592000.0,48,13.29,1532000.0,1.26,739,Textiles,1045000.0,0,1.0,Bridge a seasonal cash crunch ahead of festival demand,Kerala,Female,59,0
MSME101803,316000.0,36,10.36,810000.0,0.85,789,Retail Trade,76000.0,1,8.2,Expand textile weaving unit with additional looms,Karnataka,Male,4,0
MSME101804,995000.0,48,14.71,2903000.0,0.79,642,Textiles,743000.0,0,5.6,Open a second retail outlet in the district,Uttar Pradesh,Female,53,0
MSME101805,210000.0,24,10.67,1260000.0,0.67,802,Textiles,150000.0,1,2.2,Emergency funds after delayed receivables from buyers,Maharashtra,Male,48,1
MSME101806,459000.0,24,19.18,2062000.0,1.68,558,Logistics,635000.0,1,3.4,Upgrade delivery fleet and cold-storage units,Punjab,Female,19,0
MSME101807,395000.0,36,11.76,1719000.0,1.09,667,Textiles,398000.0,0,9.7,Upgrade delivery fleet and cold-storage units,Kerala,Male,55,1
MSME101808,581000.0,84,13.23,923000.0,0.98,692,Manufacturing,117000.0,1,5.9,Upgrade delivery fleet and cold-storage units,Karnataka,Male,40,0
MSME101809,1010000.0,24,8.0,2093000.0,1.14,730,Agriculture,301000.0,0,8.9,Purchase of new machinery to expand production capacity,Maharashtra,Male,59,0
MSME101810,425000.0,24,12.55,728000.0,1.36,578,Manufacturing,486000.0,4,3.6,Emergency funds after delayed receivables from buyers,Tamil Nadu,Female,56,0
MSME101811,1629000.0,36,13.48,6561000.0,1.26,635,Manufacturing,2434000.0,1,2.5,Purchase of new machinery to expand production capacity,Maharashtra,Male,58,1
MSME101812,327000.0,36,10.53,563000.0,2.85,700,IT Services,573000.0,0,1.5,Working capital for raw material procurement,Tamil Nadu,Female,15,0
MSME101813,2958000.0,36,9.24,13680000.0,0.74,654,Textiles,5165000.0,1,1.9,Emergency funds after delayed receivables from buyers,West Bengal,Female,58,0
MSME101814,683000.0,48,14.38,2463000.0,1.77,715,Construction,565000.0,0,0.8,Expand textile weaving unit with additional looms,Gujarat,Female,20,0
MSME101815,214000.0,12,13.89,858000.0,1.31,632,Manufacturing,220000.0,0,1.9,Bridge a seasonal cash crunch ahead of festival demand,Gujarat,Female,20,0
MSME101816,942000.0,12,11.04,3636000.0,0.73,671,Manufacturing,1685000.0,0,2.2,Expand textile weaving unit with additional looms,Maharashtra,Male,36,1
MSME101817,299000.0,12,16.85,577000.0,0.58,672,Food Processing,77000.0,0,3.6,Purchase of new machinery to expand production capacity,Kerala,Female,48,0
MSME101818,979000.0,36,14.68,4863000.0,2.07,796,Retail Trade,754000.0,1,1.2,Emergency funds after delayed receivables from buyers,Uttar Pradesh,Male,37,0
MSME101819,336000.0,12,9.72,1872000.0,3.5,725,Textiles,450000.0,0,5.1,Emergency funds after delayed receivables from buyers,Uttar Pradesh,Female,57,0
MSME101820,454000.0,48,13.41,2055000.0,0.61,688,Textiles,657000.0,1,7.4,Emergency funds after delayed receivables from buyers,Karnataka,Female,49,0
MSME101821,886000.0,24,15.61,2687000.0,1.0,688,IT Services,1579000.0,2,2.8,Upgrade delivery fleet and cold-storage units,Kerala,Male,44,0
MSME101822,450000.0,36,13.13,2505000.0,1.76,591,Manufacturing,230000.0,0,8.2,Bridge a seasonal cash crunch ahead of festival demand,Tamil Nadu,Male,40,0
MSME101823,191000.0,48,14.01,793000.0,0.84,681,Logistics,251000.0,3,0.8,Expand textile weaving unit with additional looms,Gujarat,Male,44,1
MSME101824,595000.0,12,15.01,1008000.0,0.83,647,Retail Trade,739000.0,0,2.5,Working capital for raw material procurement,West Bengal,Male,54,1
MSME101825,395000.0,84,11.57,2107000.0,1.55,720,Retail Trade,99000.0,0,9.3,Bridge a seasonal cash crunch ahead of festival demand,Kerala,Female,49,1
MSME101826,632000.0,36,17.31,1048000.0,1.09,780,Manufacturing,390000.0,0,7.2,Open a second retail outlet in the district,Maharashtra,Female,29,0
MSME101827,376000.0,24,15.34,695000.0,1.76,744,Manufacturing,564000.0,0,6.9,Bridge a seasonal cash crunch ahead of festival demand,Maharashtra,Female,23,1
MSME101828,189000.0,48,17.85,345000.0,0.33,709,Logistics,189000.0,0,5.3,Refinance existing high-interest debt and consolidate dues,Tamil Nadu,Female,6,1
MSME101829,546000.0,36,15.93,1542000.0,2.23,815,Logistics,320000.0,0,1.3,Bridge a seasonal cash crunch ahead of festival demand,Gujarat,Male,34,0
MSME101830,480000.0,24,8.87,1934000.0,1.48,704,Retail Trade,694000.0,0,12.4,Bridge a seasonal cash crunch ahead of festival demand,Karnataka,Female,17,0
MSME101831,370000.0,24,9.0,586000.0,0.64,586,Textiles,518000.0,1,7.4,Bridge a seasonal cash crunch ahead of festival demand,Karnataka,Female,39,1
MSME101832,553000.0,36,15.48,2938000.0,1.75,701,Retail Trade,961000.0,1,10.1,Refinance existing high-interest debt and consolidate dues,Kerala,Male,57,0
MSME101833,533000.0,24,14.4,2931000.0,1.9,737,Construction,534000.0,0,2.0,Refinance existing high-interest debt and consolidate dues,Tamil Nadu,Female,46,0
MSME101834,1156000.0,36,12.13,3335000.0,2.12,658,Retail Trade,1156000.0,1,8.7,Upgrade delivery fleet and cold-storage units,Gujarat,Male,46,0
MSME101835,532000.0,60,11.45,2482000.0,1.66,635,IT Services,888000.0,1,12.6,Upgrade delivery fleet and cold-storage units,Tamil Nadu,Male,56,0
MSME101836,937000.0,24,17.74,3933000.0,1.06,655,Textiles,258000.0,1,3.2,Working capital for raw material procurement,Gujarat,Female,58,1
MSME101837,250000.0,24,12.04,584000.0,2.9,568,Retail Trade,128000.0,1,5.0,Purchase of new machinery to expand production capacity,Tamil Nadu,Male,9,0
MSME101838,1479000.0,36,10.65,8451000.0,1.24,694,Textiles,867000.0,0,5.7,Purchase of new machinery to expand production capacity,Gujarat,Female,40,0
MSME101839,618000.0,12,12.28,2390000.0,1.83,637,IT Services,792000.0,0,1.1,Refinance existing high-interest debt and consolidate dues,West Bengal,Male,52,0
MSME101840,334000.0,36,14.3,1899000.0,1.19,715,Retail Trade,156000.0,0,4.8,Upgrade delivery fleet and cold-storage units,West Bengal,Male,18,1
MSME101841,754000.0,36,8.0,2379000.0,1.5,774,Manufacturing,352000.0,0,4.2,Expand textile weaving unit with additional looms,Maharashtra,Male,11,0
MSME101842,408000.0,24,8.76,2385000.0,1.79,625,Textiles,478000.0,2,10.3,Upgrade delivery fleet and cold-storage units,Kerala,Male,43,0
MSME101843,820000.0,48,14.02,3620000.0,0.62,693,Manufacturing,1139000.0,2,9.1,Open a second retail outlet in the district,West Bengal,Male,45,0
MSME101844,520000.0,60,13.04,2014000.0,0.73,557,Textiles,408000.0,0,17.4,Bridge a seasonal cash crunch ahead of festival demand,Karnataka,Male,57,0
MSME101845,183000.0,12,9.73,310000.0,1.11,636,Manufacturing,215000.0,0,1.9,Bridge a seasonal cash crunch ahead of festival demand,Karnataka,Male,58,1
MSME101846,379000.0,24,14.66,2037000.0,0.78,717,Construction,186000.0,0,10.7,Upgrade delivery fleet and cold-storage units,Tamil Nadu,Male,11,0
MSME101847,561000.0,24,12.7,3362000.0,2.06,638,Construction,127000.0,0,7.2,Emergency funds after delayed receivables from buyers,Karnataka,Male,18,1
MSME101848,484000.0,48,10.28,2563000.0,1.33,799,Manufacturing,486000.0,1,5.0,Emergency funds after delayed receivables from buyers,Tamil Nadu,Female,40,0
MSME101849,696000.0,36,16.32,2135000.0,3.5,630,Retail Trade,944000.0,0,2.7,Refinance existing high-interest debt and consolidate dues,West Bengal,Female,39,1
MSME101850,281000.0,84,12.54,1655000.0,2.64,713,Construction,74000.0,1,5.6,Purchase of new machinery to expand production capacity,Karnataka,Male,53,0
MSME101851,806000.0,36,15.26,3848000.0,2.11,687,Construction,948000.0,3,4.2,Emergency funds after delayed receivables from buyers,Uttar Pradesh,Male,31,1
MSME101852,386000.0,24,13.41,1487000.0,0.72,629,Construction,567000.0,0,3.5,Purchase of new machinery to expand production capacity,Uttar Pradesh,Male,9,0
MSME101853,251000.0,12,10.53,462000.0,0.3,656,Manufacturing,122000.0,1,4.3,Working capital for raw material procurement,West Bengal,Male,21,0
MSME101854,379000.0,24,13.9,1859000.0,0.72,763,Manufacturing,518000.0,2,0.8,Emergency funds after delayed receivables from buyers,Tamil Nadu,Male,27,1
MSME101855,653000.0,48,11.99,1848000.0,0.73,710,Food Processing,925000.0,1,0.9,Emergency funds after delayed receivables from buyers,Gujarat,Male,47,0
MSME101856,327000.0,48,16.06,823000.0,1.3,700,IT Services,492000.0,1,1.7,Open a second retail outlet in the district,Gujarat,Male,42,0
MSME101857,1900000.0,36,14.59,7343000.0,0.83,644,Construction,2884000.0,0,13.1,Open a second retail outlet in the district,Uttar Pradesh,Female,53,0
MSME101858,613000.0,36,12.68,3054000.0,0.79,723,Textiles,396000.0,0,9.5,Upgrade delivery fleet and cold-storage units,Tamil Nadu,Male,9,0
MSME101859,594000.0,24,15.42,2217000.0,0.96,679,Food Processing,345000.0,1,0.6,Bridge a seasonal cash crunch ahead of festival demand,Uttar Pradesh,Female,58,1
MSME101860,1248000.0,12,13.5,3079000.0,0.75,786,Manufacturing,2214000.0,1,6.1,Upgrade delivery fleet and cold-storage units,Maharashtra,Female,44,0
MSME101861,294000.0,24,13.2,1136000.0,1.04,573,IT Services,290000.0,0,8.1,Open a second retail outlet in the district,Uttar Pradesh,Female,36,0
MSME101862,147000.0,36,14.77,510000.0,0.96,618,Retail Trade,100000.0,0,3.5,Emergency funds after delayed receivables from buyers,Punjab,Male,16,0
MSME101863,1556000.0,12,13.92,5564000.0,2.16,627,Textiles,1938000.0,2,2.0,Expand textile weaving unit with additional looms,Maharashtra,Female,38,1
MSME101864,800000.0,24,12.37,3960000.0,0.99,644,Retail Trade,1225000.0,0,6.3,Emergency funds after delayed receivables from buyers,Tamil Nadu,Female,30,1
MSME101865,282000.0,48,13.04,637000.0,1.87,804,Logistics,260000.0,1,1.9,Expand textile weaving unit with additional looms,Karnataka,Male,5,0
MSME101866,318000.0,60,16.22,586000.0,0.95,625,Retail Trade,82000.0,0,5.4,Expand textile weaving unit with additional looms,Kerala,Male,38,0
MSME101867,216000.0,36,11.95,1194000.0,1.03,623,IT Services,270000.0,1,4.5,Open a second retail outlet in the district,Karnataka,Male,25,0
MSME101868,865000.0,24,16.65,4590000.0,1.34,741,IT Services,312000.0,1,8.6,Emergency funds after delayed receivables from buyers,West Bengal,Female,23,0
MSME101869,328000.0,48,11.38,1281000.0,0.91,766,Manufacturing,71000.0,0,8.5,Working capital for raw material procurement,Punjab,Male,34,0
MSME101870,415000.0,12,10.75,1365000.0,1.67,700,IT Services,568000.0,1,8.6,Expand textile weaving unit with additional looms,Tamil Nadu,Male,29,0
MSME101871,641000.0,24,14.59,2879000.0,0.57,711,Logistics,649000.0,0,6.4,Expand textile weaving unit with additional looms,West Bengal,Male,56,1
MSME101872,174000.0,12,14.98,618000.0,1.2,729,Logistics,272000.0,1,3.7,Refinance existing high-interest debt and consolidate dues,Kerala,Male,1,0
MSME101873,469000.0,12,13.72,1232000.0,1.87,675,Construction,251000.0,1,6.0,Refinance existing high-interest debt and consolidate dues,Maharashtra,Male,5,1
MSME101874,639000.0,24,11.16,1836000.0,1.22,712,IT Services,474000.0,0,7.6,Upgrade delivery fleet and cold-storage units,Uttar Pradesh,Female,24,0
MSME101875,535000.0,60,16.62,2183000.0,1.82,558,Construction,812000.0,0,4.4,Open a second retail outlet in the district,Maharashtra,Male,7,0
MSME101876,947000.0,48,10.75,5399000.0,0.81,626,IT Services,620000.0,1,6.3,Emergency funds after delayed receivables from buyers,West Bengal,Male,25,1
MSME101877,567000.0,60,14.8,1960000.0,0.77,703,Logistics,687000.0,0,4.9,Upgrade delivery fleet and cold-storage units,Karnataka,Male,28,1
MSME101878,272000.0,36,11.69,700000.0,0.74,711,Textiles,247000.0,1,9.6,Working capital for raw material procurement,Uttar Pradesh,Male,41,1
MSME101879,255000.0,36,14.19,448000.0,1.53,691,Logistics,265000.0,0,9.4,Open a second retail outlet in the district,Kerala,Female,40,0
MSME101880,474000.0,36,13.5,933000.0,0.94,828,Retail Trade,374000.0,1,0.3,Expand textile weaving unit with additional looms,Gujarat,Male,11,0
MSME101881,817000.0,12,15.81,1697000.0,0.77,620,Food Processing,405000.0,0,13.8,Emergency funds after delayed receivables from buyers,Uttar Pradesh,Female,3,1
MSME101882,945000.0,60,11.12,1963000.0,1.37,692,Food Processing,1244000.0,0,2.7,Upgrade delivery fleet and cold-storage units,Maharashtra,Male,1,0
MSME101883,450000.0,84,15.49,1151000.0,1.78,659,Construction,563000.0,0,4.8,Bridge a seasonal cash crunch ahead of festival demand,West Bengal,Male,49,0
MSME101884,242000.0,36,11.26,700000.0,0.87,626,Retail Trade,328000.0,0,2.7,Emergency funds after delayed receivables from buyers,Kerala,Male,5,0
MSME101885,277000.0,60,16.91,1351000.0,0.63,634,Food Processing,390000.0,0,3.3,Bridge a seasonal cash crunch ahead of festival demand,Tamil Nadu,Female,26,1
MSME101886,581000.0,84,14.36,2858000.0,0.96,630,Logistics,156000.0,0,6.5,Open a second retail outlet in the district,Maharashtra,Male,5,0
MSME101887,1063000.0,48,12.74,5925000.0,1.57,644,Textiles,1244000.0,1,5.5,Expand textile weaving unit with additional looms,Tamil Nadu,Female,14,0
MSME101888,292000.0,48,12.04,966000.0,1.06,746,Manufacturing,248000.0,1,20.6,Emergency funds after delayed receivables from buyers,Punjab,Male,57,0
MSME101889,190000.0,36,15.75,692000.0,1.74,611,Retail Trade,100000.0,0,2.2,Expand textile weaving unit with additional looms,Karnataka,Male,50,0
MSME101890,1016000.0,36,14.87,2478000.0,1.12,775,Retail Trade,1773000.0,0,3.4,Bridge a seasonal cash crunch ahead of festival demand,Maharashtra,Male,35,0
MSME101891,491000.0,36,17.3,2357000.0,0.69,649,Agriculture,644000.0,1,5.9,Refinance existing high-interest debt and consolidate dues,Karnataka,Female,1,1
MSME101892,974000.0,12,13.68,1467000.0,1.47,607,Retail Trade,1318000.0,2,7.9,Open a second retail outlet in the district,Tamil Nadu,Male,32,1
MSME101893,1254000.0,48,14.98,5633000.0,1.22,683,Manufacturing,1361000.0,1,6.9,Refinance existing high-interest debt and consolidate dues,West Bengal,Male,24,1
MSME101894,503000.0,36,14.1,1535000.0,1.58,599,Manufacturing,376000.0,0,10.3,Open a second retail outlet in the district,Uttar Pradesh,Female,2,1
MSME101895,495000.0,36,10.51,980000.0,0.68,665,IT Services,434000.0,0,7.5,Emergency funds after delayed receivables from buyers,Punjab,Male,50,0
MSME101896,173000.0,48,14.08,504000.0,1.27,612,Retail Trade,100000.0,1,2.6,Purchase of new machinery to expand production capacity,Tamil Nadu,Male,7,1
MSME101897,683000.0,36,11.91,3662000.0,0.63,788,Retail Trade,1070000.0,1,5.3,Emergency funds after delayed receivables from buyers,Punjab,Male,35,1
MSME101898,292000.0,48,14.8,944000.0,1.06,732,Manufacturing,409000.0,1,1.4,Purchase of new machinery to expand production capacity,Kerala,Male,13,0
MSME101899,192000.0,36,8.39,1044000.0,0.9,690,Construction,267000.0,1,3.1,Bridge a seasonal cash crunch ahead of festival demand,Uttar Pradesh,Male,59,1
MSME101900,324000.0,24,13.95,1273000.0,0.47,769,Manufacturing,392000.0,0,6.4,Working capital for raw material procurement,Punjab,Male,49,0
MSME101901,324000.0,24,21.08,1605000.0,0.79,708,Manufacturing,550000.0,0,8.0,Refinance existing high-interest debt and consolidate dues,Punjab,Male,29,0
MSME101902,397000.0,60,8.0,1203000.0,0.97,751,Manufacturing,133000.0,0,5.6,Refinance existing high-interest debt and consolidate dues,Uttar Pradesh,Female,10,0
MSME101903,128000.0,48,15.36,458000.0,1.92,813,IT Services,30000.0,2,8.1,Emergency funds after delayed receivables from buyers,Punjab,Male,56,0
MSME101904,1359000.0,24,12.9,2411000.0,0.3,801,IT Services,677000.0,0,4.9,Open a second retail outlet in the district,Gujarat,Male,25,1
MSME101905,653000.0,48,15.2,1039000.0,3.05,601,Manufacturing,207000.0,0,1.6,Purchase of new machinery to expand production capacity,Punjab,Male,4,0
MSME101906,2063000.0,12,12.22,4012000.0,1.34,736,IT Services,1470000.0,1,4.7,Bridge a seasonal cash crunch ahead of festival demand,Gujarat,Female,24,0
MSME101907,262000.0,36,11.33,783000.0,0.58,621,Construction,245000.0,0,2.3,Working capital for raw material procurement,Gujarat,Male,30,0
MSME101908,273000.0,60,11.9,862000.0,0.62,810,Retail Trade,133000.0,2,2.7,Working capital for raw material procurement,Karnataka,Male,42,0
MSME101909,2268000.0,36,13.38,10466000.0,0.52,615,Retail Trade,1579000.0,0,6.7,Purchase of new machinery to expand production capacity,West Bengal,Male,16,0
MSME101910,385000.0,36,13.79,692000.0,1.85,665,Food Processing,295000.0,0,7.6,Emergency funds after delayed receivables from buyers,Kerala,Male,44,0
MSME101911,827000.0,48,12.65,4363000.0,1.73,751,Construction,1326000.0,0,1.2,Working capital for raw material procurement,Maharashtra,Male,43,0
MSME101912,624000.0,36,14.13,2461000.0,1.97,736,Logistics,1092000.0,1,2.2,Working capital for raw material procurement,West Bengal,Male,20,0
MSME101913,144000.0,60,15.6,608000.0,1.4,665,Manufacturing,210000.0,0,7.9,Expand textile weaving unit with additional looms,Maharashtra,Female,35,0
MSME101914,1061000.0,36,16.77,4007000.0,0.82,797,Retail Trade,276000.0,0,4.8,Upgrade delivery fleet and cold-storage units,Kerala,Female,1,0
MSME101915,405000.0,12,13.77,2213000.0,2.02,615,Logistics,577000.0,0,3.5,Refinance existing high-interest debt and consolidate dues,Gujarat,Female,44,0
MSME101916,418000.0,60,11.27,806000.0,1.08,519,Food Processing,268000.0,1,7.1,Open a second retail outlet in the district,Gujarat,Male,58,1
MSME101917,2012000.0,36,12.14,10583000.0,1.55,699,IT Services,616000.0,1,4.2,Upgrade delivery fleet and cold-storage units,Punjab,Female,54,0
MSME101918,371000.0,84,14.73,883000.0,3.36,754,Manufacturing,442000.0,0,4.1,Refinance existing high-interest debt and consolidate dues,Uttar Pradesh,Female,34,0
MSME101919,538000.0,12,10.51,2774000.0,0.81,699,Textiles,375000.0,0,8.4,Open a second retail outlet in the district,West Bengal,Male,21,0
MSME101920,793000.0,24,17.48,2015000.0,1.61,791,Retail Trade,251000.0,1,5.1,Purchase of new machinery to expand production capacity,Maharashtra,Male,39,0
MSME101921,226000.0,84,13.86,983000.0,0.38,740,Retail Trade,190000.0,0,4.8,Refinance existing high-interest debt and consolidate dues,Karnataka,Male,2,1
MSME101922,574000.0,36,16.9,1553000.0,3.09,840,Construction,931000.0,0,1.4,Expand textile weaving unit with additional looms,Kerala,Female,43,0
MSME101923,259000.0,12,13.63,559000.0,0.92,633,Retail Trade,406000.0,1,5.9,Purchase of new machinery to expand production capacity,Karnataka,Male,31,0
MSME101924,2603000.0,24,12.6,4084000.0,1.92,711,Retail Trade,1758000.0,0,2.5,Bridge a seasonal cash crunch ahead of festival demand,Karnataka,Male,24,0
MSME101925,208000.0,36,11.77,946000.0,1.14,707,Logistics,316000.0,0,9.2,Bridge a seasonal cash crunch ahead of festival demand,Tamil Nadu,Female,41,0
MSME101926,359000.0,48,12.78,1982000.0,1.07,583,Retail Trade,94000.0,0,7.1,Emergency funds after delayed receivables from buyers,Punjab,Female,35,1
MSME101927,216000.0,24,13.17,352000.0,1.02,784,Logistics,309000.0,1,9.0,Emergency funds after delayed receivables from buyers,Tamil Nadu,Male,30,0
MSME101928,1114000.0,12,10.8,6016000.0,0.91,554,Manufacturing,1455000.0,0,11.6,Refinance existing high-interest debt and consolidate dues,West Bengal,Female,51,1
MSME101929,1593000.0,24,18.6,5115000.0,0.42,724,Retail Trade,948000.0,1,5.1,Expand textile weaving unit with additional looms,Tamil Nadu,Female,44,1
MSME101930,541000.0,48,14.18,1337000.0,1.26,712,Retail Trade,504000.0,1,1.8,Working capital for raw material procurement,Karnataka,Male,21,0
MSME101931,414000.0,84,10.09,1951000.0,0.92,780,Retail Trade,701000.0,0,1.8,Open a second retail outlet in the district,Maharashtra,Female,33,1
MSME101932,447000.0,48,13.3,831000.0,2.43,727,Retail Trade,727000.0,1,5.7,Expand textile weaving unit with additional looms,Uttar Pradesh,Male,42,0
MSME101933,392000.0,60,8.67,657000.0,2.02,670,Manufacturing,483000.0,1,5.9,Emergency funds after delayed receivables from buyers,Maharashtra,Female,39,0
MSME101934,3359000.0,36,14.88,16121000.0,1.29,709,Retail Trade,731000.0,1,3.9,Refinance existing high-interest debt and consolidate dues,Maharashtra,Female,25,0
MSME101935,406000.0,24,10.83,740000.0,1.07,697,Textiles,501000.0,0,1.2,Open a second retail outlet in the district,Punjab,Male,1,0
MSME101936,537000.0,36,12.09,3080000.0,0.67,744,Manufacturing,910000.0,0,1.6,Expand textile weaving unit with additional looms,Maharashtra,Male,36,0
MSME101937,841000.0,36,16.5,4779000.0,1.13,747,Construction,570000.0,1,1.6,Bridge a seasonal cash crunch ahead of festival demand,Kerala,Male,5,1
MSME101938,223000.0,36,14.1,1183000.0,2.03,601,Retail Trade,52000.0,0,6.1,Emergency funds after delayed receivables from buyers,Kerala,Female,45,0
MSME101939,383000.0,60,14.28,2293000.0,1.15,684,Textiles,186000.0,0,6.1,Expand textile weaving unit with additional looms,Karnataka,Female,57,0
MSME101940,232000.0,60,13.24,1094000.0,2.98,686,IT Services,184000.0,1,5.6,Working capital for raw material procurement,Maharashtra,Female,33,0
MSME101941,686000.0,12,14.23,1638000.0,0.3,740,Manufacturing,988000.0,1,6.1,Open a second retail outlet in the district,Gujarat,Female,10,1
MSME101942,485000.0,36,16.31,2672000.0,1.17,739,Agriculture,167000.0,1,2.1,Upgrade delivery fleet and cold-storage units,Kerala,Female,12,1
MSME101943,581000.0,24,16.97,2294000.0,3.5,702,Food Processing,163000.0,0,1.1,Upgrade delivery fleet and cold-storage units,Punjab,Male,43,0
MSME101944,375000.0,60,17.06,1891000.0,1.23,630,Agriculture,511000.0,0,3.0,Working capital for raw material procurement,Maharashtra,Male,49,0
MSME101945,495000.0,36,12.56,2205000.0,1.02,595,Agriculture,631000.0,1,8.2,Open a second retail outlet in the district,West Bengal,Male,11,1
MSME101946,281000.0,60,9.79,926000.0,1.43,793,Food Processing,229000.0,2,13.2,Open a second retail outlet in the district,West Bengal,Male,40,0
MSME101947,639000.0,24,9.82,3543000.0,0.9,635,IT Services,619000.0,0,7.0,Open a second retail outlet in the district,Punjab,Male,24,0
MSME101948,1097000.0,36,14.53,4874000.0,0.56,685,Retail Trade,1332000.0,1,6.1,Upgrade delivery fleet and cold-storage units,Gujarat,Male,18,0
MSME101949,336000.0,24,15.54,982000.0,1.5,707,Retail Trade,222000.0,0,1.9,Expand textile weaving unit with additional looms,Karnataka,Male,50,0
MSME101950,1072000.0,48,10.14,3914000.0,0.35,663,Retail Trade,1553000.0,2,2.9,Emergency funds after delayed receivables from buyers,Maharashtra,Male,54,1
MSME101951,144000.0,84,10.35,754000.0,2.07,754,Retail Trade,253000.0,1,0.7,Bridge a seasonal cash crunch ahead of festival demand,West Bengal,Female,26,0
MSME101952,448000.0,24,15.21,2252000.0,0.81,667,Retail Trade,316000.0,0,5.4,Purchase of new machinery to expand production capacity,Punjab,Male,54,1
MSME101953,289000.0,24,14.35,663000.0,1.67,671,Retail Trade,118000.0,1,3.3,Emergency funds after delayed receivables from buyers,Maharashtra,Female,31,0
MSME101954,891000.0,36,12.95,5190000.0,0.76,644,IT Services,1115000.0,1,4.3,Refinance existing high-interest debt and consolidate dues,Karnataka,Male,12,0
MSME101955,378000.0,48,11.47,1079000.0,1.33,831,Retail Trade,526000.0,1,11.2,Expand textile weaving unit with additional looms,West Bengal,Male,43,0
MSME101956,675000.0,84,18.37,3701000.0,1.11,646,IT Services,1178000.0,1,3.6,Open a second retail outlet in the district,Tamil Nadu,Male,18,0
MSME101957,1780000.0,60,17.76,6807000.0,1.53,639,Logistics,2060000.0,2,2.9,Bridge a seasonal cash crunch ahead of festival demand,Maharashtra,Male,47,0
MSME101958,522000.0,36,9.25,2095000.0,1.12,699,Construction,508000.0,0,3.9,Upgrade delivery fleet and cold-storage units,West Bengal,Male,50,0
MSME101959,253000.0,48,13.42,1169000.0,1.21,772,Construction,270000.0,0,3.9,Refinance existing high-interest debt and consolidate dues,Maharashtra,Female,8,0
MSME101960,345000.0,60,12.94,1397000.0,0.56,721,Logistics,132000.0,0,5.9,Purchase of new machinery to expand production capacity,Tamil Nadu,Male,13,0
MSME101961,464000.0,36,14.64,2487000.0,1.67,693,Textiles,558000.0,0,2.0,Bridge a seasonal cash crunch ahead of festival demand,Punjab,Male,37,0
MSME101962,329000.0,84,11.2,1106000.0,0.36,626,Manufacturing,264000.0,1,4.2,Expand textile weaving unit with additional looms,Gujarat,Male,14,0
MSME101963,843000.0,24,11.09,2400000.0,1.46,689,Logistics,917000.0,2,4.9,Emergency funds after delayed receivables from buyers,Uttar Pradesh,Female,59,1
MSME101964,1042000.0,36,12.31,3336000.0,0.91,736,Retail Trade,569000.0,2,3.9,Purchase of new machinery to expand production capacity,Uttar Pradesh,Male,24,0
MSME101965,423000.0,24,13.31,812000.0,1.0,637,Agriculture,305000.0,0,4.8,Bridge a seasonal cash crunch ahead of festival demand,Karnataka,Male,11,0
MSME101966,1201000.0,36,10.99,5484000.0,1.15,689,Manufacturing,292000.0,0,5.4,Purchase of new machinery to expand production capacity,Gujarat,Male,7,1
MSME101967,515000.0,24,13.07,2459000.0,0.88,686,Construction,829000.0,0,6.1,Expand textile weaving unit with additional looms,Karnataka,Male,53,0
MSME101968,267000.0,36,18.38,575000.0,1.72,723,Food Processing,434000.0,1,4.9,Emergency funds after delayed receivables from buyers,Karnataka,Female,31,0
MSME101969,502000.0,24,14.37,1760000.0,1.14,628,Textiles,116000.0,0,4.7,Bridge a seasonal cash crunch ahead of festival demand,Tamil Nadu,Female,47,1
MSME101970,436000.0,24,13.59,854000.0,0.73,683,IT Services,281000.0,0,9.8,Bridge a seasonal cash crunch ahead of festival demand,Tamil Nadu,Male,59,0
MSME101971,852000.0,24,19.34,2515000.0,1.16,773,Manufacturing,366000.0,1,4.3,Bridge a seasonal cash crunch ahead of festival demand,West Bengal,Male,58,1
MSME101972,678000.0,24,15.2,1941000.0,0.97,730,Retail Trade,422000.0,0,6.2,Emergency funds after delayed receivables from buyers,Tamil Nadu,Female,59,1
MSME101973,579000.0,36,13.76,3463000.0,1.58,695,Manufacturing,794000.0,0,0.3,Bridge a seasonal cash crunch ahead of festival demand,West Bengal,Female,46,0
MSME101974,645000.0,48,13.98,2097000.0,0.75,604,Retail Trade,740000.0,1,0.9,Emergency funds after delayed receivables from buyers,Tamil Nadu,Male,31,1
MSME101975,2042000.0,24,14.86,11361000.0,3.06,800,Retail Trade,2784000.0,0,5.3,Emergency funds after delayed receivables from buyers,Tamil Nadu,Female,25,0
MSME101976,1837000.0,12,18.48,4747000.0,0.75,724,Construction,741000.0,0,6.9,Upgrade delivery fleet and cold-storage units,West Bengal,Female,37,1
MSME101977,863000.0,60,14.21,2225000.0,2.5,664,IT Services,912000.0,0,3.3,Working capital for raw material procurement,Karnataka,Male,11,0
MSME101978,304000.0,36,10.31,791000.0,1.34,761,Retail Trade,402000.0,1,5.1,Upgrade delivery fleet and cold-storage units,Kerala,Female,9,0
MSME101979,516000.0,12,11.11,1572000.0,3.5,514,Manufacturing,353000.0,0,9.5,Upgrade delivery fleet and cold-storage units,Kerala,Female,55,0
MSME101980,574000.0,48,11.5,2964000.0,1.17,650,IT Services,218000.0,1,2.6,Open a second retail outlet in the district,Kerala,Female,49,1
MSME101981,879000.0,36,12.12,3034000.0,0.7,694,IT Services,1571000.0,0,9.6,Expand textile weaving unit with additional looms,Karnataka,Male,26,0
MSME101982,390000.0,60,13.23,1134000.0,0.8,675,Textiles,479000.0,0,6.8,Expand textile weaving unit with additional looms,Kerala,Female,55,0
MSME101983,416000.0,60,17.89,1457000.0,1.62,664,Retail Trade,372000.0,0,1.8,Open a second retail outlet in the district,Punjab,Female,59,0
MSME101984,481000.0,48,11.98,1521000.0,0.79,594,Construction,650000.0,0,2.2,Upgrade delivery fleet and cold-storage units,Kerala,Female,20,1
MSME101985,186000.0,48,12.48,788000.0,1.76,716,Manufacturing,263000.0,0,7.6,Bridge a seasonal cash crunch ahead of festival demand,Karnataka,Female,19,0
MSME101986,531000.0,12,16.69,2629000.0,1.5,709,Logistics,224000.0,0,8.8,Bridge a seasonal cash crunch ahead of festival demand,West Bengal,Male,50,1
MSME101987,1012000.0,48,11.89,1962000.0,1.78,719,Retail Trade,909000.0,1,7.2,Emergency funds after delayed receivables from buyers,Tamil Nadu,Female,41,1
MSME101988,1061000.0,48,11.31,3396000.0,1.25,657,Logistics,337000.0,1,6.0,Expand textile weaving unit with additional looms,Maharashtra,Female,19,1
MSME101989,512000.0,36,17.97,2742000.0,1.47,610,Logistics,186000.0,0,2.9,Open a second retail outlet in the district,Maharashtra,Female,26,0
MSME101990,416000.0,36,18.53,1525000.0,1.6,661,Retail Trade,739000.0,0,17.2,Open a second retail outlet in the district,Kerala,Male,42,0
MSME101991,1003000.0,36,8.57,2137000.0,3.31,777,Manufacturing,979000.0,0,6.8,Working capital for raw material procurement,Gujarat,Male,9,0
MSME101992,446000.0,12,15.64,2671000.0,1.9,651,Construction,237000.0,0,1.9,Upgrade delivery fleet and cold-storage units,Uttar Pradesh,Female,17,1
MSME101993,227000.0,60,14.49,1208000.0,2.03,750,Retail Trade,314000.0,0,7.1,Open a second retail outlet in the district,Karnataka,Female,30,0
MSME101994,244000.0,84,11.41,947000.0,2.85,760,Food Processing,280000.0,1,4.1,Expand textile weaving unit with additional looms,West Bengal,Male,28,0
MSME101995,417000.0,24,15.06,1719000.0,2.16,816,Construction,738000.0,1,13.0,Emergency funds after delayed receivables from buyers,Tamil Nadu,Female,39,0
MSME101996,619000.0,36,9.97,3397000.0,1.99,711,Retail Trade,538000.0,2,2.9,Upgrade delivery fleet and cold-storage units,Kerala,Female,56,0
MSME101997,478000.0,36,12.56,2813000.0,1.27,646,Retail Trade,194000.0,1,4.8,Open a second retail outlet in the district,West Bengal,Female,18,1
MSME101998,194000.0,36,16.9,1153000.0,0.55,696,IT Services,218000.0,1,1.9,Working capital for raw material procurement,Karnataka,Male,36,0
MSME101999,365000.0,48,8.0,1565000.0,0.46,760,Construction,453000.0,1,5.5,Refinance existing high-interest debt and consolidate dues,Tamil Nadu,Male,15,1
MSME102000,516000.0,48,13.8,3086000.0,0.64,705,Manufacturing,489000.0,1,0.5,Upgrade delivery fleet and cold-storage units,Uttar Pradesh,Male,15,0
MSME102001,957000.0,84,13.96,2259000.0,1.53,613,Logistics,412000.0,0,7.5,Working capital for raw material procurement,Gujarat,Female,38,0
MSME102002,349000.0,24,11.85,1660000.0,2.04,781,Construction,383000.0,1,7.5,Emergency funds after delayed receivables from buyers,Maharashtra,Male,50,0
MSME102003,481000.0,48,20.09,1167000.0,1.74,713,IT Services,800000.0,0,6.5,Purchase of new machinery to expand production capacity,West Bengal,Male,44,0
MSME102004,1744000.0,48,16.48,5750000.0,1.91,737,Retail Trade,3107000.0,0,1.3,Refinance existing high-interest debt and consolidate dues,West Bengal,Male,36,0
MSME102005,788000.0,24,13.43,4354000.0,1.37,698,Textiles,371000.0,1,3.2,Refinance existing high-interest debt and consolidate dues,Karnataka,Female,41,1
MSME102006,494000.0,84,11.87,1766000.0,0.89,727,Food Processing,552000.0,2,7.1,Upgrade delivery fleet and cold-storage units,Kerala,Female,24,0
MSME102007,489000.0,48,16.09,1942000.0,1.29,762,Logistics,424000.0,2,6.3,Bridge a seasonal cash crunch ahead of festival demand,Kerala,Male,53,0
MSME102008,112000.0,48,12.38,424000.0,1.79,635,Construction,96000.0,0,6.4,Open a second retail outlet in the district,Tamil Nadu,Male,40,0
MSME102009,758000.0,36,11.0,2879000.0,1.61,657,Logistics,1267000.0,0,2.2,Expand textile weaving unit with additional looms,Maharashtra,Male,50,0
MSME102010,420000.0,36,13.91,1540000.0,0.99,875,Construction,525000.0,1,3.7,Refinance existing high-interest debt and consolidate dues,Karnataka,Female,1,0
MSME102011,794000.0,36,15.79,3350000.0,1.37,648,IT Services,852000.0,1,6.2,Emergency funds after delayed receivables from buyers,Maharashtra,Male,51,0
MSME102012,1078000.0,84,14.62,6043000.0,0.6,593,Agriculture,1168000.0,2,5.8,Bridge a seasonal cash crunch ahead of festival demand,Karnataka,Male,41,1
MSME102013,521000.0,84,14.46,1415000.0,0.74,673,Food Processing,549000.0,0,4.5,Refinance existing high-interest debt and consolidate dues,Karnataka,Female,31,0
MSME102014,312000.0,48,13.94,737000.0,0.88,742,Retail Trade,470000.0,2,0.9,Expand textile weaving unit with additional looms,Kerala,Female,56,0
MSME102015,189000.0,12,12.29,606000.0,1.75,670,Retail Trade,283000.0,0,4.5,Expand textile weaving unit with additional looms,Gujarat,Female,40,0
MSME102016,605000.0,24,12.38,964000.0,0.7,717,Retail Trade,1037000.0,1,1.7,Purchase of new machinery to expand production capacity,Gujarat,Female,2,0
MSME102017,651000.0,60,15.68,1495000.0,0.93,693,Textiles,341000.0,1,4.0,Refinance existing high-interest debt and consolidate dues,Uttar Pradesh,Male,56,1
MSME102018,1288000.0,60,12.75,6434000.0,1.44,779,Agriculture,1133000.0,1,8.6,Working capital for raw material procurement,Kerala,Male,5,0
MSME102019,717000.0,24,13.99,2500000.0,0.45,728,IT Services,476000.0,1,11.7,Working capital for raw material procurement,Uttar Pradesh,Female,9,0
MSME102020,1066000.0,48,13.9,1950000.0,2.02,741,Agriculture,1111000.0,0,2.3,Upgrade delivery fleet and cold-storage units,Tamil Nadu,Male,26,0
MSME102021,817000.0,60,14.12,1421000.0,1.94,600,Construction,183000.0,0,0.8,Refinance existing high-interest debt and consolidate dues,Gujarat,Male,13,1
MSME102022,151000.0,36,12.08,796000.0,1.42,685,Textiles,122000.0,2,3.7,Refinance existing high-interest debt and consolidate dues,Gujarat,Female,57,1
MSME102023,1109000.0,84,13.14,2679000.0,0.57,625,Retail Trade,1534000.0,1,2.8,Refinance existing high-interest debt and consolidate dues,Kerala,Female,42,1
MSME102024,646000.0,48,11.25,1253000.0,0.6,760,Retail Trade,639000.0,0,3.7,Refinance existing high-interest debt and consolidate dues,Gujarat,Female,49,1
MSME102025,2455000.0,24,10.04,5487000.0,1.14,595,Manufacturing,3331000.0,1,13.9,Refinance existing high-interest debt and consolidate dues,Gujarat,Male,56,0
MSME102026,235000.0,12,14.55,1071000.0,1.07,674,Logistics,408000.0,1,7.4,Open a second retail outlet in the district,Uttar Pradesh,Male,52,0
MSME102027,574000.0,24,14.32,1893000.0,1.58,810,Manufacturing,196000.0,0,5.8,Emergency funds after delayed receivables from buyers,Maharashtra,Female,43,0
MSME102028,888000.0,36,11.43,4167000.0,0.41,679,Manufacturing,320000.0,0,4.6,Emergency funds after delayed receivables from buyers,Tamil Nadu,Male,30,0
MSME102029,284000.0,36,14.14,793000.0,0.41,562,Manufacturing,134000.0,0,6.0,Refinance existing high-interest debt and consolidate dues,Uttar Pradesh,Male,15,1
MSME102030,749000.0,48,15.59,1785000.0,0.58,742,Manufacturing,1345000.0,1,1.1,Purchase of new machinery to expand production capacity,Tamil Nadu,Female,8,0
MSME102031,104000.0,60,11.31,341000.0,1.14,640,Retail Trade,94000.0,0,5.4,Emergency funds after delayed receivables from buyers,Tamil Nadu,Female,38,1
MSME102032,2155000.0,24,12.03,6812000.0,2.61,657,Manufacturing,2762000.0,0,1.8,Bridge a seasonal cash crunch ahead of festival demand,Kerala,Male,34,0
MSME102033,1069000.0,24,14.66,1768000.0,0.66,560,Retail Trade,1187000.0,0,1.2,Refinance existing high-interest debt and consolidate dues,Kerala,Male,10,1
MSME102034,532000.0,12,17.05,1831000.0,1.78,637,Manufacturing,533000.0,0,1.4,Bridge a seasonal cash crunch ahead of festival demand,Kerala,Male,19,0
MSME102035,524000.0,36,14.44,2675000.0,1.77,655,IT Services,279000.0,1,14.2,Expand textile weaving unit with additional looms,Karnataka,Female,23,0
MSME102036,230000.0,36,14.6,461000.0,0.84,613,Construction,331000.0,2,2.6,Expand textile weaving unit with additional looms,West Bengal,Female,30,1
MSME102037,206000.0,48,9.47,615000.0,2.14,779,Construction,220000.0,2,5.0,Expand textile weaving unit with additional looms,Tamil Nadu,Male,49,0
MSME102038,1657000.0,60,14.35,4948000.0,1.44,573,Retail Trade,1661000.0,0,14.4,Expand textile weaving unit with additional looms,Punjab,Male,27,1
MSME102039,505000.0,36,16.71,1758000.0,1.21,761,Agriculture,825000.0,0,9.4,Emergency funds after delayed receivables from buyers,Uttar Pradesh,Male,14,0
MSME102040,716000.0,48,16.15,1750000.0,0.36,669,Textiles,180000.0,0,7.1,Expand textile weaving unit with additional looms,Punjab,Male,28,0
MSME102041,268000.0,12,14.73,540000.0,1.04,682,Manufacturing,317000.0,0,10.2,Expand textile weaving unit with additional looms,Maharashtra,Female,51,0
MSME102042,688000.0,36,16.94,1764000.0,2.31,769,Textiles,423000.0,1,1.7,Working capital for raw material procurement,Maharashtra,Female,28,0
MSME102043,901000.0,36,10.22,2733000.0,1.5,636,Construction,1591000.0,2,8.6,Upgrade delivery fleet and cold-storage units,Maharashtra,Female,17,0
MSME102044,101000.0,12,14.58,275000.0,1.33,744,Food Processing,178000.0,0,5.7,Expand textile weaving unit with additional looms,Uttar Pradesh,Female,27,0
MSME102045,102000.0,36,11.92,427000.0,0.81,644,IT Services,99000.0,0,5.4,Purchase of new machinery to expand production capacity,Uttar Pradesh,Male,16,0
MSME102046,685000.0,60,15.94,1964000.0,1.93,713,Retail Trade,198000.0,2,3.2,Purchase of new machinery to expand production capacity,Kerala,Male,33,1
MSME102047,77000.0,24,13.51,131000.0,2.09,858,Manufacturing,26000.0,0,15.1,Refinance existing high-interest debt and consolidate dues,Punjab,Male,55,0
MSME102048,1063000.0,24,13.09,3554000.0,1.33,714,Logistics,1587000.0,0,1.8,Upgrade delivery fleet and cold-storage units,Gujarat,Male,41,0
MSME102049,458000.0,60,16.48,2457000.0,0.74,685,Retail Trade,167000.0,0,4.7,Upgrade delivery fleet and cold-storage units,Maharashtra,Male,32,0
MSME102050,817000.0,36,13.08,3145000.0,0.89,716,Textiles,354000.0,0,5.1,Open a second retail outlet in the district,Punjab,Male,1,1
MSME102051,776000.0,24,10.35,4305000.0,1.37,691,Retail Trade,1318000.0,1,4.1,Upgrade delivery fleet and cold-storage units,Maharashtra,Male,24,0
MSME102052,368000.0,60,16.28,1089000.0,0.84,645,Textiles,141000.0,1,3.7,Expand textile weaving unit with additional looms,West Bengal,Female,53,1
MSME102053,317000.0,36,18.16,1043000.0,1.17,611,Retail Trade,313000.0,0,3.6,Bridge a seasonal cash crunch ahead of festival demand,Tamil Nadu,Male,42,0
MSME102054,793000.0,36,16.76,2405000.0,1.14,639,Textiles,1094000.0,1,3.4,Refinance existing high-interest debt and consolidate dues,Karnataka,Male,15,1
MSME102055,261000.0,36,13.89,1097000.0,2.42,587,IT Services,276000.0,0,3.3,Upgrade delivery fleet and cold-storage units,Uttar Pradesh,Male,39,0
MSME102056,2823000.0,24,16.02,7077000.0,1.36,731,Manufacturing,4952000.0,1,1.4,Expand textile weaving unit with additional looms,Tamil Nadu,Male,40,0
MSME102057,331000.0,36,11.68,1921000.0,0.5,665,Textiles,300000.0,0,2.1,Emergency funds after delayed receivables from buyers,Maharashtra,Male,37,1
MSME102058,395000.0,60,9.62,912000.0,1.41,725,Construction,143000.0,1,14.9,Refinance existing high-interest debt and consolidate dues,Tamil Nadu,Male,24,0
MSME102059,385000.0,48,13.91,1862000.0,1.0,746,Logistics,431000.0,0,3.4,Upgrade delivery fleet and cold-storage units,Punjab,Male,39,0
MSME102060,246000.0,60,14.33,891000.0,1.4,605,Manufacturing,396000.0,0,5.5,Refinance existing high-interest debt and consolidate dues,West Bengal,Female,58,0
MSME102061,1111000.0,36,13.04,3493000.0,2.16,828,Food Processing,452000.0,1,19.8,Open a second retail outlet in the district,Maharashtra,Male,5,0
MSME102062,287000.0,24,12.54,1399000.0,0.4,674,Logistics,414000.0,1,1.3,Working capital for raw material procurement,Tamil Nadu,Male,57,1
MSME102063,377000.0,60,12.08,1733000.0,0.72,787,IT Services,616000.0,0,13.4,Purchase of new machinery to expand production capacity,Maharashtra,Male,27,0
MSME102064,558000.0,24,12.71,1147000.0,1.26,574,Agriculture,650000.0,0,3.5,Purchase of new machinery to expand production capacity,Gujarat,Female,17,1
MSME102065,795000.0,84,13.69,4049000.0,3.38,734,Construction,868000.0,1,6.0,Open a second retail outlet in the district,Uttar Pradesh,Female,44,0
MSME102066,609000.0,12,9.06,2708000.0,1.3,723,Logistics,837000.0,1,2.4,Bridge a seasonal cash crunch ahead of festival demand,Karnataka,Female,28,0
MSME102067,359000.0,60,13.86,1637000.0,0.44,795,Retail Trade,116000.0,1,2.6,Expand textile weaving unit with additional looms,Uttar Pradesh,Male,52,0
MSME102068,2518000.0,36,14.15,8869000.0,3.5,645,Textiles,3132000.0,1,9.4,Open a second retail outlet in the district,Gujarat,Male,7,0
MSME102069,1129000.0,12,16.1,2960000.0,1.02,841,Retail Trade,791000.0,0,3.6,Working capital for raw material procurement,Karnataka,Male,33,0
MSME102070,981000.0,36,15.5,2929000.0,2.23,653,Manufacturing,1137000.0,2,2.4,Upgrade delivery fleet and cold-storage units,Punjab,Female,52,0
MSME102071,298000.0,36,12.03,837000.0,1.49,595,Agriculture,173000.0,1,5.6,Emergency funds after delayed receivables from buyers,Kerala,Male,9,1
MSME102072,926000.0,84,17.64,4527000.0,1.85,649,Food Processing,382000.0,2,4.3,Open a second retail outlet in the district,Uttar Pradesh,Male,56,1
MSME102073,262000.0,48,8.0,975000.0,0.32,551,IT Services,306000.0,0,5.5,Refinance existing high-interest debt and consolidate dues,Kerala,Male,3,0
MSME102074,1655000.0,24,15.43,3118000.0,1.98,682,Retail Trade,1095000.0,1,3.3,Purchase of new machinery to expand production capacity,Uttar Pradesh,Male,36,0
MSME102075,1850000.0,36,14.61,8701000.0,0.3,653,Agriculture,2338000.0,0,0.3,Purchase of new machinery to expand production capacity,Tamil Nadu,Female,37,1
MSME102076,1227000.0,12,12.38,2654000.0,1.87,801,Construction,354000.0,2,4.0,Emergency funds after delayed receivables from buyers,Kerala,Male,10,0
MSME102077,450000.0,36,9.44,2456000.0,0.48,752,IT Services,675000.0,0,2.3,Purchase of new machinery to expand production capacity,West Bengal,Male,53,0
MSME102078,1594000.0,48,12.79,3916000.0,2.85,652,Food Processing,2735000.0,1,3.2,Open a second retail outlet in the district,Tamil Nadu,Male,15,0
MSME102079,334000.0,24,14.51,1370000.0,1.29,565,Logistics,447000.0,0,2.9,Open a second retail outlet in the district,Uttar Pradesh,Male,25,0
MSME102080,657000.0,24,11.11,2245000.0,1.68,575,Logistics,992000.0,1,0.6,Refinance existing high-interest debt and consolidate dues,Uttar Pradesh,Female,27,1
MSME102081,1583000.0,36,14.79,5491000.0,1.15,757,Food Processing,2435000.0,0,4.1,Working capital for raw material procurement,Maharashtra,Female,37,0
MSME102082,675000.0,48,8.22,3331000.0,1.72,764,Logistics,1015000.0,0,3.9,Working capital for raw material procurement,Maharashtra,Male,27,0
MSME102083,1440000.0,12,13.32,5031000.0,1.08,807,Manufacturing,614000.0,0,18.3,Open a second retail outlet in the district,West Bengal,Female,22,0
MSME102084,1212000.0,60,13.07,5233000.0,0.87,701,Manufacturing,1998000.0,2,1.0,Open a second retail outlet in the district,Karnataka,Female,23,0
MSME102085,1108000.0,48,14.99,2849000.0,1.65,761,Retail Trade,1484000.0,0,1.6,Bridge a seasonal cash crunch ahead of festival demand,Uttar Pradesh,Male,15,0
MSME102086,936000.0,24,14.45,5347000.0,0.88,708,Retail Trade,1616000.0,0,6.5,Expand textile weaving unit with additional looms,Maharashtra,Female,46,0
MSME102087,1127000.0,36,12.63,2915000.0,0.76,749,Manufacturing,364000.0,3,5.3,Expand textile weaving unit with additional looms,West Bengal,Male,48,1
MSME102088,542000.0,36,13.31,2534000.0,0.34,706,Food Processing,714000.0,0,7.1,Open a second retail outlet in the district,Tamil Nadu,Female,47,0
MSME102089,168000.0,24,12.33,693000.0,1.06,682,Food Processing,299000.0,0,4.9,Bridge a seasonal cash crunch ahead of festival demand,Uttar Pradesh,Female,3,1
MSME102090,288000.0,60,15.18,543000.0,1.21,691,Manufacturing,260000.0,0,6.4,Purchase of new machinery to expand production capacity,Kerala,Male,15,0
MSME102091,1624000.0,48,8.94,4145000.0,1.13,644,Retail Trade,1558000.0,1,1.7,Bridge a seasonal cash crunch ahead of festival demand,Maharashtra,Female,51,1
MSME102092,822000.0,48,14.55,3915000.0,0.67,559,Retail Trade,336000.0,0,9.2,Open a second retail outlet in the district,Kerala,Male,23,1
MSME102093,342000.0,12,10.24,982000.0,1.86,591,Logistics,358000.0,0,1.9,Open a second retail outlet in the district,Maharashtra,Male,5,0
MSME102094,295000.0,84,17.04,1701000.0,2.06,702,Retail Trade,135000.0,0,15.0,Expand textile weaving unit with additional looms,Gujarat,Male,13,0
MSME102095,562000.0,36,14.12,1312000.0,0.92,621,IT Services,815000.0,0,2.8,Upgrade delivery fleet and cold-storage units,Kerala,Female,25,0
MSME102096,523000.0,12,18.86,1916000.0,1.7,681,Retail Trade,677000.0,0,1.7,Bridge a seasonal cash crunch ahead of festival demand,Kerala,Male,46,0
MSME102097,480000.0,36,13.3,2824000.0,1.1,725,Construction,492000.0,0,6.6,Open a second retail outlet in the district,Karnataka,Male,16,0
MSME102098,273000.0,36,14.45,1093000.0,0.56,589,Retail Trade,331000.0,0,12.9,Emergency funds after delayed receivables from buyers,Uttar Pradesh,Male,46,0
MSME102099,303000.0,12,11.16,664000.0,1.63,688,IT Services,171000.0,0,5.6,Open a second retail outlet in the district,Gujarat,Male,4,0
MSME102100,762000.0,24,10.23,3040000.0,1.84,661,IT Services,534000.0,0,6.4,Refinance existing high-interest debt and consolidate dues,Punjab,Female,30,0
MSME102101,353000.0,36,12.48,1780000.0,1.23,724,Retail Trade,231000.0,0,1.8,Upgrade delivery fleet and cold-storage units,Maharashtra,Male,15,0
MSME102102,775000.0,36,15.47,1694000.0,0.98,697,Retail Trade,253000.0,0,2.8,Expand textile weaving unit with additional looms,Uttar Pradesh,Male,56,0
MSME102103,263000.0,12,15.93,786000.0,1.01,651,Manufacturing,72000.0,0,10.3,Open a second retail outlet in the district,Maharashtra,Female,10,0
MSME102104,294000.0,48,16.23,867000.0,2.75,740,Agriculture,96000.0,1,5.7,Bridge a seasonal cash crunch ahead of festival demand,Maharashtra,Male,28,0
MSME102105,464000.0,24,16.6,2473000.0,3.5,752,Retail Trade,456000.0,0,1.5,Bridge a seasonal cash crunch ahead of festival demand,Uttar Pradesh,Female,17,0
MSME102106,581000.0,84,13.76,2904000.0,1.55,754,Retail Trade,953000.0,0,10.8,Emergency funds after delayed receivables from buyers,Gujarat,Female,2,0
MSME102107,706000.0,36,12.42,3663000.0,0.7,572,Retail Trade,975000.0,0,2.7,Expand textile weaving unit with additional looms,Uttar Pradesh,Male,55,1
MSME102108,700000.0,24,16.44,1098000.0,2.25,663,Retail Trade,706000.0,0,7.1,Open a second retail outlet in the district,Uttar Pradesh,Male,51,0
MSME102109,579000.0,24,15.13,1706000.0,1.07,592,Manufacturing,937000.0,1,6.9,Open a second retail outlet in the district,Uttar Pradesh,Male,47,1
MSME102110,517000.0,60,14.7,1135000.0,1.79,564,Construction,776000.0,1,7.8,Bridge a seasonal cash crunch ahead of festival demand,Karnataka,Female,7,1
MSME102111,537000.0,24,10.32,2921000.0,1.8,612,Retail Trade,297000.0,0,3.2,Emergency funds after delayed receivables from buyers,Kerala,Female,44,0
MSME102112,310000.0,36,16.23,1567000.0,0.94,585,Retail Trade,451000.0,1,9.0,Refinance existing high-interest debt and consolidate dues,Karnataka,Male,14,0
MSME102113,497000.0,36,13.71,1513000.0,1.99,700,Manufacturing,483000.0,0,1.4,Upgrade delivery fleet and cold-storage units,Gujarat,Male,32,0
MSME102114,225000.0,24,13.78,1161000.0,1.23,682,Retail Trade,339000.0,0,4.2,Emergency funds after delayed receivables from buyers,Uttar Pradesh,Male,47,0
MSME102115,1134000.0,60,14.16,4222000.0,0.87,691,Manufacturing,1516000.0,0,9.0,Open a second retail outlet in the district,West Bengal,Female,2,1
MSME102116,839000.0,60,13.96,4565000.0,2.03,538,Textiles,883000.0,0,4.5,Upgrade delivery fleet and cold-storage units,Uttar Pradesh,Male,6,0
MSME102117,235000.0,48,13.95,721000.0,0.62,641,IT Services,144000.0,0,15.0,Expand textile weaving unit with additional looms,Tamil Nadu,Female,38,0
MSME102118,171000.0,24,17.02,695000.0,0.67,697,Construction,189000.0,2,7.7,Emergency funds after delayed receivables from buyers,Tamil Nadu,Male,38,0
MSME102119,350000.0,36,16.18,1938000.0,1.43,704,Retail Trade,304000.0,2,8.0,Refinance existing high-interest debt and consolidate dues,Karnataka,Female,39,1
MSME102120,313000.0,24,14.32,1426000.0,1.15,645,IT Services,87000.0,0,8.8,Bridge a seasonal cash crunch ahead of festival demand,Maharashtra,Male,6,1
MSME102121,155000.0,24,10.16,908000.0,0.3,667,Construction,68000.0,0,8.6,Expand textile weaving unit with additional looms,Maharashtra,Male,52,0
MSME102122,681000.0,36,13.25,4083000.0,3.17,763,Manufacturing,1159000.0,0,5.7,Working capital for raw material procurement,Maharashtra,Male,45,0
MSME102123,399000.0,48,12.4,1150000.0,1.98,740,Retail Trade,105000.0,0,3.6,Open a second retail outlet in the district,Maharashtra,Male,7,0
MSME102124,583000.0,36,17.49,3472000.0,0.33,619,Agriculture,1047000.0,0,4.5,Open a second retail outlet in the district,Tamil Nadu,Male,35,0
MSME102125,164000.0,36,10.66,660000.0,1.36,717,Textiles,270000.0,0,4.4,Bridge a seasonal cash crunch ahead of festival demand,Karnataka,Male,2,1
MSME102126,350000.0,12,10.07,1727000.0,0.46,669,Manufacturing,622000.0,0,3.2,Open a second retail outlet in the district,West Bengal,Male,40,0
MSME102127,243000.0,60,9.47,537000.0,1.16,700,Retail Trade,417000.0,0,4.6,Refinance existing high-interest debt and consolidate dues,Kerala,Male,33,0
MSME102128,1768000.0,60,13.65,9719000.0,0.68,615,Textiles,1194000.0,0,6.6,Open a second retail outlet in the district,Tamil Nadu,Female,36,1
MSME102129,1237000.0,36,12.26,5256000.0,0.87,571,IT Services,2044000.0,0,1.9,Working capital for raw material procurement,Karnataka,Female,22,0
MSME102130,279000.0,48,15.64,717000.0,2.5,610,Agriculture,127000.0,2,1.4,Emergency funds after delayed receivables from buyers,Kerala,Male,23,1
MSME102131,152000.0,12,9.15,794000.0,1.64,654,Logistics,191000.0,0,7.0,Open a second retail outlet in the district,West Bengal,Male,11,1
MSME102132,165000.0,48,14.51,430000.0,1.65,590,Construction,44000.0,0,6.3,Working capital for raw material procurement,West Bengal,Female,33,1
MSME102133,942000.0,60,11.88,3731000.0,1.72,572,Construction,655000.0,0,4.8,Refinance existing high-interest debt and consolidate dues,Maharashtra,Male,26,0
MSME102134,758000.0,84,14.9,4256000.0,1.91,643,Retail Trade,953000.0,1,7.7,Purchase of new machinery to expand production capacity,Punjab,Male,54,0
MSME102135,1219000.0,12,16.72,5967000.0,1.11,623,Food Processing,2044000.0,0,2.9,Upgrade delivery fleet and cold-storage units,Gujarat,Female,19,0
MSME102136,288000.0,36,16.49,1081000.0,0.37,742,Manufacturing,300000.0,0,2.0,Working capital for raw material procurement,Uttar Pradesh,Male,34,0
MSME102137,755000.0,36,14.9,3290000.0,3.04,867,IT Services,1194000.0,0,1.4,Expand textile weaving unit with additional looms,Kerala,Male,32,0
MSME102138,288000.0,48,10.35,725000.0,2.57,717,Logistics,344000.0,1,2.5,Emergency funds after delayed receivables from buyers,Uttar Pradesh,Male,42,0
MSME102139,296000.0,12,11.87,844000.0,1.5,751,Logistics,148000.0,0,8.8,Bridge a seasonal cash crunch ahead of festival demand,Gujarat,Male,28,0
MSME102140,980000.0,12,14.17,5822000.0,1.54,822,Manufacturing,1429000.0,2,4.9,Emergency funds after delayed receivables from buyers,Tamil Nadu,Female,16,0
MSME102141,821000.0,60,12.01,1717000.0,3.2,766,Food Processing,1228000.0,2,7.6,Refinance existing high-interest debt and consolidate dues,Tamil Nadu,Male,16,0
MSME102142,347000.0,24,16.47,585000.0,2.39,476,Retail Trade,460000.0,0,2.4,Upgrade delivery fleet and cold-storage units,Uttar Pradesh,Male,46,0
MSME102143,577000.0,36,15.25,2910000.0,2.39,708,Textiles,1003000.0,1,6.9,Emergency funds after delayed receivables from buyers,West Bengal,Female,14,1
MSME102144,1034000.0,36,10.55,1608000.0,1.14,542,Manufacturing,661000.0,1,9.1,Working capital for raw material procurement,West Bengal,Male,22,1
MSME102145,610000.0,48,13.45,2661000.0,0.68,748,Retail Trade,971000.0,0,1.2,Expand textile weaving unit with additional looms,Karnataka,Male,40,0
MSME102146,723000.0,36,16.97,1355000.0,3.39,645,Construction,740000.0,0,3.4,Emergency funds after delayed receivables from buyers,Tamil Nadu,Female,7,0
MSME102147,360000.0,48,14.96,1838000.0,2.08,781,Food Processing,504000.0,1,11.4,Bridge a seasonal cash crunch ahead of festival demand,Tamil Nadu,Male,28,0
MSME102148,656000.0,60,13.77,3133000.0,0.55,702,Textiles,737000.0,1,4.6,Bridge a seasonal cash crunch ahead of festival demand,West Bengal,Male,32,1
MSME102149,715000.0,48,10.66,2763000.0,1.33,738,Construction,163000.0,0,11.1,Refinance existing high-interest debt and consolidate dues,Maharashtra,Male,18,0
MSME102150,409000.0,12,13.82,2436000.0,1.83,770,Logistics,707000.0,0,4.0,Working capital for raw material procurement,Uttar Pradesh,Male,2,0
MSME102151,229000.0,36,14.16,728000.0,2.18,717,Manufacturing,411000.0,1,12.1,Bridge a seasonal cash crunch ahead of festival demand,Karnataka,Male,3,0
MSME102152,999000.0,48,14.5,5464000.0,1.06,537,IT Services,1256000.0,0,7.7,Upgrade delivery fleet and cold-storage units,Tamil Nadu,Male,27,0
MSME102153,617000.0,48,13.75,1188000.0,2.65,706,Retail Trade,620000.0,2,0.3,Refinance existing high-interest debt and consolidate dues,West Bengal,Female,50,0
MSME102154,439000.0,36,16.82,2540000.0,1.22,659,Construction,371000.0,0,1.0,Open a second retail outlet in the district,Punjab,Male,1,1
MSME102155,968000.0,12,10.76,4375000.0,1.37,621,IT Services,205000.0,1,2.8,Emergency funds after delayed receivables from buyers,Tamil Nadu,Female,17,0
MSME102156,907000.0,24,9.05,3034000.0,1.4,657,Food Processing,1034000.0,1,3.1,Purchase of new machinery to expand production capacity,West Bengal,Female,33,0
MSME102157,245000.0,24,19.29,656000.0,0.91,656,Agriculture,187000.0,0,15.2,Upgrade delivery fleet and cold-storage units,Uttar Pradesh,Female,27,0
MSME102158,438000.0,36,13.55,822000.0,1.06,527,Textiles,631000.0,0,0.4,Emergency funds after delayed receivables from buyers,Maharashtra,Female,58,1
MSME102159,933000.0,12,11.49,3657000.0,1.24,655,Logistics,1180000.0,0,3.1,Refinance existing high-interest debt and consolidate dues,Uttar Pradesh,Male,10,0
MSME102160,682000.0,24,12.89,3651000.0,0.55,656,Construction,503000.0,0,1.4,Emergency funds after delayed receivables from buyers,Gujarat,Male,56,0
MSME102161,953000.0,12,12.97,3073000.0,0.82,720,Food Processing,1155000.0,1,4.7,Working capital for raw material procurement,Punjab,Female,5,0
MSME102162,526000.0,36,15.97,1954000.0,1.17,600,Textiles,472000.0,0,1.0,Expand textile weaving unit with additional looms,Kerala,Female,41,0
MSME102163,501000.0,24,9.57,2648000.0,0.93,692,Textiles,182000.0,0,3.2,Working capital for raw material procurement,Maharashtra,Male,7,0
MSME102164,282000.0,36,14.4,1602000.0,1.94,644,Food Processing,417000.0,1,9.4,Bridge a seasonal cash crunch ahead of festival demand,Maharashtra,Female,26,0
MSME102165,664000.0,36,12.47,1726000.0,1.15,782,Retail Trade,1113000.0,0,14.2,Purchase of new machinery to expand production capacity,Uttar Pradesh,Male,58,0
MSME102166,486000.0,12,12.84,1188000.0,2.24,627,Textiles,474000.0,1,24.5,Purchase of new machinery to expand production capacity,Tamil Nadu,Female,31,0
MSME102167,226000.0,60,14.02,917000.0,1.58,607,IT Services,332000.0,0,3.4,Emergency funds after delayed receivables from buyers,Kerala,Female,13,0
MSME102168,667000.0,84,14.24,3078000.0,1.47,574,Logistics,502000.0,1,2.6,Open a second retail outlet in the district,Kerala,Male,5,0
MSME102169,260000.0,60,16.45,746000.0,1.52,712,Manufacturing,261000.0,0,5.3,Purchase of new machinery to expand production capacity,Uttar Pradesh,Female,19,0
MSME102170,735000.0,84,15.55,3936000.0,1.42,703,IT Services,950000.0,2,3.8,Emergency funds after delayed receivables from buyers,Gujarat,Female,40,0
MSME102171,331000.0,12,8.77,1105000.0,1.8,750,IT Services,152000.0,2,20.2,Expand textile weaving unit with additional looms,Gujarat,Male,38,0
MSME102172,591000.0,24,13.37,3122000.0,1.3,662,Agriculture,414000.0,1,1.9,Working capital for raw material procurement,Uttar Pradesh,Male,18,1
MSME102173,986000.0,36,16.29,4223000.0,3.5,682,Textiles,1415000.0,0,7.3,Expand textile weaving unit with additional looms,Kerala,Male,7,0
MSME102174,454000.0,12,12.44,2451000.0,2.44,852,Construction,115000.0,0,5.6,Purchase of new machinery to expand production capacity,Kerala,Male,31,0
MSME102175,1043000.0,48,10.15,6026000.0,1.1,600,IT Services,1426000.0,0,4.0,Working capital for raw material procurement,Karnataka,Female,24,0
MSME102176,109000.0,60,12.22,622000.0,1.19,736,Manufacturing,86000.0,0,2.1,Open a second retail outlet in the district,Punjab,Female,25,1
MSME102177,476000.0,12,18.19,2371000.0,2.15,689,Retail Trade,766000.0,0,7.3,Upgrade delivery fleet and cold-storage units,Kerala,Male,9,0
MSME102178,213000.0,36,12.91,995000.0,1.03,647,IT Services,301000.0,0,8.4,Purchase of new machinery to expand production capacity,Gujarat,Male,44,0
MSME102179,969000.0,12,14.1,3277000.0,1.24,708,Manufacturing,1465000.0,1,4.2,Refinance existing high-interest debt and consolidate dues,Karnataka,Male,53,1
MSME102180,291000.0,24,11.71,782000.0,1.91,699,Manufacturing,113000.0,0,1.1,Bridge a seasonal cash crunch ahead of festival demand,West Bengal,Male,10,0
MSME102181,470000.0,48,14.09,1688000.0,0.3,649,Construction,148000.0,1,2.5,Upgrade delivery fleet and cold-storage units,Punjab,Male,19,0
MSME102182,680000.0,24,13.08,4036000.0,0.81,691,Manufacturing,779000.0,0,1.2,Open a second retail outlet in the district,West Bengal,Female,11,1
MSME102183,953000.0,60,14.19,1542000.0,0.73,670,Logistics,1692000.0,1,0.9,Emergency funds after delayed receivables from buyers,Tamil Nadu,Male,17,1
MSME102184,335000.0,36,14.53,1964000.0,2.53,775,Retail Trade,124000.0,1,3.1,Upgrade delivery fleet and cold-storage units,Gujarat,Female,25,0
MSME102185,528000.0,12,10.36,1008000.0,1.61,810,IT Services,251000.0,1,1.9,Upgrade delivery fleet and cold-storage units,Gujarat,Male,18,0
MSME102186,510000.0,36,14.68,977000.0,0.67,669,Construction,650000.0,0,6.2,Purchase of new machinery to expand production capacity,Uttar Pradesh,Female,21,1
MSME102187,366000.0,48,15.28,1278000.0,1.94,730,Retail Trade,141000.0,0,3.3,Refinance existing high-interest debt and consolidate dues,Karnataka,Male,8,0
MSME102188,668000.0,12,11.62,2115000.0,0.96,696,Food Processing,165000.0,0,2.2,Open a second retail outlet in the district,Kerala,Male,28,0
MSME102189,421000.0,36,14.73,1878000.0,1.41,874,Food Processing,233000.0,1,5.5,Emergency funds after delayed receivables from buyers,Uttar Pradesh,Male,23,0
MSME102190,321000.0,48,17.23,990000.0,0.7,651,Manufacturing,176000.0,1,5.7,Bridge a seasonal cash crunch ahead of festival demand,Tamil Nadu,Male,41,1
MSME102191,1136000.0,12,15.73,2407000.0,1.85,701,Retail Trade,1543000.0,0,4.2,Purchase of new machinery to expand production capacity,Maharashtra,Male,36,0
MSME102192,322000.0,36,19.92,1275000.0,0.65,802,Retail Trade,382000.0,0,9.4,Upgrade delivery fleet and cold-storage units,Uttar Pradesh,Male,36,0
MSME102193,486000.0,60,11.74,2390000.0,1.69,695,Retail Trade,358000.0,0,2.9,Working capital for raw material procurement,Punjab,Male,44,0
MSME102194,711000.0,84,10.23,3357000.0,1.12,717,Logistics,425000.0,1,3.8,Expand textile weaving unit with additional looms,Punjab,Male,41,0
MSME102195,754000.0,24,15.1,2457000.0,1.47,665,Retail Trade,571000.0,1,3.0,Upgrade delivery fleet and cold-storage units,Tamil Nadu,Male,36,0
MSME102196,761000.0,60,14.19,4159000.0,1.58,766,Agriculture,632000.0,0,1.2,Bridge a seasonal cash crunch ahead of festival demand,West Bengal,Female,10,1
MSME102197,601000.0,24,12.73,3525000.0,1.31,624,Food Processing,555000.0,1,3.1,Refinance existing high-interest debt and consolidate dues,Karnataka,Male,18,1
MSME102198,388000.0,60,12.95,1559000.0,0.54,817,Food Processing,623000.0,0,5.6,Emergency funds after delayed receivables from buyers,Maharashtra,Female,39,0
MSME102199,490000.0,36,10.65,789000.0,1.52,646,Agriculture,477000.0,0,8.9,Open a second retail outlet in the district,Kerala,Female,54,0
MSME102200,540000.0,12,17.55,3220000.0,1.5,650,Logistics,459000.0,1,2.3,Emergency funds after delayed receivables from buyers,West Bengal,Male,49,1
MSME102201,1689000.0,24,12.89,7790000.0,0.98,610,Food Processing,1695000.0,2,12.0,Bridge a seasonal cash crunch ahead of festival demand,Gujarat,Male,37,1
MSME102202,830000.0,48,10.82,2038000.0,1.5,638,Manufacturing,933000.0,0,0.8,Refinance existing high-interest debt and consolidate dues,Gujarat,Male,39,0
MSME102203,1094000.0,36,14.27,3863000.0,0.34,740,Retail Trade,398000.0,2,5.3,Purchase of new machinery to expand production capacity,Punjab,Male,5,1
MSME102204,595000.0,36,16.19,1066000.0,1.94,640,Retail Trade,631000.0,1,11.3,Upgrade delivery fleet and cold-storage units,Maharashtra,Male,35,0
MSME102205,393000.0,24,9.65,1603000.0,0.63,674,Agriculture,642000.0,0,3.9,Emergency funds after delayed receivables from buyers,Kerala,Male,5,0
MSME102206,354000.0,12,15.49,1720000.0,1.66,617,Retail Trade,489000.0,2,8.9,Emergency funds after delayed receivables from buyers,West Bengal,Male,41,0
MSME102207,462000.0,36,14.6,867000.0,1.68,757,Manufacturing,141000.0,0,7.8,Open a second retail outlet in the district,Uttar Pradesh,Male,7,0
MSME102208,678000.0,48,13.31,3820000.0,1.49,793,Food Processing,807000.0,2,1.6,Emergency funds after delayed receivables from buyers,West Bengal,Female,34,0
MSME102209,389000.0,36,9.23,1222000.0,2.54,630,Construction,142000.0,0,3.9,Purchase of new machinery to expand production capacity,West Bengal,Female,20,0
MSME102210,542000.0,48,16.17,1614000.0,1.97,778,Manufacturing,291000.0,0,1.2,Emergency funds after delayed receivables from buyers,Kerala,Male,50,0
MSME102211,331000.0,60,13.62,1857000.0,0.87,659,Construction,352000.0,0,1.1,Expand textile weaving unit with additional looms,Uttar Pradesh,Male,15,1
MSME102212,2224000.0,36,14.03,10425000.0,2.12,662,Logistics,3003000.0,0,6.4,Open a second retail outlet in the district,Karnataka,Male,59,0
MSME102213,481000.0,36,13.41,2530000.0,1.16,722,Construction,102000.0,1,1.5,Working capital for raw material procurement,Karnataka,Male,8,0
MSME102214,386000.0,48,12.05,1542000.0,1.85,642,Logistics,458000.0,0,2.5,Emergency funds after delayed receivables from buyers,Gujarat,Male,42,0
MSME102215,1654000.0,36,13.89,3545000.0,1.62,497,Textiles,1943000.0,0,3.5,Refinance existing high-interest debt and consolidate dues,Tamil Nadu,Male,9,1
MSME102216,1029000.0,24,10.15,2791000.0,0.3,738,Retail Trade,1394000.0,0,4.4,Bridge a seasonal cash crunch ahead of festival demand,Gujarat,Male,12,0
MSME102217,446000.0,24,15.28,1786000.0,0.58,586,Manufacturing,98000.0,2,5.3,Refinance existing high-interest debt and consolidate dues,Tamil Nadu,Female,26,1
MSME102218,445000.0,48,14.85,806000.0,0.49,769,Logistics,618000.0,0,3.7,Emergency funds after delayed receivables from buyers,Gujarat,Male,56,1
MSME102219,406000.0,48,15.33,2298000.0,0.51,649,Agriculture,729000.0,1,5.3,Purchase of new machinery to expand production capacity,Gujarat,Male,19,0
MSME102220,871000.0,48,10.44,4072000.0,1.29,716,Food Processing,1107000.0,0,6.4,Expand textile weaving unit with additional looms,Karnataka,Female,9,0
MSME102221,148000.0,60,15.99,632000.0,1.07,713,IT Services,107000.0,0,1.0,Working capital for raw material procurement,Karnataka,Male,5,1
MSME102222,801000.0,24,13.09,3799000.0,1.64,714,Agriculture,653000.0,0,7.9,Upgrade delivery fleet and cold-storage units,Tamil Nadu,Female,3,0
MSME102223,487000.0,36,8.0,2761000.0,0.94,627,Manufacturing,224000.0,1,5.4,Bridge a seasonal cash crunch ahead of festival demand,Uttar Pradesh,Male,27,0
MSME102224,926000.0,24,10.56,4134000.0,1.23,670,Textiles,1490000.0,1,18.9,Emergency funds after delayed receivables from buyers,Uttar Pradesh,Female,36,0
MSME102225,824000.0,36,15.13,3501000.0,0.86,613,IT Services,996000.0,0,3.8,Working capital for raw material procurement,Gujarat,Male,17,0
MSME102226,972000.0,60,8.9,2026000.0,1.08,845,Manufacturing,636000.0,2,3.1,Purchase of new machinery to expand production capacity,Kerala,Female,48,0
MSME102227,522000.0,36,14.04,1327000.0,0.43,814,Manufacturing,163000.0,1,1.6,Upgrade delivery fleet and cold-storage units,Gujarat,Male,35,1
MSME102228,4337000.0,60,12.92,20890000.0,0.96,666,Retail Trade,3620000.0,1,2.0,Open a second retail outlet in the district,Maharashtra,Male,54,1
MSME102229,674000.0,36,11.39,2760000.0,1.26,604,IT Services,1037000.0,0,0.9,Purchase of new machinery to expand production capacity,Punjab,Male,27,0
MSME102230,1085000.0,36,13.42,5028000.0,1.67,607,Textiles,1871000.0,3,5.5,Expand textile weaving unit with additional looms,Kerala,Female,35,1
MSME102231,479000.0,60,14.64,1341000.0,1.27,701,Logistics,564000.0,1,6.7,Emergency funds after delayed receivables from buyers,Punjab,Male,47,1
MSME102232,407000.0,24,11.05,2246000.0,2.01,814,IT Services,669000.0,0,7.6,Upgrade delivery fleet and cold-storage units,West Bengal,Male,18,0
MSME102233,776000.0,36,14.33,4021000.0,0.8,784,Logistics,864000.0,0,5.4,Bridge a seasonal cash crunch ahead of festival demand,Karnataka,Male,18,0
MSME102234,663000.0,24,11.49,1982000.0,1.51,806,Food Processing,817000.0,2,3.0,Expand textile weaving unit with additional looms,Uttar Pradesh,Male,9,0
MSME102235,541000.0,36,12.09,1153000.0,0.58,610,Construction,171000.0,2,6.1,Working capital for raw material procurement,Gujarat,Female,8,1
MSME102236,723000.0,48,16.41,3678000.0,1.17,678,Retail Trade,698000.0,0,7.5,Expand textile weaving unit with additional looms,Kerala,Male,5,1
MSME102237,356000.0,36,10.03,1734000.0,0.46,899,Manufacturing,109000.0,2,1.6,Expand textile weaving unit with additional looms,Punjab,Male,20,0
MSME102238,1301000.0,36,14.39,5039000.0,0.67,747,Retail Trade,355000.0,1,6.8,Refinance existing high-interest debt and consolidate dues,Kerala,Male,1,1
MSME102239,526000.0,12,12.72,2131000.0,1.32,700,Textiles,461000.0,0,1.0,Upgrade delivery fleet and cold-storage units,Gujarat,Male,37,0
MSME102240,186000.0,48,12.08,915000.0,1.34,685,IT Services,303000.0,0,6.0,Expand textile weaving unit with additional looms,Kerala,Female,15,0
MSME102241,347000.0,12,15.09,1673000.0,0.59,775,Retail Trade,328000.0,0,9.2,Emergency funds after delayed receivables from buyers,Punjab,Male,47,1
MSME102242,545000.0,24,11.41,2547000.0,1.0,640,Logistics,930000.0,1,14.9,Emergency funds after delayed receivables from buyers,Gujarat,Female,31,0
MSME102243,526000.0,24,13.17,2907000.0,0.67,703,Retail Trade,802000.0,0,8.1,Refinance existing high-interest debt and consolidate dues,Karnataka,Male,12,0
MSME102244,1259000.0,24,16.79,4179000.0,0.66,598,Logistics,2140000.0,0,2.0,Refinance existing high-interest debt and consolidate dues,Gujarat,Male,22,1
MSME102245,662000.0,48,13.93,1583000.0,3.5,756,Construction,328000.0,0,1.7,Upgrade delivery fleet and cold-storage units,Punjab,Female,47,0
MSME102246,243000.0,48,13.15,1164000.0,1.38,590,Retail Trade,354000.0,0,10.8,Working capital for raw material procurement,Tamil Nadu,Male,7,0
MSME102247,802000.0,24,14.36,3946000.0,0.82,715,Retail Trade,161000.0,3,5.4,Open a second retail outlet in the district,Punjab,Male,17,0
MSME102248,1220000.0,36,16.82,5391000.0,1.03,629,Food Processing,321000.0,2,6.0,Bridge a seasonal cash crunch ahead of festival demand,Punjab,Female,28,1
MSME102249,543000.0,12,12.62,1151000.0,1.27,746,IT Services,342000.0,1,10.0,Purchase of new machinery to expand production capacity,Uttar Pradesh,Female,48,0
MSME102250,383000.0,36,15.67,2099000.0,2.6,636,Retail Trade,340000.0,0,2.8,Upgrade delivery fleet and cold-storage units,Punjab,Female,16,0
MSME102251,334000.0,24,17.59,652000.0,0.78,644,Manufacturing,236000.0,1,8.4,Upgrade delivery fleet and cold-storage units,Punjab,Male,21,0
MSME102252,903000.0,24,14.65,5069000.0,1.95,642,Retail Trade,1028000.0,0,7.5,Expand textile weaving unit with additional looms,Gujarat,Male,32,0
MSME102253,543000.0,12,9.81,2716000.0,1.22,505,Logistics,111000.0,1,5.6,Purchase of new machinery to expand production capacity,West Bengal,Male,46,1
MSME102254,842000.0,84,12.6,4610000.0,0.97,731,Textiles,1143000.0,1,3.2,Working capital for raw material procurement,Maharashtra,Male,16,1
MSME102255,3008000.0,36,15.44,12397000.0,1.81,711,Retail Trade,2475000.0,0,3.9,Bridge a seasonal cash crunch ahead of festival demand,West Bengal,Male,28,0
MSME102256,2122000.0,60,13.63,6740000.0,0.38,606,Manufacturing,587000.0,1,10.9,Expand textile weaving unit with additional looms,Karnataka,Male,57,1
MSME102257,1503000.0,24,15.61,5597000.0,0.52,623,IT Services,1075000.0,0,5.5,Refinance existing high-interest debt and consolidate dues,Karnataka,Male,6,0
MSME102258,363000.0,84,16.28,1329000.0,2.18,630,Food Processing,411000.0,1,12.3,Bridge a seasonal cash crunch ahead of festival demand,Uttar Pradesh,Female,57,0
MSME102259,1068000.0,48,14.43,2660000.0,2.46,696,Manufacturing,1411000.0,0,4.1,Purchase of new machinery to expand production capacity,Gujarat,Female,41,0
MSME102260,459000.0,36,11.97,810000.0,1.48,773,Manufacturing,138000.0,1,6.0,Expand textile weaving unit with additional looms,Gujarat,Male,59,0
MSME102261,156000.0,12,15.2,635000.0,2.21,679,Agriculture,89000.0,0,6.1,Expand textile weaving unit with additional looms,Maharashtra,Female,33,0
MSME102262,1563000.0,48,18.02,4607000.0,1.28,712,Manufacturing,1015000.0,1,0.9,Purchase of new machinery to expand production capacity,West Bengal,Female,23,0
MSME102263,242000.0,60,11.9,1409000.0,1.71,716,Construction,340000.0,0,5.7,Working capital for raw material procurement,Karnataka,Male,31,0
MSME102264,554000.0,48,9.78,1206000.0,1.65,684,Food Processing,369000.0,0,1.3,Upgrade delivery fleet and cold-storage units,Tamil Nadu,Male,42,0
MSME102265,567000.0,36,16.42,3370000.0,2.05,625,Logistics,717000.0,0,1.2,Refinance existing high-interest debt and consolidate dues,Uttar Pradesh,Male,44,0
MSME102266,1077000.0,48,12.83,3863000.0,1.68,636,Retail Trade,1878000.0,0,2.1,Emergency funds after delayed receivables from buyers,Gujarat,Female,10,0
MSME102267,228000.0,36,14.52,900000.0,1.03,684,Manufacturing,371000.0,1,10.5,Purchase of new machinery to expand production capacity,Maharashtra,Male,29,1
MSME102268,502000.0,60,10.11,1137000.0,0.99,630,Retail Trade,160000.0,2,4.0,Refinance existing high-interest debt and consolidate dues,Punjab,Male,7,1
MSME102269,850000.0,36,13.89,4581000.0,1.86,603,Retail Trade,851000.0,0,2.1,Expand textile weaving unit with additional looms,Tamil Nadu,Male,18,0
MSME102270,1317000.0,24,13.43,5715000.0,0.88,692,Construction,2273000.0,0,3.3,Bridge a seasonal cash crunch ahead of festival demand,Kerala,Male,48,1
MSME102271,581000.0,24,12.87,1561000.0,1.15,574,Manufacturing,752000.0,0,3.1,Bridge a seasonal cash crunch ahead of festival demand,Uttar Pradesh,Male,42,1
MSME102272,768000.0,12,14.02,1720000.0,0.72,733,Agriculture,1281000.0,0,10.3,Purchase of new machinery to expand production capacity,Uttar Pradesh,Male,58,0
MSME102273,1296000.0,48,12.7,2497000.0,2.9,810,Manufacturing,262000.0,0,12.2,Working capital for raw material procurement,Uttar Pradesh,Female,37,0
MSME102274,818000.0,12,12.94,3215000.0,0.72,575,Logistics,611000.0,1,1.1,Working capital for raw material procurement,Maharashtra,Male,19,1
MSME102275,835000.0,24,9.56,2162000.0,0.74,693,Retail Trade,841000.0,0,2.4,Bridge a seasonal cash crunch ahead of festival demand,Tamil Nadu,Female,16,0
MSME102276,1557000.0,36,15.02,6590000.0,0.97,706,Construction,1762000.0,1,4.6,Emergency funds after delayed receivables from buyers,Karnataka,Male,39,1
MSME102277,1780000.0,36,18.07,3272000.0,0.35,728,Logistics,2044000.0,0,2.7,Emergency funds after delayed receivables from buyers,Punjab,Female,24,1
MSME102278,1565000.0,36,15.1,8551000.0,2.1,741,Construction,1346000.0,1,7.2,Purchase of new machinery to expand production capacity,Karnataka,Male,38,0
MSME102279,442000.0,24,8.0,2156000.0,0.63,672,Manufacturing,382000.0,1,3.7,Upgrade delivery fleet and cold-storage units,Gujarat,Male,19,1
MSME102280,327000.0,84,12.16,1885000.0,1.37,829,Retail Trade,585000.0,3,1.6,Open a second retail outlet in the district,Maharashtra,Male,29,0
MSME102281,745000.0,48,14.67,3949000.0,0.57,622,Logistics,725000.0,0,7.1,Emergency funds after delayed receivables from buyers,West Bengal,Male,40,0
MSME102282,490000.0,48,13.71,861000.0,1.66,690,Construction,255000.0,2,8.9,Purchase of new machinery to expand production capacity,Tamil Nadu,Female,35,0
MSME102283,876000.0,24,14.6,2155000.0,3.5,624,Construction,1562000.0,2,1.9,Refinance existing high-interest debt and consolidate dues,Kerala,Male,46,0
MSME102284,1969000.0,48,16.07,9752000.0,1.08,706,Manufacturing,1584000.0,1,5.5,Upgrade delivery fleet and cold-storage units,Punjab,Male,21,0
MSME102285,275000.0,24,11.14,1126000.0,2.93,684,Construction,72000.0,0,9.5,Expand textile weaving unit with additional looms,Uttar Pradesh,Male,3,0
MSME102286,359000.0,24,15.71,2139000.0,1.64,660,Retail Trade,106000.0,1,3.2,Bridge a seasonal cash crunch ahead of festival demand,Gujarat,Male,53,0
MSME102287,729000.0,24,10.72,1509000.0,2.15,730,Manufacturing,487000.0,1,5.3,Purchase of new machinery to expand production capacity,Kerala,Female,39,0
MSME102288,191000.0,12,12.72,296000.0,2.0,750,Logistics,126000.0,0,6.0,Upgrade delivery fleet and cold-storage units,Tamil Nadu,Male,58,1
MSME102289,251000.0,60,12.83,1376000.0,0.6,779,Retail Trade,242000.0,1,2.0,Working capital for raw material procurement,Karnataka,Male,25,0
MSME102290,967000.0,36,10.15,1632000.0,1.29,676,Construction,1328000.0,1,4.4,Open a second retail outlet in the district,Punjab,Male,28,0
MSME102291,351000.0,24,9.64,633000.0,1.1,795,Agriculture,473000.0,0,2.1,Purchase of new machinery to expand production capacity,Gujarat,Male,51,0
MSME102292,1218000.0,36,12.64,5103000.0,1.29,770,Textiles,1164000.0,1,9.7,Purchase of new machinery to expand production capacity,West Bengal,Male,53,0
MSME102293,708000.0,12,14.67,2474000.0,2.39,756,Agriculture,241000.0,1,5.6,Purchase of new machinery to expand production capacity,Tamil Nadu,Male,52,0
MSME102294,186000.0,48,15.69,997000.0,1.31,772,Textiles,190000.0,0,6.2,Upgrade delivery fleet and cold-storage units,West Bengal,Female,20,0
MSME102295,348000.0,24,8.0,927000.0,2.96,707,IT Services,553000.0,1,1.4,Refinance existing high-interest debt and consolidate dues,Karnataka,Male,37,0
MSME102296,766000.0,36,18.31,1365000.0,2.81,777,Food Processing,1241000.0,2,6.7,Purchase of new machinery to expand production capacity,Punjab,Male,52,0
MSME102297,2464000.0,84,16.49,7548000.0,0.92,755,Manufacturing,855000.0,0,4.8,Purchase of new machinery to expand production capacity,Maharashtra,Male,45,0
MSME102298,642000.0,36,15.47,3730000.0,1.38,807,Textiles,515000.0,0,4.0,Open a second retail outlet in the district,Punjab,Male,48,0
MSME102299,230000.0,24,16.07,719000.0,1.81,673,Food Processing,380000.0,1,1.8,Working capital for raw material procurement,Tamil Nadu,Female,19,1
MSME102300,1237000.0,60,8.0,5121000.0,2.65,672,Agriculture,1302000.0,0,5.4,Upgrade delivery fleet and cold-storage units,Karnataka,Female,1,0
MSME102301,578000.0,36,15.28,1075000.0,1.75,664,Manufacturing,693000.0,0,5.5,Refinance existing high-interest debt and consolidate dues,Tamil Nadu,Male,54,0
MSME102302,441000.0,60,15.36,1303000.0,1.29,640,Food Processing,284000.0,0,11.7,Purchase of new machinery to expand production capacity,Punjab,Male,23,0
MSME102303,214000.0,36,18.66,961000.0,0.89,747,Retail Trade,366000.0,0,5.0,Purchase of new machinery to expand production capacity,Kerala,Female,4,0
MSME102304,599000.0,48,16.65,2158000.0,0.99,642,Logistics,659000.0,0,2.7,Working capital for raw material procurement,Uttar Pradesh,Male,16,0
MSME102305,648000.0,36,10.74,2223000.0,1.65,734,Textiles,473000.0,0,2.3,Bridge a seasonal cash crunch ahead of festival demand,Tamil Nadu,Male,53,0
MSME102306,508000.0,12,14.04,2133000.0,1.68,758,Food Processing,722000.0,1,12.1,Emergency funds after delayed receivables from buyers,Uttar Pradesh,Male,59,0
MSME102307,521000.0,12,16.67,2476000.0,1.0,758,Retail Trade,151000.0,3,7.3,Bridge a seasonal cash crunch ahead of festival demand,Maharashtra,Male,2,1
MSME102308,523000.0,36,16.94,2360000.0,1.31,685,Retail Trade,266000.0,0,3.3,Purchase of new machinery to expand production capacity,West Bengal,Female,41,0
MSME102309,335000.0,12,16.67,1639000.0,1.78,631,IT Services,454000.0,0,12.3,Upgrade delivery fleet and cold-storage units,Gujarat,Male,56,0
MSME102310,407000.0,60,15.0,1578000.0,1.51,645,Retail Trade,249000.0,0,1.1,Bridge a seasonal cash crunch ahead of festival demand,Maharashtra,Male,36,1
MSME102311,1132000.0,48,12.62,6149000.0,2.27,702,IT Services,629000.0,1,1.6,Open a second retail outlet in the district,Uttar Pradesh,Male,4,0
MSME102312,582000.0,36,12.34,3306000.0,0.57,779,Manufacturing,764000.0,3,9.3,Bridge a seasonal cash crunch ahead of festival demand,West Bengal,Male,14,0
MSME102313,844000.0,60,13.14,3457000.0,1.65,643,Logistics,1417000.0,1,2.6,Bridge a seasonal cash crunch ahead of festival demand,Tamil Nadu,Male,1,1
MSME102314,1175000.0,60,10.84,4437000.0,1.44,647,Manufacturing,646000.0,0,8.3,Purchase of new machinery to expand production capacity,Tamil Nadu,Male,44,0
MSME102315,596000.0,84,19.25,2333000.0,0.98,720,Logistics,981000.0,1,5.1,Bridge a seasonal cash crunch ahead of festival demand,Kerala,Male,19,1
MSME102316,208000.0,36,12.31,321000.0,1.2,610,Food Processing,310000.0,0,1.5,Purchase of new machinery to expand production capacity,Maharashtra,Female,56,0
MSME102317,66000.0,36,9.16,194000.0,0.77,653,Manufacturing,89000.0,1,3.5,Open a second retail outlet in the district,Karnataka,Male,56,1
MSME102318,372000.0,60,11.3,792000.0,2.35,678,Retail Trade,142000.0,0,4.5,Open a second retail outlet in the district,West Bengal,Male,29,0
MSME102319,1576000.0,48,18.41,3221000.0,0.35,722,Retail Trade,534000.0,0,17.4,Open a second retail outlet in the district,Tamil Nadu,Male,39,0
MSME102320,479000.0,60,15.2,1526000.0,0.3,731,Manufacturing,285000.0,0,12.4,Refinance existing high-interest debt and consolidate dues,Punjab,Male,22,0
MSME102321,228000.0,24,20.88,464000.0,1.58,866,Retail Trade,127000.0,0,17.3,Refinance existing high-interest debt and consolidate dues,Tamil Nadu,Male,26,0
MSME102322,513000.0,48,8.67,1824000.0,1.29,723,Retail Trade,843000.0,0,2.6,Bridge a seasonal cash crunch ahead of festival demand,Uttar Pradesh,Female,54,1
MSME102323,291000.0,36,11.95,1667000.0,0.99,752,Retail Trade,401000.0,0,19.0,Upgrade delivery fleet and cold-storage units,Kerala,Female,15,0
MSME102324,728000.0,24,11.88,1463000.0,1.29,649,IT Services,176000.0,0,9.6,Purchase of new machinery to expand production capacity,Gujarat,Male,44,0
MSME102325,340000.0,24,14.36,1150000.0,1.45,579,IT Services,216000.0,2,6.3,Purchase of new machinery to expand production capacity,Tamil Nadu,Female,41,1
MSME102326,1920000.0,36,14.64,6948000.0,1.26,803,Manufacturing,3069000.0,0,5.4,Upgrade delivery fleet and cold-storage units,Kerala,Male,4,0
MSME102327,519000.0,48,13.12,2390000.0,1.12,777,Food Processing,460000.0,0,10.3,Refinance existing high-interest debt and consolidate dues,Punjab,Female,27,0
MSME102328,475000.0,84,13.16,2408000.0,1.19,659,Agriculture,398000.0,0,5.1,Purchase of new machinery to expand production capacity,Kerala,Male,32,0
MSME102329,158000.0,36,17.01,912000.0,1.32,808,Retail Trade,124000.0,0,7.5,Upgrade delivery fleet and cold-storage units,Kerala,Female,44,0
MSME102330,306000.0,12,8.65,1038000.0,2.12,832,Food Processing,180000.0,1,2.8,Working capital for raw material procurement,Tamil Nadu,Male,21,0
MSME102331,650000.0,48,16.95,3419000.0,0.52,643,Manufacturing,316000.0,1,5.7,Refinance existing high-interest debt and consolidate dues,Kerala,Male,13,1
MSME102332,630000.0,24,12.96,2423000.0,2.02,613,Logistics,319000.0,1,2.1,Open a second retail outlet in the district,Uttar Pradesh,Male,44,0
MSME102333,286000.0,36,9.75,1398000.0,0.88,630,Logistics,244000.0,0,3.6,Emergency funds after delayed receivables from buyers,Maharashtra,Male,30,1
MSME102334,385000.0,24,10.0,1120000.0,2.35,583,IT Services,485000.0,0,5.4,Upgrade delivery fleet and cold-storage units,Punjab,Male,41,0
MSME102335,1100000.0,60,14.13,3860000.0,1.12,637,Retail Trade,953000.0,0,11.2,Purchase of new machinery to expand production capacity,Tamil Nadu,Male,40,0
MSME102336,213000.0,12,18.45,1229000.0,3.13,585,Retail Trade,356000.0,0,11.0,Upgrade delivery fleet and cold-storage units,Uttar Pradesh,Male,45,0
MSME102337,784000.0,36,16.62,2228000.0,0.88,756,IT Services,519000.0,0,7.0,Emergency funds after delayed receivables from buyers,Gujarat,Female,11,0
MSME102338,246000.0,48,11.4,1401000.0,1.02,696,Textiles,288000.0,1,1.9,Bridge a seasonal cash crunch ahead of festival demand,Punjab,Male,10,0
MSME102339,2160000.0,48,14.8,4404000.0,0.6,574,Retail Trade,3093000.0,0,5.5,Purchase of new machinery to expand production capacity,Kerala,Male,25,0
MSME102340,1789000.0,24,16.35,3784000.0,1.25,731,Textiles,2687000.0,0,3.8,Expand textile weaving unit with additional looms,Tamil Nadu,Female,10,0
MSME102341,2678000.0,36,13.44,15542000.0,1.76,748,Logistics,1648000.0,1,4.2,Expand textile weaving unit with additional looms,Maharashtra,Female,15,0
MSME102342,297000.0,24,14.11,712000.0,0.72,690,Textiles,396000.0,1,4.8,Refinance existing high-interest debt and consolidate dues,Punjab,Female,23,1
MSME102343,626000.0,84,14.39,1268000.0,0.95,753,Retail Trade,871000.0,0,5.8,Working capital for raw material procurement,Punjab,Male,10,0
MSME102344,569000.0,36,19.99,2110000.0,2.04,805,Retail Trade,150000.0,0,6.3,Bridge a seasonal cash crunch ahead of festival demand,Tamil Nadu,Female,54,0
MSME102345,306000.0,48,14.52,969000.0,0.44,765,Construction,353000.0,1,10.6,Expand textile weaving unit with additional looms,Tamil Nadu,Female,46,0
MSME102346,739000.0,48,11.44,3272000.0,1.26,763,Retail Trade,604000.0,0,6.3,Open a second retail outlet in the district,West Bengal,Male,56,0
MSME102347,869000.0,60,16.69,4250000.0,2.88,742,Food Processing,639000.0,1,22.3,Open a second retail outlet in the district,Gujarat,Male,59,0
MSME102348,312000.0,24,13.05,1045000.0,1.81,713,Retail Trade,203000.0,0,7.6,Working capital for raw material procurement,Karnataka,Male,5,0
MSME102349,304000.0,12,13.21,1446000.0,1.05,779,Logistics,281000.0,1,5.0,Working capital for raw material procurement,Gujarat,Male,15,0
MSME102350,1056000.0,48,10.63,1985000.0,0.7,705,Food Processing,1837000.0,0,5.7,Working capital for raw material procurement,West Bengal,Male,24,0
MSME102351,878000.0,24,15.29,4633000.0,1.77,764,Logistics,520000.0,2,2.7,Open a second retail outlet in the district,Karnataka,Male,41,0
MSME102352,2210000.0,36,13.75,11548000.0,0.97,599,Textiles,2366000.0,0,3.5,Open a second retail outlet in the district,Maharashtra,Female,2,1
MSME102353,611000.0,36,15.58,1233000.0,0.79,663,Logistics,1062000.0,0,9.1,Emergency funds after delayed receivables from buyers,Gujarat,Male,55,0
MSME102354,283000.0,36,13.85,896000.0,0.39,726,Retail Trade,287000.0,0,0.6,Emergency funds after delayed receivables from buyers,Uttar Pradesh,Male,38,0
MSME102355,292000.0,12,13.1,1106000.0,2.92,575,Retail Trade,102000.0,1,2.5,Upgrade delivery fleet and cold-storage units,West Bengal,Male,44,0
MSME102356,684000.0,36,14.57,4032000.0,0.83,628,Retail Trade,797000.0,0,1.2,Emergency funds after delayed receivables from buyers,Kerala,Male,24,1
MSME102357,390000.0,12,11.88,928000.0,1.36,579,Food Processing,388000.0,0,2.8,Emergency funds after delayed receivables from buyers,Maharashtra,Male,50,1
MSME102358,532000.0,24,10.48,1682000.0,0.3,765,Logistics,873000.0,0,1.4,Refinance existing high-interest debt and consolidate dues,West Bengal,Male,8,0
MSME102359,296000.0,84,13.97,1393000.0,2.0,641,Food Processing,521000.0,1,1.0,Refinance existing high-interest debt and consolidate dues,Tamil Nadu,Male,46,1
MSME102360,164000.0,12,15.09,941000.0,2.95,755,IT Services,63000.0,1,3.1,Open a second retail outlet in the district,Gujarat,Female,18,0
MSME102361,1104000.0,24,11.76,3057000.0,0.81,680,Retail Trade,1571000.0,0,3.8,Working capital for raw material procurement,Tamil Nadu,Male,20,0
MSME102362,1123000.0,24,12.93,6428000.0,2.06,620,Retail Trade,442000.0,0,6.2,Bridge a seasonal cash crunch ahead of festival demand,Gujarat,Male,15,1
MSME102363,470000.0,48,9.28,1260000.0,0.98,752,Manufacturing,314000.0,1,6.3,Refinance existing high-interest debt and consolidate dues,Maharashtra,Female,14,1
MSME102364,320000.0,48,15.84,1024000.0,0.62,729,Textiles,158000.0,1,6.9,Bridge a seasonal cash crunch ahead of festival demand,Gujarat,Male,20,1
MSME102365,1680000.0,48,15.19,6199000.0,1.14,633,Logistics,2295000.0,0,2.9,Emergency funds after delayed receivables from buyers,Uttar Pradesh,Male,27,0
MSME102366,260000.0,48,10.33,688000.0,0.33,662,IT Services,389000.0,0,4.0,Expand textile weaving unit with additional looms,Uttar Pradesh,Male,50,1
MSME102367,1074000.0,36,12.63,5035000.0,2.16,725,Retail Trade,1769000.0,2,11.8,Refinance existing high-interest debt and consolidate dues,Karnataka,Male,27,0
MSME102368,805000.0,48,14.47,4733000.0,1.78,722,IT Services,1357000.0,1,2.6,Expand textile weaving unit with additional looms,Tamil Nadu,Male,47,0
MSME102369,257000.0,36,13.71,416000.0,1.63,677,Textiles,168000.0,0,4.7,Working capital for raw material procurement,Gujarat,Female,31,1
MSME102370,372000.0,12,13.45,939000.0,0.64,704,Manufacturing,189000.0,0,3.9,Upgrade delivery fleet and cold-storage units,West Bengal,Male,10,0
MSME102371,288000.0,48,14.0,995000.0,0.65,716,Retail Trade,126000.0,0,2.2,Bridge a seasonal cash crunch ahead of festival demand,West Bengal,Male,27,1
MSME102372,310000.0,36,10.77,1740000.0,1.07,615,Manufacturing,242000.0,0,1.9,Expand textile weaving unit with additional looms,Karnataka,Male,23,0
MSME102373,210000.0,84,14.45,1057000.0,1.57,707,IT Services,133000.0,0,2.8,Bridge a seasonal cash crunch ahead of festival demand,Karnataka,Male,19,0
MSME102374,507000.0,12,13.68,1593000.0,0.64,732,Manufacturing,748000.0,0,8.1,Upgrade delivery fleet and cold-storage units,Tamil Nadu,Female,48,0
MSME102375,1161000.0,36,11.05,1867000.0,1.55,778,Manufacturing,1152000.0,0,5.8,Refinance existing high-interest debt and consolidate dues,Tamil Nadu,Male,29,0
MSME102376,846000.0,48,12.87,3838000.0,1.2,717,Retail Trade,454000.0,0,1.3,Open a second retail outlet in the district,Uttar Pradesh,Male,45,0
MSME102377,1062000.0,12,12.74,5207000.0,0.64,677,Textiles,1446000.0,0,2.3,Expand textile weaving unit with additional looms,Kerala,Female,59,1
MSME102378,491000.0,48,14.11,1628000.0,1.16,729,Retail Trade,631000.0,1,6.5,Refinance existing high-interest debt and consolidate dues,West Bengal,Male,51,0
MSME102379,776000.0,60,13.34,3191000.0,1.0,779,Logistics,1304000.0,0,4.8,Upgrade delivery fleet and cold-storage units,Gujarat,Male,54,0
MSME102380,276000.0,24,14.46,1460000.0,1.36,651,Food Processing,278000.0,1,3.0,Purchase of new machinery to expand production capacity,Maharashtra,Male,29,0
MSME102381,828000.0,36,14.29,4817000.0,2.38,726,Logistics,1460000.0,1,1.9,Emergency funds after delayed receivables from buyers,Gujarat,Female,12,0
MSME102382,244000.0,48,14.76,1011000.0,2.12,778,Manufacturing,255000.0,0,6.4,Open a second retail outlet in the district,Karnataka,Male,33,0
MSME102383,1523000.0,36,12.72,4520000.0,2.17,758,IT Services,2205000.0,1,8.4,Upgrade delivery fleet and cold-storage units,West Bengal,Male,56,0
MSME102384,1177000.0,12,10.55,5545000.0,0.56,720,Manufacturing,1718000.0,2,6.2,Emergency funds after delayed receivables from buyers,Kerala,Male,24,1
MSME102385,633000.0,84,11.48,3669000.0,1.28,782,Textiles,576000.0,0,2.7,Upgrade delivery fleet and cold-storage units,West Bengal,Female,8,0
MSME102386,177000.0,36,8.0,501000.0,0.76,661,Manufacturing,50000.0,0,9.9,Emergency funds after delayed receivables from buyers,Tamil Nadu,Male,46,1
MSME102387,572000.0,24,14.75,3347000.0,0.62,728,IT Services,285000.0,1,2.6,Working capital for raw material procurement,Kerala,Male,28,1
MSME102388,269000.0,36,15.88,816000.0,2.81,781,Textiles,320000.0,0,4.6,Expand textile weaving unit with additional looms,Kerala,Male,42,0
MSME102389,614000.0,48,11.59,3636000.0,2.43,624,Textiles,141000.0,1,4.1,Working capital for raw material procurement,Karnataka,Male,13,0
MSME102390,2075000.0,36,11.6,11120000.0,1.02,694,Retail Trade,2499000.0,0,3.1,Purchase of new machinery to expand production capacity,Maharashtra,Male,48,0
MSME102391,150000.0,48,11.23,297000.0,0.51,670,Food Processing,37000.0,0,3.2,Bridge a seasonal cash crunch ahead of festival demand,Maharashtra,Male,18,1
MSME102392,225000.0,12,8.0,359000.0,0.76,691,Retail Trade,330000.0,1,1.6,Bridge a seasonal cash crunch ahead of festival demand,Gujarat,Male,26,0
MSME102393,365000.0,36,12.98,933000.0,1.95,651,Logistics,364000.0,0,2.2,Upgrade delivery fleet and cold-storage units,Karnataka,Male,24,0
MSME102394,2493000.0,36,11.69,8584000.0,2.64,724,Manufacturing,1573000.0,1,3.6,Upgrade delivery fleet and cold-storage units,Uttar Pradesh,Male,19,0
MSME102395,749000.0,36,12.96,1931000.0,1.15,633,Manufacturing,768000.0,0,12.1,Working capital for raw material procurement,Kerala,Male,23,0
MSME102396,514000.0,12,10.54,2361000.0,0.38,647,Textiles,675000.0,1,3.8,Expand textile weaving unit with additional looms,West Bengal,Male,47,1
MSME102397,1420000.0,60,11.93,3974000.0,1.57,615,Construction,1563000.0,0,3.0,Expand textile weaving unit with additional looms,Kerala,Female,17,0
MSME102398,963000.0,48,10.76,3082000.0,1.59,572,Manufacturing,1696000.0,1,13.4,Expand textile weaving unit with additional looms,Uttar Pradesh,Male,57,0
MSME102399,568000.0,12,16.76,2555000.0,1.36,750,IT Services,976000.0,1,1.8,Purchase of new machinery to expand production capacity,Gujarat,Male,44,0
MSME102400,214000.0,60,15.16,865000.0,2.06,743,Retail Trade,330000.0,2,4.9,Working capital for raw material procurement,Maharashtra,Male,17,0
MSME102401,913000.0,60,13.94,2375000.0,1.22,682,Manufacturing,254000.0,0,7.9,Purchase of new machinery to expand production capacity,Gujarat,Male,37,1
MSME102402,942000.0,24,11.22,2636000.0,0.52,631,Agriculture,382000.0,1,1.8,Refinance existing high-interest debt and consolidate dues,West Bengal,Male,50,1
MSME102403,858000.0,84,16.04,3874000.0,0.3,708,Logistics,1005000.0,2,6.8,Upgrade delivery fleet and cold-storage units,Kerala,Female,4,1
MSME102404,518000.0,48,17.2,1225000.0,0.91,692,Retail Trade,859000.0,0,1.0,Open a second retail outlet in the district,Karnataka,Male,4,0
MSME102405,401000.0,60,15.87,2139000.0,1.05,715,Textiles,471000.0,1,2.4,Refinance existing high-interest debt and consolidate dues,Maharashtra,Female,16,0
MSME102406,333000.0,36,13.84,1710000.0,0.63,701,Textiles,559000.0,1,8.1,Bridge a seasonal cash crunch ahead of festival demand,Tamil Nadu,Male,25,1
MSME102407,1476000.0,12,9.53,4679000.0,0.48,592,Manufacturing,2634000.0,1,5.2,Refinance existing high-interest debt and consolidate dues,Karnataka,Male,10,0
MSME102408,846000.0,36,13.69,2443000.0,0.83,681,Construction,372000.0,2,6.4,Emergency funds after delayed receivables from buyers,Gujarat,Male,41,1
MSME102409,245000.0,36,12.5,1224000.0,1.67,682,Food Processing,69000.0,2,5.5,Open a second retail outlet in the district,Gujarat,Female,4,0
MSME102410,497000.0,12,12.22,2607000.0,3.15,756,Retail Trade,880000.0,2,6.8,Bridge a seasonal cash crunch ahead of festival demand,Maharashtra,Male,40,0
MSME102411,400000.0,24,11.09,2332000.0,0.49,587,Retail Trade,182000.0,0,4.9,Emergency funds after delayed receivables from buyers,Punjab,Male,59,1
MSME102412,710000.0,24,9.38,1481000.0,1.4,691,Manufacturing,711000.0,1,5.6,Refinance existing high-interest debt and consolidate dues,Tamil Nadu,Female,47,0
MSME102413,691000.0,12,14.03,3307000.0,1.66,717,Manufacturing,471000.0,0,9.6,Open a second retail outlet in the district,Kerala,Male,6,0
MSME102414,241000.0,60,14.66,1442000.0,0.99,613,Agriculture,345000.0,0,0.6,Working capital for raw material procurement,Punjab,Male,18,0
MSME102415,268000.0,24,13.48,1380000.0,1.26,726,Logistics,425000.0,0,8.8,Purchase of new machinery to expand production capacity,Karnataka,Male,2,0
MSME102416,179000.0,24,13.64,909000.0,1.36,784,IT Services,120000.0,1,6.7,Working capital for raw material procurement,Tamil Nadu,Male,18,0
MSME102417,923000.0,24,16.99,5495000.0,0.5,780,Retail Trade,324000.0,1,1.6,Emergency funds after delayed receivables from buyers,Tamil Nadu,Male,38,1
MSME102418,1143000.0,36,14.58,3351000.0,1.73,732,Manufacturing,620000.0,1,3.8,Refinance existing high-interest debt and consolidate dues,Uttar Pradesh,Male,29,0
MSME102419,1597000.0,36,10.93,4084000.0,2.87,625,Construction,1249000.0,1,4.0,Bridge a seasonal cash crunch ahead of festival demand,Punjab,Male,36,0
MSME102420,514000.0,48,12.63,2848000.0,0.72,710,IT Services,721000.0,0,1.7,Upgrade delivery fleet and cold-storage units,West Bengal,Female,42,0
MSME102421,276000.0,60,17.12,1121000.0,2.26,715,Construction,220000.0,1,8.6,Bridge a seasonal cash crunch ahead of festival demand,Karnataka,Male,19,0
MSME102422,1699000.0,24,14.44,8020000.0,0.48,779,Textiles,377000.0,0,8.5,Working capital for raw material procurement,Tamil Nadu,Male,55,1
MSME102423,699000.0,36,12.73,3521000.0,1.93,683,Retail Trade,539000.0,2,0.4,Bridge a seasonal cash crunch ahead of festival demand,Tamil Nadu,Male,24,0
MSME102424,319000.0,36,13.32,883000.0,2.32,661,Agriculture,462000.0,0,5.1,Working capital for raw material procurement,Uttar Pradesh,Male,56,0
MSME102425,120000.0,24,9.05,502000.0,2.39,563,Retail Trade,175000.0,0,7.6,Purchase of new machinery to expand production capacity,Maharashtra,Male,9,0
MSME102426,494000.0,84,13.3,2689000.0,2.39,679,Construction,757000.0,3,3.3,Refinance existing high-interest debt and consolidate dues,Tamil Nadu,Male,32,0
MSME102427,562000.0,48,11.72,1126000.0,1.27,837,Retail Trade,533000.0,1,13.4,Purchase of new machinery to expand production capacity,Karnataka,Female,33,0
MSME102428,153000.0,12,13.5,368000.0,0.67,649,Textiles,87000.0,0,3.7,Refinance existing high-interest debt and consolidate dues,Tamil Nadu,Female,40,0
MSME102429,734000.0,36,9.74,2695000.0,1.06,733,Textiles,1258000.0,1,6.4,Expand textile weaving unit with additional looms,Kerala,Male,31,0
MSME102430,1145000.0,48,15.77,3367000.0,1.82,781,Retail Trade,2020000.0,0,4.6,Open a second retail outlet in the district,Gujarat,Male,53,0
MSME102431,445000.0,12,15.17,1326000.0,1.08,774,Construction,645000.0,1,4.7,Upgrade delivery fleet and cold-storage units,Kerala,Female,39,0
MSME102432,327000.0,36,12.64,1630000.0,1.85,654,Manufacturing,565000.0,0,14.6,Emergency funds after delayed receivables from buyers,Gujarat,Male,20,0
MSME102433,297000.0,24,11.57,1300000.0,1.34,626,Retail Trade,68000.0,0,4.0,Working capital for raw material procurement,Uttar Pradesh,Male,13,0
MSME102434,1035000.0,48,12.12,6093000.0,0.75,666,Retail Trade,590000.0,0,2.2,Working capital for raw material procurement,Gujarat,Female,38,0
MSME102435,213000.0,36,12.7,1044000.0,0.72,705,Logistics,202000.0,0,3.9,Upgrade delivery fleet and cold-storage units,Tamil Nadu,Female,48,0
MSME102436,728000.0,84,13.66,1864000.0,0.46,692,Manufacturing,1190000.0,1,9.9,Emergency funds after delayed receivables from buyers,Punjab,Male,31,0
MSME102437,233000.0,36,16.2,549000.0,1.1,630,Retail Trade,61000.0,0,1.1,Upgrade delivery fleet and cold-storage units,West Bengal,Male,17,0
MSME102438,1075000.0,60,11.59,2117000.0,1.74,604,Textiles,1272000.0,2,3.1,Working capital for raw material procurement,Karnataka,Female,26,0
MSME102439,762000.0,84,12.49,2095000.0,1.28,682,Retail Trade,321000.0,0,5.1,Expand textile weaving unit with additional looms,Gujarat,Female,48,0
MSME102440,770000.0,24,14.19,3006000.0,1.03,813,Agriculture,227000.0,0,3.4,Working capital for raw material procurement,Karnataka,Female,29,0
MSME102441,176000.0,60,16.05,880000.0,1.12,799,Logistics,282000.0,0,7.0,Bridge a seasonal cash crunch ahead of festival demand,Kerala,Female,23,0
MSME102442,670000.0,48,8.15,1391000.0,1.05,665,Retail Trade,763000.0,1,3.4,Refinance existing high-interest debt and consolidate dues,Karnataka,Male,31,0
MSME102443,766000.0,24,13.92,3750000.0,1.2,731,Manufacturing,214000.0,0,4.3,Working capital for raw material procurement,Gujarat,Female,28,1
MSME102444,278000.0,60,15.33,794000.0,1.17,661,Retail Trade,222000.0,1,2.1,Refinance existing high-interest debt and consolidate dues,Tamil Nadu,Male,53,0
MSME102445,728000.0,36,13.89,2338000.0,2.98,631,Retail Trade,1062000.0,1,8.3,Purchase of new machinery to expand production capacity,Tamil Nadu,Male,24,0
MSME102446,920000.0,12,16.31,3513000.0,1.56,683,Retail Trade,924000.0,1,3.2,Emergency funds after delayed receivables from buyers,Maharashtra,Female,18,0
MSME102447,1263000.0,60,14.16,6572000.0,1.1,729,Food Processing,656000.0,1,11.8,Upgrade delivery fleet and cold-storage units,Punjab,Female,11,0
MSME102448,159000.0,36,9.55,512000.0,2.03,658,Retail Trade,135000.0,1,7.9,Upgrade delivery fleet and cold-storage units,Gujarat,Male,32,0
MSME102449,405000.0,12,17.66,751000.0,1.44,600,Manufacturing,234000.0,1,8.3,Emergency funds after delayed receivables from buyers,Punjab,Male,10,1
MSME102450,585000.0,48,13.96,2651000.0,1.72,619,Food Processing,189000.0,0,15.9,Working capital for raw material procurement,Karnataka,Female,45,0
MSME102451,672000.0,12,10.56,2563000.0,1.31,654,Construction,1206000.0,3,14.5,Bridge a seasonal cash crunch ahead of festival demand,West Bengal,Male,39,1
MSME102452,499000.0,36,13.19,1333000.0,0.62,653,Manufacturing,355000.0,0,3.0,Working capital for raw material procurement,Uttar Pradesh,Male,23,0
MSME102453,408000.0,36,15.64,1408000.0,1.84,844,Retail Trade,655000.0,0,1.9,Working capital for raw material procurement,Kerala,Male,16,0
MSME102454,1396000.0,60,14.67,5230000.0,1.09,675,Textiles,2037000.0,1,5.4,Expand textile weaving unit with additional looms,Uttar Pradesh,Male,26,0
MSME102455,470000.0,36,12.46,712000.0,1.88,775,Manufacturing,689000.0,0,2.5,Upgrade delivery fleet and cold-storage units,Tamil Nadu,Male,46,0
MSME102456,529000.0,84,10.27,2158000.0,2.64,729,Manufacturing,435000.0,0,4.0,Purchase of new machinery to expand production capacity,Gujarat,Female,37,0
MSME102457,426000.0,84,15.91,1992000.0,1.36,597,Retail Trade,322000.0,2,2.1,Upgrade delivery fleet and cold-storage units,Kerala,Male,37,1
MSME102458,374000.0,84,14.15,1264000.0,2.55,742,Retail Trade,358000.0,0,3.6,Bridge a seasonal cash crunch ahead of festival demand,West Bengal,Female,4,0
MSME102459,1027000.0,36,8.0,5290000.0,0.98,785,Textiles,1571000.0,1,4.4,Emergency funds after delayed receivables from buyers,West Bengal,Male,35,0
MSME102460,284000.0,24,13.03,1128000.0,0.49,701,Food Processing,431000.0,0,5.8,Purchase of new machinery to expand production capacity,Maharashtra,Female,46,1
MSME102461,538000.0,12,10.08,1395000.0,0.74,695,Manufacturing,283000.0,0,2.7,Refinance existing high-interest debt and consolidate dues,Karnataka,Male,55,0
MSME102462,169000.0,60,12.93,838000.0,1.48,624,Retail Trade,300000.0,3,2.7,Upgrade delivery fleet and cold-storage units,Tamil Nadu,Female,47,0
MSME102463,2084000.0,36,12.52,7879000.0,1.9,643,Textiles,746000.0,0,5.3,Upgrade delivery fleet and cold-storage units,Kerala,Male,10,0
MSME102464,489000.0,36,9.69,1363000.0,1.05,606,Textiles,814000.0,0,5.9,Emergency funds after delayed receivables from buyers,Punjab,Female,58,0
MSME102465,892000.0,36,13.17,3677000.0,1.67,613,IT Services,915000.0,0,2.1,Open a second retail outlet in the district,West Bengal,Male,35,0
MSME102466,624000.0,36,19.71,1748000.0,1.23,741,Manufacturing,1114000.0,0,6.9,Expand textile weaving unit with additional looms,Kerala,Female,17,0
MSME102467,959000.0,36,17.7,1663000.0,2.38,630,Retail Trade,767000.0,0,7.9,Purchase of new machinery to expand production capacity,Karnataka,Male,20,0
MSME102468,373000.0,48,13.83,1634000.0,2.13,627,IT Services,177000.0,0,6.3,Bridge a seasonal cash crunch ahead of festival demand,Kerala,Male,38,0
MSME102469,131000.0,12,14.46,350000.0,0.69,834,Retail Trade,94000.0,0,4.8,Expand textile weaving unit with additional looms,Karnataka,Male,45,0
MSME102470,364000.0,48,12.72,669000.0,0.4,671,Manufacturing,222000.0,1,17.8,Emergency funds after delayed receivables from buyers,Tamil Nadu,Female,12,0
MSME102471,455000.0,60,9.17,2680000.0,1.2,665,Manufacturing,186000.0,1,4.7,Working capital for raw material procurement,Karnataka,Male,49,0
MSME102472,469000.0,24,16.86,2554000.0,1.16,556,Manufacturing,688000.0,0,4.8,Purchase of new machinery to expand production capacity,West Bengal,Male,25,1
MSME102473,959000.0,36,11.86,2005000.0,1.28,799,Textiles,1024000.0,0,4.6,Purchase of new machinery to expand production capacity,Punjab,Male,56,0
MSME102474,338000.0,60,11.2,604000.0,1.8,660,Textiles,440000.0,3,3.2,Upgrade delivery fleet and cold-storage units,Maharashtra,Male,6,1
MSME102475,301000.0,48,14.05,1336000.0,1.7,660,IT Services,224000.0,1,5.6,Open a second retail outlet in the district,West Bengal,Male,40,0
MSME102476,217000.0,48,10.12,1145000.0,1.08,683,Logistics,85000.0,1,1.0,Refinance existing high-interest debt and consolidate dues,Karnataka,Male,38,0
MSME102477,336000.0,12,16.42,961000.0,1.57,757,Food Processing,384000.0,0,1.6,Purchase of new machinery to expand production capacity,Uttar Pradesh,Male,51,0
MSME102478,460000.0,12,17.92,2251000.0,3.5,714,IT Services,387000.0,0,7.8,Bridge a seasonal cash crunch ahead of festival demand,Tamil Nadu,Female,5,0
MSME102479,1565000.0,12,10.63,2379000.0,0.86,690,Manufacturing,1792000.0,0,8.5,Open a second retail outlet in the district,Uttar Pradesh,Male,33,0
MSME102480,789000.0,36,9.78,1823000.0,0.64,642,Construction,965000.0,0,2.5,Refinance existing high-interest debt and consolidate dues,Uttar Pradesh,Male,57,1
MSME102481,417000.0,84,12.84,2321000.0,0.81,654,Textiles,233000.0,0,6.1,Upgrade delivery fleet and cold-storage units,Tamil Nadu,Male,58,1
MSME102482,190000.0,48,11.67,482000.0,3.12,645,Retail Trade,255000.0,0,1.3,Expand textile weaving unit with additional looms,Tamil Nadu,Female,38,0
MSME102483,311000.0,12,12.57,1229000.0,2.0,793,Textiles,323000.0,1,5.6,Emergency funds after delayed receivables from buyers,Uttar Pradesh,Female,9,0
MSME102484,396000.0,36,12.56,877000.0,0.69,714,Manufacturing,410000.0,0,3.1,Bridge a seasonal cash crunch ahead of festival demand,Gujarat,Male,56,0
MSME102485,338000.0,12,13.99,658000.0,1.93,666,Manufacturing,453000.0,0,9.2,Refinance existing high-interest debt and consolidate dues,Tamil Nadu,Male,4,0
MSME102486,919000.0,36,15.26,1400000.0,1.24,635,Textiles,1506000.0,0,6.5,Working capital for raw material procurement,Gujarat,Male,36,0
MSME102487,835000.0,48,11.21,3148000.0,1.91,780,Retail Trade,1010000.0,0,0.9,Open a second retail outlet in the district,Karnataka,Male,31,0
MSME102488,247000.0,24,17.32,943000.0,2.25,748,Food Processing,402000.0,1,4.9,Bridge a seasonal cash crunch ahead of festival demand,West Bengal,Male,16,0
MSME102489,373000.0,48,10.58,680000.0,0.96,715,Retail Trade,583000.0,1,5.9,Upgrade delivery fleet and cold-storage units,Uttar Pradesh,Male,1,1
MSME102490,479000.0,48,12.67,2215000.0,1.5,753,Manufacturing,271000.0,0,2.2,Expand textile weaving unit with additional looms,Kerala,Female,56,0
MSME102491,428000.0,36,9.36,1798000.0,1.93,606,Logistics,269000.0,1,4.2,Purchase of new machinery to expand production capacity,Karnataka,Male,53,0
MSME102492,571000.0,36,16.94,1217000.0,0.69,618,Retail Trade,743000.0,2,1.9,Bridge a seasonal cash crunch ahead of festival demand,Punjab,Female,51,1
MSME102493,235000.0,48,12.1,1180000.0,0.66,788,Construction,99000.0,1,11.6,Emergency funds after delayed receivables from buyers,Maharashtra,Male,40,1
MSME102494,271000.0,48,15.55,705000.0,1.15,703,IT Services,235000.0,2,3.3,Working capital for raw material procurement,Tamil Nadu,Female,58,0
MSME102495,362000.0,24,14.12,1481000.0,0.56,728,Manufacturing,568000.0,1,2.7,Working capital for raw material procurement,Tamil Nadu,Male,46,0
MSME102496,543000.0,36,12.09,2756000.0,0.86,594,Construction,778000.0,0,4.0,Purchase of new machinery to expand production capacity,Karnataka,Male,13,0
MSME102497,1307000.0,24,9.99,6725000.0,1.71,621,Construction,287000.0,2,5.9,Bridge a seasonal cash crunch ahead of festival demand,Maharashtra,Male,25,1
MSME102498,956000.0,36,13.27,4555000.0,1.69,706,Retail Trade,621000.0,0,4.9,Working capital for raw material procurement,Gujarat,Male,45,0
MSME102499,971000.0,36,14.18,3457000.0,1.63,589,Textiles,455000.0,2,16.2,Open a second retail outlet in the district,Maharashtra,Male,13,0
MSME102500,428000.0,24,9.92,2168000.0,0.86,589,Construction,531000.0,0,1.2,Refinance existing high-interest debt and consolidate dues,Maharashtra,Female,43,0
MSME102501,817000.0,48,12.52,3527000.0,0.9,542,Food Processing,492000.0,0,3.6,Upgrade delivery fleet and cold-storage units,Kerala,Female,4,1
MSME102502,220000.0,24,13.61,903000.0,0.35,758,IT Services,239000.0,0,2.8,Open a second retail outlet in the district,Maharashtra,Female,58,0
MSME102503,202000.0,36,11.23,832000.0,1.06,687,Manufacturing,69000.0,0,0.8,Expand textile weaving unit with additional looms,Gujarat,Male,25,0
MSME102504,258000.0,36,12.99,792000.0,1.13,778,Textiles,260000.0,0,3.3,Purchase of new machinery to expand production capacity,Tamil Nadu,Female,29,1
MSME102505,150000.0,48,18.33,846000.0,2.64,617,IT Services,146000.0,0,4.3,Upgrade delivery fleet and cold-storage units,Punjab,Male,5,0
MSME102506,569000.0,12,13.3,3009000.0,0.56,665,Construction,136000.0,1,7.3,Refinance existing high-interest debt and consolidate dues,Gujarat,Male,58,1
MSME102507,441000.0,48,17.46,2214000.0,1.47,677,IT Services,669000.0,2,2.4,Open a second retail outlet in the district,Kerala,Male,59,0
MSME102508,1259000.0,48,10.84,5098000.0,1.38,674,Manufacturing,2207000.0,1,0.3,Purchase of new machinery to expand production capacity,West Bengal,Male,20,0
MSME102509,348000.0,12,14.92,2078000.0,1.21,728,Construction,496000.0,0,1.1,Purchase of new machinery to expand production capacity,Karnataka,Male,53,0
MSME102510,489000.0,48,15.41,2769000.0,1.85,710,Retail Trade,567000.0,1,5.7,Expand textile weaving unit with additional looms,Uttar Pradesh,Male,34,0
MSME102511,949000.0,12,14.63,2727000.0,1.3,769,Retail Trade,1338000.0,0,7.6,Refinance existing high-interest debt and consolidate dues,Kerala,Male,54,0
MSME102512,548000.0,12,11.72,2221000.0,2.2,547,Manufacturing,735000.0,1,13.2,Upgrade delivery fleet and cold-storage units,West Bengal,Male,43,0
MSME102513,210000.0,84,17.05,505000.0,1.06,654,Retail Trade,107000.0,1,1.3,Upgrade delivery fleet and cold-storage units,Kerala,Male,37,1
MSME102514,673000.0,84,15.76,3111000.0,1.54,654,Retail Trade,789000.0,0,6.8,Emergency funds after delayed receivables from buyers,Kerala,Male,21,0
MSME102515,227000.0,24,16.37,492000.0,1.15,659,Logistics,313000.0,0,2.7,Refinance existing high-interest debt and consolidate dues,Karnataka,Female,24,0
MSME102516,455000.0,48,14.68,2611000.0,1.71,744,Logistics,342000.0,1,2.8,Bridge a seasonal cash crunch ahead of festival demand,Karnataka,Male,15,1
MSME102517,1723000.0,12,11.19,9265000.0,0.91,549,Retail Trade,1544000.0,1,3.4,Bridge a seasonal cash crunch ahead of festival demand,Tamil Nadu,Male,22,1
MSME102518,383000.0,24,12.16,1114000.0,2.26,631,Construction,230000.0,0,2.9,Purchase of new machinery to expand production capacity,Kerala,Female,25,0
MSME102519,703000.0,48,11.75,2312000.0,0.6,708,Textiles,1178000.0,0,4.4,Expand textile weaving unit with additional looms,Gujarat,Female,21,0
MSME102520,405000.0,48,11.67,2365000.0,2.04,795,Textiles,700000.0,0,2.5,Purchase of new machinery to expand production capacity,Uttar Pradesh,Female,24,0
MSME102521,916000.0,36,17.06,2788000.0,0.81,796,Retail Trade,550000.0,0,8.3,Working capital for raw material procurement,West Bengal,Male,52,0
MSME102522,559000.0,84,12.8,2133000.0,1.01,726,Retail Trade,747000.0,0,5.8,Bridge a seasonal cash crunch ahead of festival demand,Punjab,Male,45,0
MSME102523,390000.0,48,15.51,1671000.0,2.43,628,Construction,697000.0,1,4.2,Bridge a seasonal cash crunch ahead of festival demand,Uttar Pradesh,Female,43,0
MSME102524,230000.0,60,15.89,970000.0,1.5,735,Retail Trade,190000.0,1,2.8,Open a second retail outlet in the district,Kerala,Female,35,1
MSME102525,717000.0,36,15.71,2810000.0,1.11,677,Retail Trade,450000.0,1,1.5,Working capital for raw material procurement,Karnataka,Male,5,0
MSME102526,536000.0,36,18.03,932000.0,1.86,736,Textiles,247000.0,0,8.9,Upgrade delivery fleet and cold-storage units,Gujarat,Male,9,0
MSME102527,333000.0,60,12.99,988000.0,1.07,809,Agriculture,183000.0,0,2.6,Refinance existing high-interest debt and consolidate dues,Karnataka,Male,10,0
MSME102528,376000.0,60,12.0,635000.0,1.55,731,IT Services,145000.0,0,6.9,Expand textile weaving unit with additional looms,Kerala,Female,2,0
MSME102529,405000.0,24,14.75,1172000.0,3.03,671,Retail Trade,594000.0,1,1.8,Emergency funds after delayed receivables from buyers,Gujarat,Male,30,0
MSME102530,530000.0,12,13.89,3071000.0,0.83,723,Manufacturing,535000.0,0,9.3,Expand textile weaving unit with additional looms,Tamil Nadu,Male,4,0
MSME102531,1963000.0,24,12.28,9488000.0,0.93,696,Retail Trade,2706000.0,1,2.5,Expand textile weaving unit with additional looms,Karnataka,Male,40,1
MSME102532,143000.0,84,13.96,523000.0,0.48,652,Manufacturing,118000.0,1,2.5,Open a second retail outlet in the district,Tamil Nadu,Female,27,1
MSME102533,390000.0,24,13.88,1547000.0,1.11,760,Construction,182000.0,2,3.7,Working capital for raw material procurement,Maharashtra,Male,13,1
MSME102534,307000.0,24,12.93,1338000.0,1.02,610,Manufacturing,432000.0,1,4.2,Bridge a seasonal cash crunch ahead of festival demand,Maharashtra,Female,28,1
MSME102535,521000.0,36,16.32,1739000.0,1.14,745,Retail Trade,518000.0,0,1.1,Purchase of new machinery to expand production capacity,Tamil Nadu,Male,22,0
MSME102536,295000.0,36,16.14,635000.0,1.32,682,Construction,485000.0,1,1.5,Purchase of new machinery to expand production capacity,Kerala,Male,13,1
MSME102537,400000.0,12,14.11,1357000.0,0.77,737,Construction,364000.0,2,3.7,Bridge a seasonal cash crunch ahead of festival demand,Kerala,Female,23,0
MSME102538,1065000.0,36,11.61,4429000.0,1.2,700,Food Processing,229000.0,1,5.8,Emergency funds after delayed receivables from buyers,Tamil Nadu,Female,32,0
MSME102539,472000.0,36,10.36,2441000.0,2.13,806,Textiles,431000.0,0,6.1,Open a second retail outlet in the district,Maharashtra,Male,35,0
MSME102540,770000.0,12,12.4,4062000.0,2.88,595,Retail Trade,1091000.0,1,2.0,Bridge a seasonal cash crunch ahead of festival demand,Tamil Nadu,Male,54,0
MSME102541,638000.0,48,9.2,3498000.0,1.36,736,Food Processing,957000.0,0,6.1,Working capital for raw material procurement,Tamil Nadu,Female,24,0
MSME102542,1335000.0,24,16.23,4646000.0,1.04,757,Textiles,945000.0,0,1.1,Bridge a seasonal cash crunch ahead of festival demand,Gujarat,Female,51,1
MSME102543,502000.0,48,10.15,1171000.0,1.52,625,IT Services,800000.0,0,6.1,Purchase of new machinery to expand production capacity,Karnataka,Female,10,0
MSME102544,405000.0,12,13.96,633000.0,2.64,753,Manufacturing,696000.0,4,4.3,Expand textile weaving unit with additional looms,Punjab,Male,15,0
MSME102545,917000.0,36,11.64,2158000.0,2.75,688,Food Processing,198000.0,0,1.2,Working capital for raw material procurement,West Bengal,Female,14,0
MSME102546,500000.0,48,13.09,1792000.0,1.54,711,Manufacturing,849000.0,0,0.8,Upgrade delivery fleet and cold-storage units,Maharashtra,Male,57,0
MSME102547,113000.0,60,12.79,289000.0,2.04,743,Retail Trade,53000.0,0,3.0,Working capital for raw material procurement,Gujarat,Female,40,0
MSME102548,397000.0,24,15.86,2339000.0,0.58,580,Food Processing,152000.0,1,2.4,Upgrade delivery fleet and cold-storage units,Tamil Nadu,Male,53,1
MSME102549,384000.0,84,13.74,817000.0,0.61,612,Manufacturing,136000.0,1,6.9,Bridge a seasonal cash crunch ahead of festival demand,Karnataka,Male,10,0
MSME102550,349000.0,24,12.6,910000.0,1.99,699,Textiles,416000.0,0,3.2,Refinance existing high-interest debt and consolidate dues,Tamil Nadu,Male,17,1
MSME102551,615000.0,24,12.06,3279000.0,1.19,670,Logistics,205000.0,0,4.3,Open a second retail outlet in the district,Maharashtra,Male,2,0
MSME102552,787000.0,60,14.78,2615000.0,1.08,687,Textiles,427000.0,2,6.9,Upgrade delivery fleet and cold-storage units,West Bengal,Female,5,0
MSME102553,306000.0,12,12.65,996000.0,1.01,768,Manufacturing,270000.0,0,3.3,Upgrade delivery fleet and cold-storage units,Uttar Pradesh,Male,52,0
MSME102554,348000.0,48,10.1,1596000.0,1.28,648,Textiles,337000.0,2,7.9,Emergency funds after delayed receivables from buyers,Kerala,Female,28,0
MSME102555,309000.0,24,13.79,1637000.0,1.51,616,Retail Trade,297000.0,1,3.6,Expand textile weaving unit with additional looms,Maharashtra,Male,12,1
MSME102556,737000.0,24,14.33,3338000.0,0.97,691,Retail Trade,658000.0,1,8.2,Expand textile weaving unit with additional looms,Kerala,Male,51,1
MSME102557,341000.0,12,13.21,724000.0,1.37,642,Food Processing,82000.0,0,6.2,Working capital for raw material procurement,Maharashtra,Female,29,0
MSME102558,335000.0,12,15.22,1939000.0,1.75,739,IT Services,589000.0,2,2.8,Emergency funds after delayed receivables from buyers,Gujarat,Male,56,0
MSME102559,134000.0,12,15.31,656000.0,2.61,615,Retail Trade,240000.0,0,2.5,Expand textile weaving unit with additional looms,Uttar Pradesh,Male,31,0
MSME102560,630000.0,36,10.06,2168000.0,1.98,736,Manufacturing,797000.0,0,0.4,Open a second retail outlet in the district,Kerala,Male,23,0
MSME102561,258000.0,24,15.68,405000.0,1.55,724,Textiles,71000.0,1,2.3,Purchase of new machinery to expand production capacity,Maharashtra,Female,18,0
MSME102562,363000.0,60,14.08,1985000.0,0.73,620,Construction,84000.0,0,2.7,Expand textile weaving unit with additional looms,Tamil Nadu,Female,50,0
MSME102563,177000.0,36,10.44,856000.0,3.49,603,Construction,54000.0,0,10.7,Expand textile weaving unit with additional looms,Tamil Nadu,Male,26,0
MSME102564,1703000.0,48,13.67,5057000.0,2.13,785,Construction,1009000.0,1,8.0,Purchase of new machinery to expand production capacity,Gujarat,Male,11,0
MSME102565,252000.0,12,15.0,597000.0,2.14,749,Agriculture,422000.0,0,7.7,Expand textile weaving unit with additional looms,Kerala,Female,37,0
MSME102566,557000.0,36,13.41,874000.0,2.08,633,Manufacturing,626000.0,0,6.5,Expand textile weaving unit with additional looms,West Bengal,Male,31,0
MSME102567,445000.0,24,14.19,1410000.0,1.2,777,Logistics,531000.0,3,4.9,Open a second retail outlet in the district,Karnataka,Male,16,1
MSME102568,1022000.0,84,18.37,1583000.0,0.78,690,Agriculture,471000.0,1,6.6,Working capital for raw material procurement,Karnataka,Male,13,1
MSME102569,271000.0,24,12.59,1121000.0,1.88,753,Retail Trade,234000.0,0,2.6,Bridge a seasonal cash crunch ahead of festival demand,Karnataka,Male,4,0
MSME102570,1103000.0,36,11.88,5181000.0,1.76,691,Agriculture,878000.0,2,6.8,Refinance existing high-interest debt and consolidate dues,Maharashtra,Male,50,1
MSME102571,316000.0,12,11.4,812000.0,1.51,732,Construction,454000.0,0,5.0,Bridge a seasonal cash crunch ahead of festival demand,Gujarat,Female,5,0
MSME102572,291000.0,24,9.73,1185000.0,0.92,829,IT Services,135000.0,0,4.4,Upgrade delivery fleet and cold-storage units,Punjab,Male,42,0
MSME102573,267000.0,48,12.97,418000.0,1.22,735,Construction,289000.0,0,7.3,Bridge a seasonal cash crunch ahead of festival demand,Maharashtra,Male,46,0
MSME102574,104000.0,24,13.98,533000.0,1.79,684,Construction,124000.0,2,14.2,Open a second retail outlet in the district,West Bengal,Male,33,0
MSME102575,376000.0,60,14.84,935000.0,1.56,639,Retail Trade,578000.0,1,5.6,Open a second retail outlet in the district,Karnataka,Male,9,0
MSME102576,236000.0,48,13.63,455000.0,1.14,623,Retail Trade,272000.0,1,3.4,Bridge a seasonal cash crunch ahead of festival demand,Karnataka,Female,56,0
MSME102577,119000.0,24,12.79,302000.0,1.75,752,IT Services,79000.0,1,3.8,Working capital for raw material procurement,Maharashtra,Male,27,0
MSME102578,413000.0,48,12.12,1935000.0,1.77,682,IT Services,369000.0,0,1.5,Emergency funds after delayed receivables from buyers,Tamil Nadu,Female,47,1
MSME102579,571000.0,24,10.05,3199000.0,1.51,693,Retail Trade,503000.0,1,2.8,Upgrade delivery fleet and cold-storage units,Karnataka,Male,47,0
MSME102580,243000.0,24,14.79,892000.0,2.77,651,IT Services,155000.0,4,7.5,Open a second retail outlet in the district,Tamil Nadu,Female,49,0
MSME102581,576000.0,36,17.61,1415000.0,0.96,630,Textiles,922000.0,2,7.8,Expand textile weaving unit with additional looms,Maharashtra,Male,42,1
MSME102582,447000.0,36,9.16,2240000.0,2.17,716,Agriculture,579000.0,0,6.9,Open a second retail outlet in the district,Gujarat,Female,37,0
MSME102583,1027000.0,60,20.8,3904000.0,1.69,647,Textiles,543000.0,0,6.6,Open a second retail outlet in the district,Maharashtra,Male,4,0
MSME102584,864000.0,36,11.58,4494000.0,0.52,763,Manufacturing,725000.0,0,7.0,Open a second retail outlet in the district,Tamil Nadu,Male,14,0
MSME102585,2808000.0,48,17.2,14063000.0,0.3,773,Textiles,3015000.0,1,4.8,Bridge a seasonal cash crunch ahead of festival demand,Kerala,Female,7,1
MSME102586,451000.0,36,14.84,1931000.0,1.64,670,Food Processing,300000.0,0,6.2,Expand textile weaving unit with additional looms,Gujarat,Male,23,0
MSME102587,434000.0,48,15.1,1662000.0,2.59,772,Textiles,566000.0,1,4.5,Refinance existing high-interest debt and consolidate dues,Maharashtra,Male,33,0
MSME102588,1080000.0,48,16.81,2447000.0,0.96,666,Manufacturing,1853000.0,0,6.0,Emergency funds after delayed receivables from buyers,Kerala,Male,17,0
MSME102589,673000.0,60,12.38,1764000.0,1.54,654,Food Processing,696000.0,2,4.6,Emergency funds after delayed receivables from buyers,Karnataka,Female,52,1
MSME102590,859000.0,36,11.42,3683000.0,0.37,699,Food Processing,1521000.0,1,0.3,Working capital for raw material procurement,Karnataka,Male,18,1
MSME102591,289000.0,48,14.43,1318000.0,1.35,629,Retail Trade,477000.0,0,3.6,Refinance existing high-interest debt and consolidate dues,Kerala,Male,26,1
MSME102592,419000.0,12,10.16,2274000.0,1.56,707,Retail Trade,331000.0,0,10.5,Bridge a seasonal cash crunch ahead of festival demand,Punjab,Male,40,0
MSME102593,966000.0,36,15.88,1629000.0,2.19,699,Logistics,1049000.0,1,13.1,Expand textile weaving unit with additional looms,Uttar Pradesh,Male,41,1
MSME102594,314000.0,12,11.48,1435000.0,1.0,564,Manufacturing,261000.0,2,2.3,Refinance existing high-interest debt and consolidate dues,Tamil Nadu,Male,8,1
MSME102595,995000.0,60,14.8,2493000.0,0.56,728,Construction,839000.0,0,4.5,Emergency funds after delayed receivables from buyers,West Bengal,Male,16,1
MSME102596,556000.0,36,13.27,1418000.0,1.11,725,Textiles,616000.0,0,8.1,Emergency funds after delayed receivables from buyers,West Bengal,Male,20,0
MSME102597,468000.0,60,12.32,2068000.0,1.9,735,Construction,385000.0,0,3.0,Open a second retail outlet in the district,West Bengal,Male,46,0
MSME102598,628000.0,36,12.52,1790000.0,1.51,730,Construction,852000.0,1,5.5,Open a second retail outlet in the district,Kerala,Male,11,0
MSME102599,855000.0,36,9.42,3050000.0,0.62,696,IT Services,270000.0,0,21.2,Bridge a seasonal cash crunch ahead of festival demand,Kerala,Male,46,0
MSME102600,555000.0,36,11.83,2827000.0,1.27,583,IT Services,936000.0,1,15.8,Upgrade delivery fleet and cold-storage units,Kerala,Male,46,1
MSME102601,502000.0,36,16.01,2510000.0,1.25,757,Construction,222000.0,0,6.1,Working capital for raw material procurement,Maharashtra,Female,35,1
MSME102602,381000.0,36,13.2,1146000.0,2.08,554,Retail Trade,362000.0,0,2.1,Expand textile weaving unit with additional looms,Uttar Pradesh,Male,19,0
MSME102603,349000.0,60,12.89,808000.0,2.18,804,Food Processing,440000.0,2,7.1,Emergency funds after delayed receivables from buyers,Tamil Nadu,Female,44,0
MSME102604,647000.0,60,14.32,1253000.0,1.31,792,Retail Trade,651000.0,2,3.9,Emergency funds after delayed receivables from buyers,Maharashtra,Female,25,0
MSME102605,712000.0,48,11.49,2836000.0,0.68,618,Logistics,1229000.0,2,6.6,Purchase of new machinery to expand production capacity,Maharashtra,Female,53,1
MSME102606,1560000.0,36,13.83,5781000.0,2.27,728,Construction,799000.0,2,6.8,Bridge a seasonal cash crunch ahead of festival demand,Punjab,Male,34,0
MSME102607,463000.0,12,12.6,1341000.0,1.06,692,IT Services,567000.0,2,1.4,Purchase of new machinery to expand production capacity,Maharashtra,Male,37,0
MSME102608,275000.0,36,10.74,487000.0,0.49,743,IT Services,319000.0,1,6.1,Open a second retail outlet in the district,Maharashtra,Male,27,1
MSME102609,678000.0,84,14.99,2990000.0,1.7,535,Agriculture,665000.0,0,3.1,Working capital for raw material procurement,Uttar Pradesh,Male,57,0
MSME102610,678000.0,60,10.08,2002000.0,0.59,692,IT Services,881000.0,1,5.6,Upgrade delivery fleet and cold-storage units,Maharashtra,Female,12,0
MSME102611,152000.0,36,14.31,780000.0,1.81,686,Textiles,73000.0,2,6.1,Bridge a seasonal cash crunch ahead of festival demand,West Bengal,Male,50,1
MSME102612,1199000.0,60,17.04,5468000.0,0.91,729,Textiles,883000.0,0,3.5,Working capital for raw material procurement,Punjab,Male,12,0
MSME102613,120000.0,24,11.81,551000.0,1.19,743,Agriculture,88000.0,0,2.1,Purchase of new machinery to expand production capacity,Uttar Pradesh,Female,14,0
MSME102614,488000.0,36,18.68,2747000.0,1.08,570,IT Services,451000.0,1,3.4,Emergency funds after delayed receivables from buyers,Maharashtra,Female,34,0
MSME102615,168000.0,24,10.59,561000.0,1.41,556,Textiles,178000.0,0,3.5,Open a second retail outlet in the district,Kerala,Female,8,1
MSME102616,935000.0,48,18.17,4879000.0,2.22,670,Manufacturing,1371000.0,1,4.0,Purchase of new machinery to expand production capacity,Kerala,Female,32,0
MSME102617,771000.0,36,18.37,4271000.0,0.98,729,Construction,444000.0,0,1.5,Bridge a seasonal cash crunch ahead of festival demand,Karnataka,Male,4,1
MSME102618,385000.0,60,10.41,1301000.0,1.55,657,Manufacturing,306000.0,0,4.5,Bridge a seasonal cash crunch ahead of festival demand,Karnataka,Female,45,0
MSME102619,238000.0,48,16.46,750000.0,1.08,641,Retail Trade,217000.0,2,0.9,Emergency funds after delayed receivables from buyers,West Bengal,Male,32,0
MSME102620,946000.0,48,12.29,3973000.0,2.33,804,Retail Trade,234000.0,0,2.9,Purchase of new machinery to expand production capacity,West Bengal,Male,6,0
MSME102621,585000.0,48,15.47,1497000.0,0.93,728,Food Processing,200000.0,0,5.5,Purchase of new machinery to expand production capacity,Uttar Pradesh,Male,28,1
MSME102622,554000.0,12,14.17,2713000.0,0.65,666,Textiles,276000.0,2,4.3,Refinance existing high-interest debt and consolidate dues,Kerala,Female,9,1
MSME102623,160000.0,48,16.77,923000.0,1.58,697,Manufacturing,203000.0,0,7.3,Purchase of new machinery to expand production capacity,Kerala,Male,23,0
MSME102624,651000.0,12,15.86,1740000.0,0.94,633,Manufacturing,317000.0,0,11.1,Open a second retail outlet in the district,Gujarat,Male,15,0
MSME102625,1152000.0,12,11.6,5463000.0,1.01,681,Retail Trade,329000.0,0,2.7,Refinance existing high-interest debt and consolidate dues,West Bengal,Female,31,1
MSME102626,1617000.0,48,17.13,8925000.0,3.5,695,Retail Trade,2724000.0,0,3.0,Bridge a seasonal cash crunch ahead of festival demand,West Bengal,Female,4,0
MSME102627,357000.0,48,15.28,688000.0,0.99,552,Logistics,171000.0,0,9.6,Purchase of new machinery to expand production capacity,Punjab,Female,9,1
MSME102628,633000.0,36,15.53,2930000.0,1.77,733,IT Services,574000.0,0,3.0,Emergency funds after delayed receivables from buyers,Punjab,Male,20,0
MSME102629,640000.0,24,18.59,2704000.0,1.05,676,Agriculture,885000.0,0,7.8,Refinance existing high-interest debt and consolidate dues,Gujarat,Male,25,1
MSME102630,1275000.0,24,14.35,6104000.0,3.5,704,Construction,1761000.0,0,14.7,Bridge a seasonal cash crunch ahead of festival demand,West Bengal,Male,27,0
MSME102631,778000.0,24,16.19,3161000.0,1.0,614,Food Processing,656000.0,0,5.3,Open a second retail outlet in the district,Punjab,Female,50,1
MSME102632,712000.0,60,15.55,2620000.0,0.45,675,IT Services,942000.0,1,7.4,Emergency funds after delayed receivables from buyers,Karnataka,Female,18,0
MSME102633,1362000.0,36,14.72,4326000.0,0.42,767,IT Services,1877000.0,0,3.9,Working capital for raw material procurement,Punjab,Male,37,0
MSME102634,630000.0,36,14.67,1751000.0,3.5,794,IT Services,733000.0,2,2.2,Emergency funds after delayed receivables from buyers,Uttar Pradesh,Male,8,0
MSME102635,350000.0,24,9.7,600000.0,1.04,597,Retail Trade,204000.0,1,7.6,Expand textile weaving unit with additional looms,Uttar Pradesh,Female,57,1
MSME102636,643000.0,60,16.38,1782000.0,1.35,691,Manufacturing,785000.0,0,6.4,Emergency funds after delayed receivables from buyers,Uttar Pradesh,Female,33,0
MSME102637,435000.0,24,14.14,982000.0,1.09,503,Manufacturing,555000.0,0,0.7,Refinance existing high-interest debt and consolidate dues,Gujarat,Male,49,1
MSME102638,581000.0,36,11.57,3157000.0,2.08,761,IT Services,239000.0,1,4.0,Refinance existing high-interest debt and consolidate dues,Uttar Pradesh,Male,45,0
MSME102639,1434000.0,12,11.5,6766000.0,2.56,677,Food Processing,1068000.0,1,2.4,Bridge a seasonal cash crunch ahead of festival demand,Punjab,Female,39,0
MSME102640,2014000.0,60,13.42,11651000.0,0.98,625,Retail Trade,2006000.0,1,6.5,Bridge a seasonal cash crunch ahead of festival demand,Kerala,Female,59,1
MSME102641,373000.0,60,16.04,1697000.0,1.45,682,Construction,324000.0,1,3.1,Purchase of new machinery to expand production capacity,Karnataka,Male,57,0
MSME102642,325000.0,60,15.65,1812000.0,0.41,717,Logistics,336000.0,1,5.0,Open a second retail outlet in the district,Kerala,Male,33,0
MSME102643,678000.0,60,13.13,1228000.0,1.11,650,Construction,599000.0,1,4.4,Emergency funds after delayed receivables from buyers,Karnataka,Male,20,1
MSME102644,1133000.0,12,19.23,6444000.0,1.03,644,Manufacturing,761000.0,0,3.3,Bridge a seasonal cash crunch ahead of festival demand,Karnataka,Male,3,1
MSME102645,625000.0,36,11.66,2786000.0,1.0,656,Manufacturing,191000.0,0,14.4,Expand textile weaving unit with additional looms,Maharashtra,Male,32,0
MSME102646,835000.0,12,14.48,3026000.0,0.81,741,Food Processing,924000.0,0,3.3,Refinance existing high-interest debt and consolidate dues,Tamil Nadu,Female,35,0
MSME102647,1317000.0,36,13.44,4854000.0,3.5,612,Retail Trade,693000.0,1,4.6,Expand textile weaving unit with additional looms,Karnataka,Male,13,0
MSME102648,525000.0,24,10.98,1483000.0,0.67,624,Textiles,691000.0,1,6.4,Purchase of new machinery to expand production capacity,West Bengal,Female,23,0
MSME102649,1688000.0,84,14.36,5397000.0,1.03,659,Textiles,536000.0,0,7.6,Emergency funds after delayed receivables from buyers,Gujarat,Female,55,1
MSME102650,443000.0,24,17.49,1071000.0,1.06,727,Agriculture,560000.0,0,4.5,Bridge a seasonal cash crunch ahead of festival demand,Kerala,Male,54,0
MSME102651,564000.0,36,19.16,3327000.0,0.95,711,Retail Trade,163000.0,0,4.3,Purchase of new machinery to expand production capacity,Maharashtra,Female,28,0
MSME102652,1026000.0,24,13.77,4851000.0,0.43,694,IT Services,1674000.0,0,2.9,Expand textile weaving unit with additional looms,Kerala,Female,27,1
MSME102653,359000.0,60,15.44,1213000.0,1.74,752,Construction,230000.0,1,0.4,Working capital for raw material procurement,West Bengal,Male,36,0
MSME102654,517000.0,60,16.81,1558000.0,2.03,727,IT Services,232000.0,1,1.6,Open a second retail outlet in the district,Karnataka,Male,47,0
MSME102655,368000.0,36,12.84,649000.0,2.02,747,Retail Trade,340000.0,0,9.2,Bridge a seasonal cash crunch ahead of festival demand,Gujarat,Male,23,0
MSME102656,168000.0,12,9.31,913000.0,0.82,570,Food Processing,45000.0,0,1.7,Purchase of new machinery to expand production capacity,Tamil Nadu,Female,43,1
MSME102657,102000.0,36,15.07,237000.0,1.1,702,Logistics,127000.0,1,9.8,Open a second retail outlet in the district,Tamil Nadu,Male,48,0
MSME102658,455000.0,60,11.64,1664000.0,2.28,648,Construction,497000.0,4,2.3,Purchase of new machinery to expand production capacity,Gujarat,Female,23,0
MSME102659,414000.0,48,13.33,1255000.0,1.79,655,Construction,614000.0,1,3.7,Expand textile weaving unit with additional looms,Uttar Pradesh,Female,50,0
MSME102660,685000.0,60,12.8,2549000.0,1.06,631,IT Services,405000.0,0,7.2,Emergency funds after delayed receivables from buyers,Karnataka,Male,38,0
MSME102661,457000.0,24,12.15,847000.0,1.61,650,Construction,577000.0,0,8.8,Upgrade delivery fleet and cold-storage units,Uttar Pradesh,Male,54,0
MSME102662,814000.0,60,13.54,4695000.0,1.91,687,Manufacturing,709000.0,1,3.4,Bridge a seasonal cash crunch ahead of festival demand,Kerala,Male,8,0
MSME102663,416000.0,48,13.22,1502000.0,1.24,641,Construction,110000.0,0,2.1,Working capital for raw material procurement,Karnataka,Male,45,1
MSME102664,429000.0,12,10.79,2420000.0,0.65,646,Food Processing,593000.0,1,4.6,Bridge a seasonal cash crunch ahead of festival demand,Kerala,Female,26,1
MSME102665,922000.0,36,11.67,4423000.0,1.1,635,Manufacturing,890000.0,2,7.0,Purchase of new machinery to expand production capacity,Tamil Nadu,Male,46,0
MSME102666,304000.0,12,14.85,1411000.0,0.53,676,IT Services,353000.0,1,3.7,Upgrade delivery fleet and cold-storage units,Karnataka,Male,33,1
MSME102667,653000.0,36,12.5,1711000.0,1.16,666,Textiles,966000.0,2,5.6,Bridge a seasonal cash crunch ahead of festival demand,West Bengal,Female,4,0
MSME102668,326000.0,48,15.41,605000.0,0.65,695,Logistics,279000.0,1,7.6,Open a second retail outlet in the district,West Bengal,Male,59,0
MSME102669,977000.0,12,18.09,3169000.0,1.15,790,IT Services,1680000.0,1,2.6,Working capital for raw material procurement,West Bengal,Male,11,0
MSME102670,277000.0,48,15.75,1464000.0,1.18,604,Textiles,314000.0,0,2.7,Upgrade delivery fleet and cold-storage units,Punjab,Female,4,1
MSME102671,870000.0,24,13.38,5166000.0,2.02,612,Construction,922000.0,0,1.9,Purchase of new machinery to expand production capacity,Uttar Pradesh,Female,49,1
MSME102672,275000.0,48,16.17,1291000.0,0.54,711,Construction,67000.0,0,4.4,Expand textile weaving unit with additional looms,Karnataka,Female,31,0
MSME102673,550000.0,24,12.51,2674000.0,1.0,677,Logistics,419000.0,1,1.6,Emergency funds after delayed receivables from buyers,Maharashtra,Female,12,0
MSME102674,276000.0,12,13.08,1119000.0,2.51,677,Food Processing,144000.0,1,6.2,Open a second retail outlet in the district,Kerala,Female,26,0
MSME102675,990000.0,24,11.68,4794000.0,2.4,666,Textiles,1476000.0,0,3.7,Refinance existing high-interest debt and consolidate dues,Uttar Pradesh,Female,41,0
MSME102676,622000.0,36,18.11,3292000.0,1.44,796,Manufacturing,242000.0,2,10.8,Emergency funds after delayed receivables from buyers,Uttar Pradesh,Female,16,0
MSME102677,305000.0,36,15.48,1685000.0,3.5,691,Retail Trade,394000.0,0,5.6,Refinance existing high-interest debt and consolidate dues,Gujarat,Male,11,0
MSME102678,324000.0,12,11.03,1587000.0,1.67,679,Retail Trade,260000.0,0,2.5,Refinance existing high-interest debt and consolidate dues,Punjab,Female,39,0
MSME102679,1506000.0,12,15.26,5928000.0,0.91,677,Textiles,651000.0,3,7.9,Working capital for raw material procurement,Uttar Pradesh,Male,9,1
MSME102680,1077000.0,24,8.15,3054000.0,0.75,751,Textiles,395000.0,0,1.8,Refinance existing high-interest debt and consolidate dues,Kerala,Female,37,0
MSME102681,316000.0,12,8.63,1405000.0,1.99,691,IT Services,267000.0,0,3.7,Upgrade delivery fleet and cold-storage units,Punjab,Female,21,0
MSME102682,497000.0,48,10.77,864000.0,2.36,665,IT Services,836000.0,1,3.2,Bridge a seasonal cash crunch ahead of festival demand,Maharashtra,Female,11,0
MSME102683,900000.0,36,10.27,1557000.0,1.04,597,Construction,816000.0,1,9.9,Open a second retail outlet in the district,Tamil Nadu,Female,16,0
MSME102684,178000.0,24,10.88,449000.0,2.26,703,Retail Trade,310000.0,0,1.2,Upgrade delivery fleet and cold-storage units,Tamil Nadu,Female,3,0
MSME102685,695000.0,60,10.08,1969000.0,1.56,667,Retail Trade,1141000.0,0,5.0,Refinance existing high-interest debt and consolidate dues,Kerala,Male,31,0
MSME102686,325000.0,12,10.81,1650000.0,1.63,689,Retail Trade,126000.0,2,7.2,Open a second retail outlet in the district,Uttar Pradesh,Male,32,0
MSME102687,626000.0,36,12.72,991000.0,0.54,530,Manufacturing,180000.0,3,5.6,Open a second retail outlet in the district,Karnataka,Male,43,1
MSME102688,746000.0,24,14.43,1295000.0,2.03,610,Textiles,357000.0,0,6.6,Bridge a seasonal cash crunch ahead of festival demand,Uttar Pradesh,Female,6,1
MSME102689,673000.0,48,14.84,1924000.0,1.18,748,Food Processing,237000.0,1,5.3,Purchase of new machinery to expand production capacity,West Bengal,Male,11,0
MSME102690,2404000.0,48,13.3,13796000.0,0.64,778,Textiles,1455000.0,1,5.2,Bridge a seasonal cash crunch ahead of festival demand,Kerala,Female,41,1
MSME102691,617000.0,36,12.93,3471000.0,0.86,718,Construction,281000.0,0,2.3,Working capital for raw material procurement,Punjab,Male,35,0
MSME102692,816000.0,12,16.24,3543000.0,1.81,777,Logistics,171000.0,0,2.4,Expand textile weaving unit with additional looms,Maharashtra,Female,24,1
MSME102693,404000.0,48,11.63,1683000.0,2.35,647,Food Processing,325000.0,0,3.3,Purchase of new machinery to expand production capacity,Karnataka,Male,29,0
MSME102694,351000.0,24,15.62,1515000.0,0.3,728,Retail Trade,97000.0,1,11.5,Expand textile weaving unit with additional looms,Uttar Pradesh,Male,20,1
MSME102695,186000.0,36,13.84,664000.0,1.19,606,IT Services,54000.0,3,4.6,Purchase of new machinery to expand production capacity,Gujarat,Male,9,1
MSME102696,882000.0,12,14.3,4082000.0,1.4,752,Food Processing,902000.0,0,3.2,Emergency funds after delayed receivables from buyers,Maharashtra,Female,10,0
MSME102697,356000.0,60,13.44,1538000.0,0.56,645,Agriculture,571000.0,1,18.2,Bridge a seasonal cash crunch ahead of festival demand,Tamil Nadu,Female,24,1
MSME102698,2411000.0,36,11.28,8045000.0,0.53,752,Agriculture,3416000.0,0,1.3,Emergency funds after delayed receivables from buyers,Uttar Pradesh,Female,30,0
MSME102699,1821000.0,48,10.92,3665000.0,1.82,660,Construction,789000.0,0,2.4,Working capital for raw material procurement,West Bengal,Male,49,1
MSME102700,2282000.0,24,13.38,5453000.0,1.68,602,IT Services,980000.0,0,4.6,Expand textile weaving unit with additional looms,Punjab,Male,53,0
MSME102701,225000.0,12,14.99,341000.0,1.07,598,Manufacturing,75000.0,0,4.2,Purchase of new machinery to expand production capacity,Punjab,Male,25,0
MSME102702,684000.0,48,16.11,2789000.0,1.06,708,Logistics,339000.0,1,6.9,Working capital for raw material procurement,Gujarat,Female,22,0
MSME102703,659000.0,48,15.96,3836000.0,0.45,538,Retail Trade,1106000.0,3,13.6,Bridge a seasonal cash crunch ahead of festival demand,Punjab,Male,29,1
MSME102704,545000.0,48,14.02,2136000.0,0.66,773,Retail Trade,624000.0,0,5.8,Bridge a seasonal cash crunch ahead of festival demand,Gujarat,Female,3,0
MSME102705,265000.0,48,11.95,747000.0,2.42,744,Textiles,214000.0,2,1.6,Emergency funds after delayed receivables from buyers,Punjab,Female,48,0
MSME102706,639000.0,48,15.15,3252000.0,0.96,717,Textiles,234000.0,0,3.1,Open a second retail outlet in the district,Maharashtra,Male,33,1
MSME102707,1098000.0,24,14.25,5909000.0,1.94,733,Retail Trade,705000.0,0,5.6,Purchase of new machinery to expand production capacity,Punjab,Female,16,1
MSME102708,278000.0,48,11.54,1089000.0,0.92,714,Retail Trade,418000.0,0,1.8,Upgrade delivery fleet and cold-storage units,West Bengal,Male,59,0
MSME102709,231000.0,60,15.37,421000.0,2.01,727,Manufacturing,349000.0,2,5.0,Emergency funds after delayed receivables from buyers,Maharashtra,Male,13,0
MSME102710,394000.0,84,15.99,2009000.0,0.82,669,Retail Trade,415000.0,1,12.3,Bridge a seasonal cash crunch ahead of festival demand,Kerala,Male,47,1
MSME102711,625000.0,84,10.98,2647000.0,0.83,674,Logistics,766000.0,2,1.0,Refinance existing high-interest debt and consolidate dues,Kerala,Male,16,0
MSME102712,914000.0,60,13.72,4445000.0,0.57,646,Textiles,1072000.0,1,3.3,Open a second retail outlet in the district,West Bengal,Female,14,1
MSME102713,645000.0,48,12.02,3289000.0,1.25,749,Textiles,922000.0,1,3.0,Purchase of new machinery to expand production capacity,Kerala,Female,12,1
MSME102714,619000.0,12,15.04,3169000.0,1.37,768,IT Services,750000.0,0,2.4,Bridge a seasonal cash crunch ahead of festival demand,Punjab,Male,9,0
MSME102715,960000.0,36,10.3,4668000.0,2.05,596,Retail Trade,368000.0,0,13.5,Upgrade delivery fleet and cold-storage units,Maharashtra,Male,9,0
MSME102716,907000.0,24,11.13,5325000.0,1.79,628,Construction,1347000.0,1,6.7,Purchase of new machinery to expand production capacity,Kerala,Male,50,0
MSME102717,669000.0,48,13.33,3904000.0,0.77,694,Textiles,203000.0,0,2.5,Working capital for raw material procurement,Uttar Pradesh,Female,56,1
MSME102718,344000.0,48,15.38,1647000.0,1.69,628,Retail Trade,499000.0,1,3.1,Expand textile weaving unit with additional looms,Punjab,Female,5,1
MSME102719,472000.0,36,17.81,1020000.0,1.11,750,Construction,698000.0,0,5.0,Emergency funds after delayed receivables from buyers,Tamil Nadu,Female,53,0
MSME102720,363000.0,24,19.21,611000.0,1.65,672,Retail Trade,198000.0,1,3.7,Purchase of new machinery to expand production capacity,West Bengal,Female,15,1
MSME102721,239000.0,48,13.65,1108000.0,1.99,653,Retail Trade,159000.0,2,4.4,Refinance existing high-interest debt and consolidate dues,Karnataka,Female,35,1
MSME102722,386000.0,36,11.59,2266000.0,1.59,719,Logistics,522000.0,0,7.5,Emergency funds after delayed receivables from buyers,Maharashtra,Female,53,0
MSME102723,211000.0,12,12.13,1232000.0,0.68,587,Textiles,225000.0,0,1.4,Refinance existing high-interest debt and consolidate dues,Tamil Nadu,Female,1,1
MSME102724,698000.0,48,10.53,3551000.0,0.79,676,Manufacturing,651000.0,0,3.0,Purchase of new machinery to expand production capacity,Karnataka,Male,26,1
MSME102725,1036000.0,24,10.52,2469000.0,0.75,741,Retail Trade,1249000.0,1,7.1,Expand textile weaving unit with additional looms,Karnataka,Male,45,0
MSME102726,615000.0,36,9.81,3269000.0,1.28,554,Construction,953000.0,1,3.8,Bridge a seasonal cash crunch ahead of festival demand,West Bengal,Male,22,0
MSME102727,413000.0,36,8.0,2114000.0,1.54,675,Retail Trade,556000.0,0,5.2,Working capital for raw material procurement,Maharashtra,Male,26,0
MSME102728,207000.0,84,15.6,527000.0,0.67,684,Manufacturing,318000.0,0,9.6,Open a second retail outlet in the district,West Bengal,Male,35,0
MSME102729,626000.0,84,13.96,3152000.0,0.75,682,Construction,1100000.0,0,7.9,Expand textile weaving unit with additional looms,Tamil Nadu,Male,1,0
MSME102730,661000.0,24,15.76,2017000.0,1.26,731,IT Services,951000.0,2,0.9,Working capital for raw material procurement,Kerala,Male,32,0
MSME102731,835000.0,12,13.18,1738000.0,0.94,790,Manufacturing,1093000.0,1,6.8,Purchase of new machinery to expand production capacity,Punjab,Male,52,0
MSME102732,560000.0,84,9.7,3328000.0,1.71,662,Retail Trade,335000.0,0,1.9,Bridge a seasonal cash crunch ahead of festival demand,Tamil Nadu,Female,15,0
MSME102733,327000.0,48,16.21,1538000.0,0.99,752,Textiles,72000.0,0,4.7,Open a second retail outlet in the district,Karnataka,Female,10,0
MSME102734,709000.0,60,17.1,2730000.0,1.24,684,Manufacturing,313000.0,0,6.5,Emergency funds after delayed receivables from buyers,Punjab,Male,24,0
MSME102735,624000.0,24,17.02,1838000.0,1.22,533,Manufacturing,541000.0,1,0.7,Refinance existing high-interest debt and consolidate dues,Gujarat,Female,49,1
MSME102736,410000.0,36,12.57,2215000.0,2.05,588,Retail Trade,471000.0,1,20.9,Upgrade delivery fleet and cold-storage units,Maharashtra,Male,20,0
MSME102737,158000.0,36,11.45,891000.0,2.47,759,Retail Trade,67000.0,0,1.3,Upgrade delivery fleet and cold-storage units,Uttar Pradesh,Female,44,0
MSME102738,421000.0,36,10.33,1151000.0,0.97,799,Logistics,121000.0,0,5.8,Open a second retail outlet in the district,Punjab,Female,35,0
MSME102739,670000.0,24,14.15,1055000.0,1.41,646,IT Services,1019000.0,1,2.5,Expand textile weaving unit with additional looms,West Bengal,Female,9,0
MSME102740,830000.0,24,14.69,1448000.0,1.06,580,Food Processing,510000.0,0,3.4,Expand textile weaving unit with additional looms,West Bengal,Male,50,0
MSME102741,627000.0,60,14.15,1708000.0,2.48,675,Retail Trade,274000.0,0,7.8,Working capital for raw material procurement,Kerala,Male,20,0
MSME102742,1839000.0,48,14.48,5777000.0,1.78,713,Textiles,1011000.0,1,3.4,Refinance existing high-interest debt and consolidate dues,Gujarat,Male,45,0
MSME102743,555000.0,36,17.93,2158000.0,1.91,604,Retail Trade,131000.0,0,7.7,Upgrade delivery fleet and cold-storage units,Punjab,Female,31,1
MSME102744,1505000.0,60,12.95,2601000.0,2.14,709,Manufacturing,2605000.0,0,11.5,Expand textile weaving unit with additional looms,Punjab,Male,47,0
MSME102745,397000.0,48,15.7,1233000.0,0.45,801,IT Services,649000.0,0,0.7,Open a second retail outlet in the district,Gujarat,Male,15,0
MSME102746,555000.0,36,19.15,1458000.0,1.17,820,Logistics,936000.0,0,1.3,Emergency funds after delayed receivables from buyers,West Bengal,Male,12,0
MSME102747,282000.0,48,13.97,716000.0,1.01,707,Agriculture,148000.0,1,6.0,Emergency funds after delayed receivables from buyers,Tamil Nadu,Female,5,0
MSME102748,2567000.0,48,11.79,5932000.0,2.17,537,Retail Trade,688000.0,0,1.4,Bridge a seasonal cash crunch ahead of festival demand,Karnataka,Male,2,1
MSME102749,1078000.0,12,15.45,4100000.0,2.97,687,Retail Trade,1887000.0,0,15.9,Bridge a seasonal cash crunch ahead of festival demand,Gujarat,Female,48,0
MSME102750,666000.0,36,13.31,1899000.0,1.28,621,Construction,551000.0,0,5.1,Working capital for raw material procurement,Karnataka,Male,26,0
MSME102751,232000.0,60,15.65,1383000.0,1.11,614,Retail Trade,408000.0,0,5.7,Upgrade delivery fleet and cold-storage units,West Bengal,Male,9,0
MSME102752,390000.0,48,8.26,2081000.0,0.42,671,Food Processing,384000.0,1,2.7,Working capital for raw material procurement,Tamil Nadu,Female,3,1
MSME102753,836000.0,24,9.28,2415000.0,1.96,780,Logistics,614000.0,0,11.6,Emergency funds after delayed receivables from buyers,Kerala,Male,49,0
MSME102754,533000.0,60,16.07,1038000.0,0.94,581,Agriculture,938000.0,4,0.3,Bridge a seasonal cash crunch ahead of festival demand,West Bengal,Male,29,1
MSME102755,608000.0,24,12.74,1910000.0,1.25,737,Retail Trade,259000.0,1,6.5,Emergency funds after delayed receivables from buyers,West Bengal,Male,18,0
MSME102756,50000.0,60,13.91,294000.0,1.95,610,Agriculture,54000.0,1,7.0,Emergency funds after delayed receivables from buyers,Tamil Nadu,Male,2,1
MSME102757,566000.0,48,14.71,1400000.0,0.87,648,Retail Trade,500000.0,0,1.9,Bridge a seasonal cash crunch ahead of festival demand,Gujarat,Male,53,0
MSME102758,500000.0,36,15.63,2056000.0,0.64,675,IT Services,649000.0,1,2.1,Expand textile weaving unit with additional looms,Tamil Nadu,Male,42,0
MSME102759,202000.0,48,12.9,454000.0,2.52,641,Retail Trade,181000.0,1,1.7,Emergency funds after delayed receivables from buyers,Kerala,Male,37,0
MSME102760,259000.0,36,14.32,457000.0,1.0,580,Agriculture,72000.0,1,7.7,Expand textile weaving unit with additional looms,Tamil Nadu,Female,30,1
MSME102761,495000.0,48,11.97,2661000.0,0.98,632,Logistics,545000.0,1,5.7,Upgrade delivery fleet and cold-storage units,Gujarat,Female,54,1
MSME102762,441000.0,36,18.02,836000.0,0.3,720,IT Services,630000.0,0,2.1,Expand textile weaving unit with additional looms,Uttar Pradesh,Male,46,0
MSME102763,569000.0,24,15.73,2394000.0,1.35,736,Manufacturing,439000.0,1,3.9,Purchase of new machinery to expand production capacity,Tamil Nadu,Male,2,0
MSME102764,1266000.0,36,11.57,5828000.0,2.06,561,IT Services,496000.0,1,7.0,Expand textile weaving unit with additional looms,Tamil Nadu,Male,15,0
MSME102765,394000.0,36,8.58,1714000.0,0.77,775,Manufacturing,100000.0,1,9.3,Expand textile weaving unit with additional looms,Kerala,Male,34,0
MSME102766,391000.0,48,12.06,1458000.0,1.05,600,Retail Trade,561000.0,1,2.4,Purchase of new machinery to expand production capacity,Uttar Pradesh,Male,44,1
MSME102767,641000.0,36,10.68,3427000.0,2.56,734,Manufacturing,844000.0,0,5.8,Bridge a seasonal cash crunch ahead of festival demand,Maharashtra,Male,43,0
MSME102768,621000.0,36,14.5,2316000.0,0.67,669,Manufacturing,182000.0,0,18.4,Purchase of new machinery to expand production capacity,Karnataka,Female,17,1
MSME102769,333000.0,60,14.07,1060000.0,1.74,692,Manufacturing,450000.0,1,1.0,Purchase of new machinery to expand production capacity,West Bengal,Male,46,0
MSME102770,652000.0,24,8.75,3324000.0,0.55,750,Textiles,806000.0,0,3.9,Bridge a seasonal cash crunch ahead of festival demand,Punjab,Female,52,1
MSME102771,496000.0,84,12.01,776000.0,3.5,601,Food Processing,112000.0,1,4.1,Refinance existing high-interest debt and consolidate dues,Tamil Nadu,Female,23,0
MSME102772,247000.0,48,13.38,766000.0,2.19,650,Manufacturing,95000.0,1,10.1,Bridge a seasonal cash crunch ahead of festival demand,Uttar Pradesh,Female,18,0
MSME102773,1135000.0,36,17.35,5569000.0,2.7,701,Construction,1784000.0,0,6.0,Refinance existing high-interest debt and consolidate dues,Uttar Pradesh,Male,24,0
MSME102774,981000.0,36,13.78,4175000.0,1.81,698,Logistics,1229000.0,2,3.5,Upgrade delivery fleet and cold-storage units,Tamil Nadu,Male,33,0
MSME102775,156000.0,36,14.12,347000.0,0.54,712,Logistics,193000.0,0,4.6,Emergency funds after delayed receivables from buyers,Uttar Pradesh,Female,50,1
MSME102776,695000.0,36,16.7,3058000.0,2.74,638,Retail Trade,671000.0,0,1.9,Bridge a seasonal cash crunch ahead of festival demand,West Bengal,Male,7,0
MSME102777,887000.0,24,10.78,3472000.0,1.97,682,Construction,1341000.0,1,3.0,Working capital for raw material procurement,Karnataka,Male,2,0
MSME102778,409000.0,84,9.94,1378000.0,1.38,709,Logistics,95000.0,1,7.4,Bridge a seasonal cash crunch ahead of festival demand,Gujarat,Female,34,0
MSME102779,721000.0,24,16.3,2592000.0,1.45,560,Agriculture,500000.0,0,5.0,Purchase of new machinery to expand production capacity,Kerala,Male,21,1
MSME102780,464000.0,60,14.27,2758000.0,2.21,677,Retail Trade,762000.0,0,5.2,Working capital for raw material procurement,Uttar Pradesh,Female,53,0
MSME102781,761000.0,60,12.52,3017000.0,0.32,859,Manufacturing,790000.0,0,2.1,Bridge a seasonal cash crunch ahead of festival demand,Karnataka,Male,9,0
MSME102782,923000.0,36,10.35,2015000.0,3.36,798,Food Processing,1484000.0,0,9.9,Refinance existing high-interest debt and consolidate dues,Tamil Nadu,Male,43,0
MSME102783,798000.0,24,11.34,1421000.0,1.51,722,Retail Trade,967000.0,1,3.9,Working capital for raw material procurement,Punjab,Male,1,0
MSME102784,651000.0,48,11.13,1408000.0,1.04,703,Retail Trade,626000.0,2,3.4,Working capital for raw material procurement,Punjab,Female,53,0
MSME102785,157000.0,12,10.47,894000.0,1.51,623,Manufacturing,193000.0,0,1.9,Emergency funds after delayed receivables from buyers,Punjab,Male,44,0
MSME102786,548000.0,24,13.54,2368000.0,1.11,856,Construction,562000.0,1,11.4,Working capital for raw material procurement,Maharashtra,Male,8,0
MSME102787,313000.0,60,16.58,477000.0,2.75,609,Manufacturing,112000.0,0,3.7,Purchase of new machinery to expand production capacity,West Bengal,Male,10,0
MSME102788,483000.0,24,14.13,914000.0,1.18,708,Construction,558000.0,1,3.6,Upgrade delivery fleet and cold-storage units,Tamil Nadu,Male,2,0
MSME102789,235000.0,24,14.17,950000.0,0.79,679,IT Services,387000.0,0,8.9,Purchase of new machinery to expand production capacity,Punjab,Female,54,0
MSME102790,652000.0,12,10.12,1203000.0,1.34,675,Retail Trade,1052000.0,0,4.5,Refinance existing high-interest debt and consolidate dues,Kerala,Male,9,0
MSME102791,696000.0,60,14.17,1758000.0,0.73,685,Agriculture,294000.0,2,10.2,Bridge a seasonal cash crunch ahead of festival demand,Tamil Nadu,Female,45,1
MSME102792,201000.0,24,8.36,553000.0,0.91,624,Construction,77000.0,2,7.5,Upgrade delivery fleet and cold-storage units,Maharashtra,Male,32,1
MSME102793,842000.0,36,11.33,4493000.0,1.7,722,Logistics,262000.0,1,2.2,Bridge a seasonal cash crunch ahead of festival demand,Tamil Nadu,Male,36,0
MSME102794,633000.0,60,11.24,1364000.0,3.08,655,Construction,497000.0,3,2.5,Expand textile weaving unit with additional looms,Punjab,Male,10,0
MSME102795,1510000.0,24,12.76,4844000.0,2.44,792,Construction,2510000.0,0,8.6,Refinance existing high-interest debt and consolidate dues,Karnataka,Male,14,0
MSME102796,934000.0,60,16.31,2241000.0,2.1,701,Food Processing,1028000.0,1,3.5,Bridge a seasonal cash crunch ahead of festival demand,Kerala,Female,41,0
MSME102797,331000.0,12,13.74,791000.0,1.93,681,Construction,448000.0,2,10.0,Emergency funds after delayed receivables from buyers,West Bengal,Female,26,0
MSME102798,553000.0,24,15.94,1127000.0,2.17,695,Retail Trade,994000.0,2,3.4,Purchase of new machinery to expand production capacity,Kerala,Male,6,0
MSME102799,243000.0,48,11.13,1009000.0,0.98,617,Retail Trade,68000.0,1,2.4,Working capital for raw material procurement,Kerala,Male,48,0
MSME102800,891000.0,36,15.93,4503000.0,0.48,713,Food Processing,1413000.0,1,2.9,Upgrade delivery fleet and cold-storage units,Kerala,Male,47,1
MSME102801,1028000.0,36,8.64,6073000.0,0.76,768,Manufacturing,770000.0,0,3.6,Purchase of new machinery to expand production capacity,Uttar Pradesh,Female,56,0
MSME102802,813000.0,12,10.65,2980000.0,3.05,593,Construction,1170000.0,0,6.8,Purchase of new machinery to expand production capacity,Uttar Pradesh,Male,55,0
MSME102803,853000.0,36,12.03,1670000.0,1.79,690,IT Services,519000.0,0,2.3,Expand textile weaving unit with additional looms,Tamil Nadu,Female,51,0
MSME102804,654000.0,48,14.49,1280000.0,0.62,692,IT Services,672000.0,0,7.9,Refinance existing high-interest debt and consolidate dues,Gujarat,Male,50,1
MSME102805,290000.0,84,14.1,945000.0,1.46,652,Manufacturing,318000.0,0,2.1,Working capital for raw material procurement,Kerala,Male,10,0
MSME102806,448000.0,48,13.4,865000.0,2.82,689,Retail Trade,182000.0,0,7.2,Expand textile weaving unit with additional looms,Kerala,Male,33,0
MSME102807,445000.0,60,15.56,1446000.0,0.33,687,Retail Trade,329000.0,0,2.7,Bridge a seasonal cash crunch ahead of festival demand,Tamil Nadu,Male,18,1
MSME102808,896000.0,48,14.46,1947000.0,0.73,716,Food Processing,1217000.0,2,3.9,Refinance existing high-interest debt and consolidate dues,Tamil Nadu,Female,17,1
MSME102809,80000.0,36,8.05,387000.0,0.93,745,Retail Trade,71000.0,0,0.8,Expand textile weaving unit with additional looms,Maharashtra,Female,49,0
MSME102810,417000.0,24,15.86,1724000.0,1.6,693,Manufacturing,422000.0,0,4.2,Upgrade delivery fleet and cold-storage units,Tamil Nadu,Female,45,0
MSME102811,726000.0,24,15.75,2841000.0,2.11,601,Manufacturing,738000.0,1,13.2,Bridge a seasonal cash crunch ahead of festival demand,Kerala,Male,9,0
MSME102812,246000.0,48,11.47,1205000.0,1.11,715,Textiles,304000.0,0,6.5,Purchase of new machinery to expand production capacity,Karnataka,Female,27,0
MSME102813,428000.0,24,16.99,1291000.0,1.81,560,Manufacturing,339000.0,0,4.5,Refinance existing high-interest debt and consolidate dues,Tamil Nadu,Male,51,1
MSME102814,2307000.0,36,11.07,5535000.0,3.26,604,IT Services,3822000.0,0,1.5,Purchase of new machinery to expand production capacity,Punjab,Male,32,0
MSME102815,851000.0,24,16.5,3368000.0,0.59,647,Retail Trade,887000.0,0,4.9,Purchase of new machinery to expand production capacity,West Bengal,Male,43,0
MSME102816,461000.0,36,11.47,2042000.0,2.11,805,Construction,352000.0,0,10.9,Open a second retail outlet in the district,Gujarat,Female,55,0
MSME102817,1107000.0,12,17.07,3147000.0,1.27,656,IT Services,1947000.0,2,3.2,Emergency funds after delayed receivables from buyers,Kerala,Male,41,0
MSME102818,343000.0,24,12.98,1763000.0,1.04,681,Retail Trade,553000.0,0,3.4,Working capital for raw material procurement,Maharashtra,Female,59,0
MSME102819,2438000.0,48,12.46,11063000.0,1.16,666,Manufacturing,2864000.0,0,1.8,Upgrade delivery fleet and cold-storage units,West Bengal,Male,32,0
MSME102820,1060000.0,36,13.41,4248000.0,1.04,715,Manufacturing,1696000.0,0,2.6,Open a second retail outlet in the district,Karnataka,Male,23,0
MSME102821,1024000.0,84,14.46,3454000.0,0.96,732,Agriculture,409000.0,0,8.1,Upgrade delivery fleet and cold-storage units,Uttar Pradesh,Male,16,0
MSME102822,764000.0,36,12.12,1185000.0,1.55,716,Retail Trade,1293000.0,2,5.2,Emergency funds after delayed receivables from buyers,West Bengal,Female,12,0
MSME102823,181000.0,12,12.24,754000.0,2.01,728,Food Processing,87000.0,0,9.1,Purchase of new machinery to expand production capacity,Uttar Pradesh,Female,38,0
MSME102824,990000.0,36,15.15,5352000.0,1.82,620,Retail Trade,593000.0,0,2.1,Expand textile weaving unit with additional looms,West Bengal,Male,27,1
MSME102825,341000.0,36,10.43,1043000.0,0.3,634,Retail Trade,297000.0,0,10.0,Purchase of new machinery to expand production capacity,Punjab,Female,50,1
MSME102826,209000.0,60,11.65,1158000.0,0.84,608,Construction,189000.0,0,6.7,Expand textile weaving unit with additional looms,Tamil Nadu,Male,3,1
MSME102827,286000.0,36,14.7,896000.0,1.87,669,Retail Trade,306000.0,0,5.0,Bridge a seasonal cash crunch ahead of festival demand,Tamil Nadu,Female,42,0
MSME102828,1325000.0,60,11.44,6539000.0,2.09,756,IT Services,1273000.0,4,8.9,Bridge a seasonal cash crunch ahead of festival demand,Karnataka,Female,50,0
MSME102829,634000.0,36,12.16,2739000.0,1.35,652,Manufacturing,527000.0,0,5.3,Upgrade delivery fleet and cold-storage units,Gujarat,Male,36,1
MSME102830,754000.0,24,15.88,4062000.0,0.31,717,Manufacturing,153000.0,0,3.7,Working capital for raw material procurement,Kerala,Male,38,1
MSME102831,307000.0,24,10.74,1596000.0,0.3,624,Food Processing,483000.0,0,5.1,Purchase of new machinery to expand production capacity,Kerala,Female,31,0
MSME102832,391000.0,84,12.15,724000.0,3.06,672,Retail Trade,646000.0,1,15.5,Refinance existing high-interest debt and consolidate dues,Karnataka,Male,3,0
MSME102833,782000.0,48,13.83,4669000.0,0.44,674,Textiles,316000.0,2,9.8,Expand textile weaving unit with additional looms,Gujarat,Male,14,1
MSME102834,451000.0,48,11.45,1232000.0,1.46,742,Agriculture,325000.0,0,3.0,Refinance existing high-interest debt and consolidate dues,Gujarat,Male,32,1
MSME102835,826000.0,24,13.84,2132000.0,1.9,644,Retail Trade,1236000.0,2,2.2,Purchase of new machinery to expand production capacity,Tamil Nadu,Male,29,0
MSME102836,865000.0,60,11.64,4301000.0,0.85,704,IT Services,205000.0,0,4.9,Bridge a seasonal cash crunch ahead of festival demand,Uttar Pradesh,Male,32,0
MSME102837,351000.0,36,10.89,1132000.0,1.1,762,Manufacturing,365000.0,0,3.4,Working capital for raw material procurement,Uttar Pradesh,Male,44,0
MSME102838,774000.0,36,18.56,2228000.0,0.62,587,Manufacturing,521000.0,1,5.8,Refinance existing high-interest debt and consolidate dues,Punjab,Male,5,1
MSME102839,1704000.0,12,14.39,4322000.0,0.55,758,Food Processing,616000.0,1,4.3,Working capital for raw material procurement,Tamil Nadu,Female,43,1
MSME102840,312000.0,36,10.71,1041000.0,2.23,636,Construction,336000.0,1,3.4,Refinance existing high-interest debt and consolidate dues,Kerala,Male,56,0
MSME102841,157000.0,36,11.83,636000.0,1.86,764,Food Processing,81000.0,2,4.4,Upgrade delivery fleet and cold-storage units,Tamil Nadu,Female,29,0
MSME102842,1304000.0,36,14.99,5417000.0,1.18,784,Retail Trade,1998000.0,0,2.4,Refinance existing high-interest debt and consolidate dues,Karnataka,Female,30,0
MSME102843,2211000.0,36,14.91,10507000.0,0.76,715,Manufacturing,1208000.0,1,3.0,Expand textile weaving unit with additional looms,Maharashtra,Male,52,0
MSME102844,600000.0,12,13.96,1476000.0,0.3,661,Food Processing,670000.0,0,1.9,Open a second retail outlet in the district,Uttar Pradesh,Male,49,1
MSME102845,594000.0,24,13.6,3502000.0,0.95,737,Agriculture,304000.0,0,4.6,Purchase of new machinery to expand production capacity,Uttar Pradesh,Male,18,0
MSME102846,783000.0,36,14.02,3198000.0,0.5,678,Construction,1236000.0,2,5.3,Expand textile weaving unit with additional looms,Maharashtra,Male,32,1
MSME102847,563000.0,24,13.74,1494000.0,0.69,563,Food Processing,577000.0,0,4.8,Open a second retail outlet in the district,Punjab,Female,10,1
MSME102848,227000.0,36,15.79,356000.0,1.02,700,Construction,73000.0,0,7.1,Upgrade delivery fleet and cold-storage units,West Bengal,Male,35,0
MSME102849,769000.0,60,12.23,2476000.0,0.52,700,Textiles,1276000.0,1,5.8,Working capital for raw material procurement,Karnataka,Male,56,1
MSME102850,388000.0,36,8.53,677000.0,1.51,574,Logistics,394000.0,0,9.5,Emergency funds after delayed receivables from buyers,Maharashtra,Female,57,0
MSME102851,1163000.0,36,11.55,3487000.0,2.85,809,IT Services,438000.0,0,5.3,Expand textile weaving unit with additional looms,Uttar Pradesh,Male,31,0
MSME102852,606000.0,12,14.77,3126000.0,1.56,643,Textiles,839000.0,0,9.4,Bridge a seasonal cash crunch ahead of festival demand,Punjab,Female,47,1
MSME102853,1147000.0,36,12.71,4016000.0,1.33,712,Food Processing,653000.0,0,16.3,Purchase of new machinery to expand production capacity,Maharashtra,Male,16,0
MSME102854,163000.0,36,14.79,951000.0,1.26,637,Retail Trade,168000.0,0,4.0,Bridge a seasonal cash crunch ahead of festival demand,Tamil Nadu,Female,29,1
MSME102855,483000.0,36,12.25,1989000.0,1.44,642,IT Services,666000.0,0,8.0,Upgrade delivery fleet and cold-storage units,West Bengal,Female,40,0
MSME102856,481000.0,36,12.25,2147000.0,0.78,778,Manufacturing,775000.0,0,5.7,Working capital for raw material procurement,Kerala,Male,49,1
MSME102857,413000.0,24,14.81,1531000.0,1.49,622,IT Services,542000.0,1,8.3,Upgrade delivery fleet and cold-storage units,Gujarat,Female,27,0
MSME102858,991000.0,24,12.14,3936000.0,2.76,689,Retail Trade,1473000.0,0,14.4,Working capital for raw material procurement,Tamil Nadu,Female,48,0
MSME102859,1547000.0,48,13.77,8833000.0,0.92,766,Construction,326000.0,1,5.3,Working capital for raw material procurement,Punjab,Female,13,0
MSME102860,528000.0,36,14.16,1641000.0,0.99,659,Food Processing,602000.0,0,3.9,Emergency funds after delayed receivables from buyers,Karnataka,Female,23,1
MSME102861,1374000.0,24,13.87,6731000.0,0.87,680,IT Services,1632000.0,0,7.6,Bridge a seasonal cash crunch ahead of festival demand,Gujarat,Male,49,0
MSME102862,650000.0,24,15.02,1240000.0,1.21,732,Construction,400000.0,0,6.7,Open a second retail outlet in the district,Punjab,Male,27,1
MSME102863,1277000.0,48,14.97,4337000.0,0.59,682,Logistics,1938000.0,1,11.2,Expand textile weaving unit with additional looms,West Bengal,Female,56,0
MSME102864,813000.0,12,18.2,4311000.0,1.58,704,Manufacturing,435000.0,2,0.7,Bridge a seasonal cash crunch ahead of festival demand,Tamil Nadu,Male,51,0
MSME102865,360000.0,12,12.68,941000.0,0.63,682,Retail Trade,409000.0,0,6.3,Expand textile weaving unit with additional looms,Punjab,Male,17,0
MSME102866,487000.0,48,12.21,2293000.0,1.83,572,Logistics,271000.0,0,11.0,Bridge a seasonal cash crunch ahead of festival demand,Tamil Nadu,Female,54,0
MSME102867,203000.0,36,14.4,329000.0,1.52,750,Food Processing,246000.0,4,4.4,Expand textile weaving unit with additional looms,Punjab,Male,28,0
MSME102868,368000.0,36,14.81,1802000.0,1.52,630,Retail Trade,290000.0,1,3.5,Expand textile weaving unit with additional looms,Uttar Pradesh,Female,45,0
MSME102869,912000.0,12,15.64,4360000.0,2.57,781,Retail Trade,493000.0,0,2.0,Purchase of new machinery to expand production capacity,Tamil Nadu,Male,50,0
MSME102870,862000.0,36,9.52,5135000.0,1.08,783,Manufacturing,1069000.0,2,4.0,Bridge a seasonal cash crunch ahead of festival demand,Uttar Pradesh,Male,57,1
MSME102871,249000.0,36,17.52,611000.0,2.1,746,Manufacturing,77000.0,0,1.6,Emergency funds after delayed receivables from buyers,Kerala,Male,15,0
MSME102872,563000.0,24,16.46,1488000.0,0.74,649,IT Services,578000.0,3,0.5,Working capital for raw material procurement,West Bengal,Male,53,0
MSME102873,2203000.0,48,14.77,3745000.0,1.34,629,Manufacturing,3807000.0,0,2.7,Open a second retail outlet in the district,Karnataka,Female,24,0
MSME102874,1058000.0,84,15.81,3127000.0,2.91,670,Food Processing,644000.0,0,7.1,Emergency funds after delayed receivables from buyers,Karnataka,Female,50,0
MSME102875,682000.0,60,11.62,2457000.0,2.51,655,IT Services,172000.0,0,2.8,Upgrade delivery fleet and cold-storage units,Maharashtra,Male,29,0
MSME102876,177000.0,84,14.54,845000.0,1.51,748,Manufacturing,179000.0,0,2.6,Upgrade delivery fleet and cold-storage units,Maharashtra,Male,22,0
MSME102877,408000.0,84,16.69,847000.0,1.44,602,Manufacturing,263000.0,0,5.3,Purchase of new machinery to expand production capacity,Maharashtra,Female,21,0
MSME102878,579000.0,24,14.0,2757000.0,1.21,783,Retail Trade,778000.0,0,6.0,Bridge a seasonal cash crunch ahead of festival demand,Uttar Pradesh,Male,35,0
MSME102879,389000.0,36,15.09,2239000.0,0.97,703,Textiles,600000.0,1,2.0,Working capital for raw material procurement,Tamil Nadu,Male,51,1
MSME102880,708000.0,12,12.96,3070000.0,0.74,611,Textiles,1236000.0,2,10.1,Working capital for raw material procurement,Tamil Nadu,Female,16,0
MSME102881,1818000.0,24,18.99,10221000.0,1.99,752,Logistics,1914000.0,1,2.6,Working capital for raw material procurement,Punjab,Female,34,0
MSME102882,1102000.0,48,13.97,1773000.0,1.61,642,Manufacturing,1860000.0,1,9.3,Bridge a seasonal cash crunch ahead of festival demand,Kerala,Male,24,0
MSME102883,615000.0,24,17.06,988000.0,1.01,569,Retail Trade,455000.0,1,5.5,Open a second retail outlet in the district,Maharashtra,Male,30,1
MSME102884,1773000.0,48,15.16,3783000.0,1.38,779,Retail Trade,864000.0,0,7.4,Upgrade delivery fleet and cold-storage units,Karnataka,Male,5,0
MSME102885,1232000.0,84,16.84,2481000.0,0.75,732,Textiles,348000.0,0,0.3,Bridge a seasonal cash crunch ahead of festival demand,Kerala,Female,34,1
MSME102886,537000.0,60,15.61,2511000.0,1.35,653,Retail Trade,318000.0,0,8.0,Expand textile weaving unit with additional looms,Uttar Pradesh,Male,13,0
MSME102887,1641000.0,24,9.67,7945000.0,2.1,714,Construction,1651000.0,2,4.5,Bridge a seasonal cash crunch ahead of festival demand,Tamil Nadu,Female,56,1
MSME102888,294000.0,60,12.49,507000.0,1.04,709,Food Processing,471000.0,1,7.7,Refinance existing high-interest debt and consolidate dues,Maharashtra,Female,2,1
MSME102889,1178000.0,36,14.59,5450000.0,1.18,671,Construction,480000.0,0,5.4,Refinance existing high-interest debt and consolidate dues,Kerala,Male,39,1
MSME102890,1183000.0,60,11.15,4663000.0,0.63,561,Logistics,1554000.0,2,1.5,Expand textile weaving unit with additional looms,Uttar Pradesh,Male,48,1
MSME102891,513000.0,12,16.69,1692000.0,1.54,543,Manufacturing,222000.0,1,1.4,Refinance existing high-interest debt and consolidate dues,Karnataka,Male,33,1
MSME102892,442000.0,84,11.0,1190000.0,1.17,636,Retail Trade,574000.0,1,3.7,Working capital for raw material procurement,Uttar Pradesh,Male,47,0
MSME102893,304000.0,36,8.98,1515000.0,1.43,655,Construction,538000.0,0,3.4,Working capital for raw material procurement,Kerala,Male,25,1
MSME102894,648000.0,36,12.35,1490000.0,1.8,702,Food Processing,530000.0,1,9.1,Emergency funds after delayed receivables from buyers,West Bengal,Male,22,0
MSME102895,1093000.0,12,14.54,1855000.0,1.58,764,Retail Trade,1009000.0,0,0.7,Open a second retail outlet in the district,Uttar Pradesh,Male,7,0
MSME102896,645000.0,48,13.65,1413000.0,0.92,716,Food Processing,240000.0,0,7.6,Purchase of new machinery to expand production capacity,Maharashtra,Female,8,0
MSME102897,401000.0,24,16.12,1825000.0,1.33,756,Manufacturing,349000.0,0,9.5,Purchase of new machinery to expand production capacity,West Bengal,Female,33,0
MSME102898,448000.0,12,14.04,802000.0,0.81,669,Retail Trade,255000.0,0,4.1,Upgrade delivery fleet and cold-storage units,West Bengal,Male,41,0
MSME102899,591000.0,12,11.12,1927000.0,2.35,555,Food Processing,764000.0,0,7.3,Working capital for raw material procurement,Tamil Nadu,Female,55,0
MSME102900,297000.0,36,11.36,1480000.0,2.02,704,Food Processing,62000.0,0,2.6,Open a second retail outlet in the district,Kerala,Male,49,0
MSME102901,494000.0,12,17.84,2327000.0,1.14,720,Logistics,326000.0,2,0.5,Refinance existing high-interest debt and consolidate dues,Punjab,Female,33,1
MSME102902,299000.0,36,12.67,1652000.0,1.76,645,Manufacturing,410000.0,4,2.5,Working capital for raw material procurement,West Bengal,Male,9,1
MSME102903,403000.0,36,11.67,1897000.0,0.84,659,Retail Trade,371000.0,0,0.8,Emergency funds after delayed receivables from buyers,Kerala,Female,23,1
MSME102904,185000.0,24,16.93,370000.0,1.77,675,IT Services,152000.0,1,3.7,Expand textile weaving unit with additional looms,Gujarat,Male,32,0
MSME102905,187000.0,24,16.02,900000.0,1.1,748,Manufacturing,319000.0,1,12.7,Open a second retail outlet in the district,Gujarat,Male,15,0
MSME102906,216000.0,60,14.95,942000.0,0.35,778,Textiles,182000.0,2,2.3,Upgrade delivery fleet and cold-storage units,Punjab,Female,45,1
MSME102907,67000.0,12,14.64,233000.0,0.9,710,Retail Trade,110000.0,0,3.5,Working capital for raw material procurement,Tamil Nadu,Male,55,0
MSME102908,815000.0,84,9.18,2281000.0,1.48,599,Logistics,353000.0,0,5.7,Purchase of new machinery to expand production capacity,Maharashtra,Male,10,0
MSME102909,474000.0,24,11.6,2749000.0,0.95,702,IT Services,457000.0,1,4.8,Emergency funds after delayed receivables from buyers,Uttar Pradesh,Female,55,1
MSME102910,401000.0,24,15.59,1699000.0,1.56,635,Manufacturing,530000.0,1,4.1,Upgrade delivery fleet and cold-storage units,Tamil Nadu,Female,26,1
MSME102911,1344000.0,36,14.65,5320000.0,2.1,753,Manufacturing,469000.0,0,8.8,Emergency funds after delayed receivables from buyers,Uttar Pradesh,Female,47,0
MSME102912,440000.0,36,12.24,2315000.0,2.07,551,Retail Trade,465000.0,0,5.3,Expand textile weaving unit with additional looms,Tamil Nadu,Male,19,1
MSME102913,389000.0,36,17.62,1411000.0,1.27,712,Textiles,431000.0,1,0.5,Expand textile weaving unit with additional looms,Tamil Nadu,Male,10,0
MSME102914,633000.0,24,10.83,3464000.0,2.02,629,Manufacturing,283000.0,1,3.8,Refinance existing high-interest debt and consolidate dues,Punjab,Female,56,1
MSME102915,234000.0,36,17.58,1250000.0,0.53,681,Manufacturing,264000.0,0,2.7,Expand textile weaving unit with additional looms,Maharashtra,Female,31,0
MSME102916,557000.0,24,13.96,3236000.0,1.11,721,Construction,942000.0,0,3.3,Open a second retail outlet in the district,Tamil Nadu,Male,40,0
MSME102917,135000.0,60,15.48,657000.0,0.45,665,Logistics,87000.0,1,11.3,Purchase of new machinery to expand production capacity,West Bengal,Female,11,1
MSME102918,559000.0,12,13.0,1525000.0,0.95,571,Construction,582000.0,1,2.8,Working capital for raw material procurement,Uttar Pradesh,Male,51,1
MSME102919,1231000.0,60,15.31,6294000.0,1.38,659,Food Processing,370000.0,2,5.8,Upgrade delivery fleet and cold-storage units,Uttar Pradesh,Female,15,1
MSME102920,235000.0,24,11.42,945000.0,1.15,661,Textiles,107000.0,0,4.5,Working capital for raw material procurement,Uttar Pradesh,Male,28,1
MSME102921,280000.0,36,14.13,687000.0,1.48,756,Construction,273000.0,0,4.1,Upgrade delivery fleet and cold-storage units,Kerala,Female,1,0
MSME102922,429000.0,12,11.99,1585000.0,0.78,658,Manufacturing,707000.0,0,4.6,Emergency funds after delayed receivables from buyers,Gujarat,Female,49,1
MSME102923,471000.0,60,15.79,1905000.0,1.38,640,Logistics,627000.0,0,0.6,Emergency funds after delayed receivables from buyers,West Bengal,Male,57,0
MSME102924,568000.0,84,17.89,1570000.0,1.05,768,Retail Trade,264000.0,1,4.3,Bridge a seasonal cash crunch ahead of festival demand,Karnataka,Female,10,1
MSME102925,515000.0,24,14.3,1276000.0,1.12,603,IT Services,110000.0,2,3.9,Expand textile weaving unit with additional looms,West Bengal,Male,33,1
MSME102926,509000.0,24,13.99,1046000.0,0.56,748,IT Services,492000.0,0,5.3,Upgrade delivery fleet and cold-storage units,Tamil Nadu,Male,38,0
MSME102927,544000.0,24,8.0,3051000.0,1.38,802,Retail Trade,725000.0,0,11.2,Open a second retail outlet in the district,Karnataka,Male,50,0
MSME102928,383000.0,12,15.45,1908000.0,1.07,633,Construction,355000.0,1,9.5,Expand textile weaving unit with additional looms,Tamil Nadu,Male,46,0
MSME102929,206000.0,48,11.96,550000.0,1.55,623,Food Processing,157000.0,2,4.4,Working capital for raw material procurement,Punjab,Male,21,0
MSME102930,654000.0,36,15.92,2302000.0,1.61,663,Manufacturing,323000.0,0,8.5,Bridge a seasonal cash crunch ahead of festival demand,Punjab,Male,6,0
MSME102931,338000.0,12,9.4,627000.0,2.4,642,Logistics,392000.0,0,3.4,Open a second retail outlet in the district,Maharashtra,Female,47,0
MSME102932,871000.0,12,13.92,1804000.0,0.37,549,Agriculture,802000.0,0,3.2,Bridge a seasonal cash crunch ahead of festival demand,Maharashtra,Female,40,1
MSME102933,367000.0,36,14.11,1427000.0,1.48,571,Textiles,175000.0,2,5.0,Bridge a seasonal cash crunch ahead of festival demand,Maharashtra,Female,30,1
MSME102934,246000.0,36,15.18,869000.0,1.63,585,Food Processing,212000.0,0,2.2,Refinance existing high-interest debt and consolidate dues,Karnataka,Male,43,0
MSME102935,685000.0,84,14.51,2504000.0,0.61,652,Agriculture,825000.0,0,3.9,Upgrade delivery fleet and cold-storage units,Maharashtra,Female,39,0
MSME102936,97000.0,12,15.48,264000.0,2.44,717,Textiles,80000.0,1,1.1,Emergency funds after delayed receivables from buyers,Karnataka,Female,42,0
MSME102937,440000.0,36,15.65,2356000.0,0.8,681,Retail Trade,97000.0,1,1.9,Purchase of new machinery to expand production capacity,Punjab,Male,48,1
MSME102938,679000.0,60,12.75,1185000.0,0.73,733,IT Services,939000.0,0,1.7,Purchase of new machinery to expand production capacity,Punjab,Male,17,0
MSME102939,1178000.0,48,17.01,5258000.0,2.16,824,IT Services,1297000.0,2,3.6,Refinance existing high-interest debt and consolidate dues,Karnataka,Female,48,0
MSME102940,241000.0,48,11.14,895000.0,0.97,701,Food Processing,149000.0,0,5.4,Open a second retail outlet in the district,Kerala,Female,39,0
MSME102941,200000.0,60,10.71,1197000.0,1.09,742,Retail Trade,152000.0,0,11.8,Refinance existing high-interest debt and consolidate dues,Uttar Pradesh,Female,3,0
MSME102942,115000.0,60,13.07,479000.0,1.01,706,IT Services,162000.0,1,4.2,Expand textile weaving unit with additional looms,Punjab,Male,45,1
MSME102943,175000.0,84,11.6,905000.0,1.37,705,Retail Trade,92000.0,1,1.4,Open a second retail outlet in the district,Karnataka,Male,40,1
MSME102944,326000.0,12,13.74,685000.0,1.65,838,Manufacturing,167000.0,0,2.2,Working capital for raw material procurement,Karnataka,Male,12,0
MSME102945,327000.0,24,11.69,851000.0,1.12,452,Retail Trade,200000.0,1,1.3,Bridge a seasonal cash crunch ahead of festival demand,Punjab,Male,49,1
MSME102946,407000.0,24,11.7,2401000.0,2.21,749,Agriculture,178000.0,0,2.4,Upgrade delivery fleet and cold-storage units,Maharashtra,Female,34,0
MSME102947,525000.0,36,11.64,1083000.0,0.32,740,Construction,615000.0,1,9.8,Refinance existing high-interest debt and consolidate dues,Karnataka,Male,24,1
MSME102948,249000.0,60,9.97,797000.0,3.5,604,IT Services,334000.0,1,4.0,Bridge a seasonal cash crunch ahead of festival demand,West Bengal,Female,45,0
MSME102949,1065000.0,12,8.0,4201000.0,0.82,632,Manufacturing,485000.0,1,1.6,Refinance existing high-interest debt and consolidate dues,Punjab,Male,8,0
MSME102950,366000.0,36,15.12,941000.0,1.89,686,Logistics,540000.0,0,7.7,Emergency funds after delayed receivables from buyers,Tamil Nadu,Male,57,0
MSME102951,579000.0,36,16.45,1413000.0,1.41,687,Retail Trade,804000.0,0,6.8,Bridge a seasonal cash crunch ahead of festival demand,West Bengal,Male,43,0
MSME102952,344000.0,48,14.13,1138000.0,2.6,695,Retail Trade,533000.0,0,9.6,Purchase of new machinery to expand production capacity,Tamil Nadu,Male,31,0
MSME102953,860000.0,60,11.86,4303000.0,1.34,602,Logistics,1258000.0,0,3.0,Bridge a seasonal cash crunch ahead of festival demand,Maharashtra,Female,58,0
MSME102954,2383000.0,84,12.65,5743000.0,0.74,628,IT Services,1305000.0,1,1.4,Bridge a seasonal cash crunch ahead of festival demand,Punjab,Male,22,1
MSME102955,455000.0,24,14.36,2341000.0,0.55,556,Manufacturing,635000.0,1,1.4,Refinance existing high-interest debt and consolidate dues,Maharashtra,Male,58,1
MSME102956,645000.0,36,12.07,1473000.0,1.93,660,Food Processing,1061000.0,1,2.7,Working capital for raw material procurement,Punjab,Female,57,0
MSME102957,1550000.0,36,15.54,6976000.0,1.41,609,Construction,1937000.0,0,6.2,Upgrade delivery fleet and cold-storage units,Punjab,Female,54,0
MSME102958,2051000.0,24,9.94,8516000.0,1.16,604,Textiles,2409000.0,0,2.2,Bridge a seasonal cash crunch ahead of festival demand,Maharashtra,Female,47,1
MSME102959,156000.0,36,14.19,759000.0,1.67,525,Manufacturing,209000.0,1,4.5,Bridge a seasonal cash crunch ahead of festival demand,Tamil Nadu,Female,33,0
MSME102960,4663000.0,36,11.6,13187000.0,1.9,704,Logistics,6960000.0,1,5.4,Bridge a seasonal cash crunch ahead of festival demand,Kerala,Male,50,0
MSME102961,672000.0,48,13.86,4029000.0,0.56,606,Retail Trade,1179000.0,1,6.2,Expand textile weaving unit with additional looms,Punjab,Male,17,1
MSME102962,1128000.0,48,15.61,3698000.0,2.14,602,Manufacturing,923000.0,0,2.0,Bridge a seasonal cash crunch ahead of festival demand,Karnataka,Male,38,0
MSME102963,356000.0,60,14.86,983000.0,1.59,662,Food Processing,580000.0,0,1.7,Purchase of new machinery to expand production capacity,Maharashtra,Female,59,0
MSME102964,237000.0,60,14.53,1153000.0,0.73,603,Food Processing,276000.0,2,4.0,Emergency funds after delayed receivables from buyers,Karnataka,Male,6,1
MSME102965,351000.0,12,15.52,1537000.0,1.68,688,Construction,279000.0,1,2.5,Open a second retail outlet in the district,Gujarat,Male,29,1
MSME102966,717000.0,12,12.83,4275000.0,0.45,545,Food Processing,356000.0,0,7.4,Refinance existing high-interest debt and consolidate dues,Punjab,Male,55,1
MSME102967,1025000.0,36,12.83,5471000.0,2.21,666,Manufacturing,316000.0,2,3.3,Expand textile weaving unit with additional looms,Kerala,Male,25,0
MSME102968,1420000.0,12,10.38,6162000.0,3.02,802,Food Processing,750000.0,0,1.6,Upgrade delivery fleet and cold-storage units,Kerala,Male,50,0
MSME102969,2467000.0,48,11.52,5495000.0,0.86,734,Manufacturing,4028000.0,1,1.6,Emergency funds after delayed receivables from buyers,Uttar Pradesh,Male,30,0
MSME102970,1478000.0,48,13.68,2823000.0,0.71,665,Retail Trade,607000.0,2,2.0,Emergency funds after delayed receivables from buyers,Tamil Nadu,Female,46,1
MSME102971,236000.0,36,14.7,806000.0,1.29,679,Construction,365000.0,0,1.8,Refinance existing high-interest debt and consolidate dues,Punjab,Male,47,1
MSME102972,794000.0,24,11.0,4473000.0,1.09,632,Logistics,681000.0,1,1.4,Working capital for raw material procurement,Tamil Nadu,Male,9,1
MSME102973,562000.0,24,16.98,1353000.0,0.88,688,Food Processing,304000.0,0,12.3,Emergency funds after delayed receivables from buyers,Karnataka,Female,40,1
MSME102974,208000.0,48,14.25,1206000.0,1.77,765,Retail Trade,214000.0,0,3.1,Purchase of new machinery to expand production capacity,Karnataka,Male,6,0
MSME102975,1167000.0,36,9.41,3006000.0,1.38,775,IT Services,2055000.0,1,2.1,Bridge a seasonal cash crunch ahead of festival demand,Karnataka,Male,11,0
MSME102976,339000.0,24,10.57,1958000.0,1.91,590,Retail Trade,196000.0,0,6.8,Working capital for raw material procurement,West Bengal,Male,5,0
MSME102977,415000.0,60,16.09,1020000.0,1.32,746,Textiles,282000.0,0,5.7,Purchase of new machinery to expand production capacity,Punjab,Female,26,0
MSME102978,1523000.0,36,13.44,2662000.0,3.5,651,Retail Trade,2508000.0,1,7.9,Purchase of new machinery to expand production capacity,West Bengal,Male,16,0
MSME102979,1493000.0,60,11.56,3387000.0,2.06,594,Retail Trade,2533000.0,0,1.3,Upgrade delivery fleet and cold-storage units,Karnataka,Female,45,0
MSME102980,155000.0,24,15.86,739000.0,0.62,654,Logistics,147000.0,0,4.3,Purchase of new machinery to expand production capacity,Uttar Pradesh,Male,19,0
MSME102981,226000.0,12,13.08,522000.0,1.34,738,Manufacturing,386000.0,0,6.6,Open a second retail outlet in the district,Punjab,Female,45,0
MSME102982,385000.0,36,13.91,1386000.0,2.7,660,Retail Trade,508000.0,1,4.2,Emergency funds after delayed receivables from buyers,Punjab,Female,6,1
MSME102983,1011000.0,48,14.19,2491000.0,2.15,608,Construction,401000.0,0,3.7,Refinance existing high-interest debt and consolidate dues,Tamil Nadu,Male,10,1
MSME102984,398000.0,24,9.93,1539000.0,1.28,680,Retail Trade,328000.0,1,3.6,Refinance existing high-interest debt and consolidate dues,Uttar Pradesh,Male,26,0
MSME102985,109000.0,36,12.61,473000.0,2.31,739,IT Services,97000.0,1,9.9,Purchase of new machinery to expand production capacity,Uttar Pradesh,Male,23,0
MSME102986,427000.0,60,15.22,2490000.0,1.07,738,Food Processing,582000.0,0,3.2,Open a second retail outlet in the district,Gujarat,Male,38,1
MSME102987,367000.0,24,14.77,997000.0,0.84,661,Construction,159000.0,0,2.8,Purchase of new machinery to expand production capacity,Maharashtra,Female,40,0
MSME102988,369000.0,48,12.73,2081000.0,0.99,755,Manufacturing,397000.0,1,5.0,Bridge a seasonal cash crunch ahead of festival demand,West Bengal,Male,48,0
MSME102989,849000.0,24,9.19,3765000.0,1.26,751,Agriculture,1169000.0,0,3.6,Expand textile weaving unit with additional looms,Kerala,Male,11,0
MSME102990,247000.0,48,14.46,850000.0,1.18,713,Food Processing,387000.0,0,7.6,Refinance existing high-interest debt and consolidate dues,Karnataka,Male,41,0
MSME102991,276000.0,36,17.44,688000.0,1.92,774,Textiles,136000.0,1,4.5,Open a second retail outlet in the district,Uttar Pradesh,Female,41,0
MSME102992,408000.0,60,14.6,1369000.0,0.9,553,Textiles,640000.0,1,4.4,Refinance existing high-interest debt and consolidate dues,Kerala,Male,40,0
MSME102993,519000.0,36,9.48,1101000.0,1.55,716,IT Services,326000.0,0,1.8,Working capital for raw material procurement,Gujarat,Male,21,0
MSME102994,437000.0,48,14.65,1534000.0,1.39,666,Retail Trade,627000.0,2,4.6,Expand textile weaving unit with additional looms,Maharashtra,Male,41,1
MSME102995,407000.0,60,12.26,1442000.0,1.95,679,Retail Trade,474000.0,2,3.6,Emergency funds after delayed receivables from buyers,Gujarat,Male,1,1
MSME102996,739000.0,36,11.47,1351000.0,3.5,747,IT Services,1176000.0,0,4.9,Refinance existing high-interest debt and consolidate dues,Maharashtra,Female,9,0
MSME102997,998000.0,48,13.01,4176000.0,0.86,768,Manufacturing,1366000.0,0,7.0,Purchase of new machinery to expand production capacity,Uttar Pradesh,Male,33,0
MSME102998,936000.0,48,12.65,3004000.0,1.94,676,Food Processing,409000.0,2,6.3,Emergency funds after delayed receivables from buyers,Gujarat,Male,38,1
MSME102999,397000.0,60,11.9,632000.0,2.89,631,Retail Trade,222000.0,2,5.0,Expand textile weaving unit with additional looms,Maharashtra,Female,49,0
